Timestamp,Author,Description,URL,Hashtags,Likes,Comments,Shares,Is Ad,Scam Score,Risk Label,Scam Reasons,Bio,Bio Link,Total Followers,Total Likes,
2026-07-10 13:41:24,heather.eva,Replying to @Alpinezz_989 Audemars Piguet x swatch Royal pop watch ⏱️ to ⌚️ @royalconversion @Kaz Sawyer,https://www.tiktok.com/foryou,42.7K,2,Suspicious,Keyword: 'watch',,,,,,,,,
2026-07-10 15:46:05,g_tune_up,Unboxing New Casio watch G-SHOCK 2100 #gshock #luxury #casioak #ga2100mod #ga2100custom,https://www.tiktok.com/foryou,"#gshock, #luxury, #casioak, #ga2100mod, #ga2100custom",381,1,30,FALSE,7,Almost Certainly a Scam,"Keyword: 'luxury', Keyword: 'watch', Hashtag: '#luxury'","Custom G-Shock builds.
Unique color combos.",,308.1K,1.9M,
2026-07-10 15:46:30,mews,She got naked 😭 #challenge #girlfriend #fitcheck #prank #funny,https://www.tiktok.com/foryou,"#challenge, #girlfriend, #fitcheck, #prank, #funny",673.3K,4420,128.2K,FALSE,2,Suspicious,Keyword: 'ws',"Twitch - Mews
💌 Contact: Mews@ninefourent.com",https://www.tiktok.com/link/v2?aid=1988&lang=en&scene=bio_url&target=Instagram.com%2Fmewsttv,3.2M,146.3M,
2026-07-13 15:13:24,top.watches25,#watch #luxury #luxurylifestyle,https://www.tiktok.com/foryou,"#watch, #luxury, #luxurylifestyle",1566,16,68,FALSE,16,Probable Scam,"Keyword: 'luxury', Keyword: 'watch', Hashtag: '#watch', Hashtag: '#luxury', Phone number in bio","👇Topqualitywatches ⌚️ Contact👇
➕whats🅰️🅿️🅿️:+86 15920521268",,23.3K,276.2K,N/A
2026-07-13 17:25:36,gikpuycfi7w,#watch #watches #watchmegrow #watchmymagic #fyp,https://www.tiktok.com/foryou,"#watch, #watches, #watchmegrow, #watchmymagic, #fyp",455,15,33,FALSE,23,Probable Scam,"Keyword: 'watch', Hashtag: '#watch', Hashtag: '#watches', Phone number in bio","Top quality 1:1⌚️
👇Worldwide delivery 👇✈️
➕whats🅰️PP：+86 139 2954 3793
Click the link below to get the directory",https://www.tiktok.com/link/v2?aid=1988&lang=en&scene=bio_url&target=wa.me%2F8613929543793,17.8K,84K,N/A
2026-07-13 17:26:00,heyhayfosterr,,https://www.tiktok.com/foryou,N/A,527,3,22,FALSE,2,Suspicious,N/A,"ur fave pawg 😽

yes i have one ↓🙈

X: heyhayfosterr",,357.1K,5.4M,N/A
2026-07-13 17:28:32,g_tune_up,Unboxing New Casio watch G-SHOCK 2100 #gshock #luxury #casioak #ga2100mod #ga2100custom,https://www.tiktok.com/foryou,"#gshock, #luxury, #casioak, #ga2100mod, #ga2100custom",255,2,24,FALSE,7,Almost Certainly a Scam,"Keyword: 'luxury', Keyword: 'watch', Hashtag: '#luxury'","Custom G-Shock builds.
Unique color combos.",,308.4K,1.9M,N/A
2026-07-13 17:29:02,g_tune_up,Unboxing New Casio watch G-SHOCK 2100 #gshock #luxury #casioak #ga2100mod #ga2100custom,https://www.tiktok.com/foryou,"#gshock, #luxury, #casioak, #ga2100mod, #ga2100custom",231,2,9,FALSE,7,Almost Certainly a Scam,"Keyword: 'luxury', Keyword: 'watch', Hashtag: '#luxury'","Custom G-Shock builds.
Unique color combos.",,308.4K,1.9M,N/A
2026-07-13 17:29:28,heyhayfosterr,,https://www.tiktok.com/foryou,N/A,1794,11,139,FALSE,1,Low Risk,N/A,"ur fave pawg 😽

yes i have one ↓🙈

X: heyhayfosterr",,357.1K,5.4M,N/A
2026-07-13 17:29:54,luxunery.shop,Skeleton Blue Face 🔵💀 Full Automático ⚙️ Ordena el tuyo Envíos a nivel mundial 🌍 #relojes #watchesoftiktok #luxurycars #reloj #silver,https://www.tiktok.com/foryou,"#relojes, #watchesoftiktok, #luxurycars, #reloj, #silver",5914,35,300,FALSE,21,Almost Certainly a Scam,"Keyword: 'luxury', Keyword: 'watch', Keyword: 'shop', Hashtag: '#watch', Hashtag: '#watches', Hashtag: '#luxury', Phone number in bio",WhatsApp +573164476088 to order 🛍️ Luxury Watches Worldwide⌚ Dm to order 🌎,https://www.tiktok.com/link/v2?aid=1988&lang=en&scene=bio_url&target=luxuneryshop.com,34.4K,659.2K,N/A
2026-07-13 17:30:20,myamercds,,https://www.tiktok.com/foryou,N/A,204.2K,805,22.6K,FALSE,0,Clean,N/A,N/A,N/A,N/A,N/A,N/A
2026-07-13 17:30:41,omitsu_outdoorjapan,3 (9),https://www.tiktok.com/foryou,N/A,3634,30,811,FALSE,0,Clean,N/A,N/A,N/A,N/A,N/A,N/A
2026-07-13 22:36:59,g_tune_up,Unboxing New Casio watch G-SHOCK 2100 #gshock #luxury #casioak #ga2100mod #ga2100custom,https://www.tiktok.com/foryou,"#gshock, #luxury, #casioak, #ga2100mod, #ga2100custom",67,0,1,FALSE,8,Almost Certainly a Scam,"Keyword: 'luxury', Keyword: 'watch', Hashtag: '#luxury'","Custom G-Shock builds.
Unique color combos.",,308.4K,1.9M,N/A
2026-07-13 22:38:49,gikpuycfi7w,#watch #watches #watchmegrow #watchmymagic #fyp,https://www.tiktok.com/foryou,"#watch, #watches, #watchmegrow, #watchmymagic, #fyp",3141,120,284,FALSE,22,Probable Scam,"Keyword: 'watch', Hashtag: '#watch', Hashtag: '#watches', Phone number in bio","Top quality 1:1⌚️
👇Worldwide delivery 👇✈️
➕whats🅰️PP：+86 139 2954 3793
Click the link below to get the directory",https://www.tiktok.com/link/v2?aid=1988&lang=en&scene=bio_url&target=wa.me%2F8613929543793,17.9K,84.2K,N/A
2026-07-13 22:39:18,g_tune_up,Unboxing New Casio watch G-SHOCK 2100 #gshock #luxury #casioak #ga2100mod #ga2100custom,https://www.tiktok.com/foryou,"#gshock, #luxury, #casioak, #ga2100mod, #ga2100custom",929,2,69,FALSE,7,Almost Certainly a Scam,"Keyword: 'luxury', Keyword: 'watch', Hashtag: '#luxury'","Custom G-Shock builds.
Unique color combos.",,308.4K,1.9M,N/A
2026-07-13 22:40:39,dailydeluxe.official,"The @Jacob & Co. Epic X Chrono 44mm Tri-Compax combines a full white ceramic case and bracelet with a striking translucent green dial, creating a look that’s both futuristic and unmistakably bold. Beneath the sculptural X-shaped architecture beats the automatic JCAA12 column-wheel chronograph, delivering precision with a 48-hour power reserve. The 44mm case is water-resistant to 200 meters, making it as capable as it is eye-catching.",https://www.tiktok.com/foryou,N/A,34.7K,207,1762,FALSE,0,Clean,N/A,N/A,N/A,N/A,N/A,N/A
2026-07-13 22:41:03,richard_vision,men's ego ☠️ #FYP #ForYou #ForYouPage #Viral #Trending,https://www.tiktok.com/foryou,"#FYP, #ForYou, #ForYouPage, #Viral, #Trending",4713,53,102,FALSE,0,Clean,N/A,N/A,N/A,N/A,N/A,N/A
2026-07-13 22:41:32,okkwatches10,#watch #watchformen #luxury #fyp #watches,https://www.tiktok.com/foryou,"#watch, #watchformen, #luxury, #fyp, #watches",36,1,2,FALSE,14,Almost Certainly a Scam,"Keyword: 'luxury', Keyword: 'watch', Hashtag: '#watch', Hashtag: '#watches', Hashtag: '#luxury', Phone number in bio","Worldwide air shipping available✈️
Contact customer service
⬇️⬇️⬇️
Whats🅰️🅿️🅿️：+ 86 15118882889",,181,870,N/A
2026-07-13 22:41:59,yasmindixx_,,https://www.tiktok.com/foryou,N/A,310.3K,2158,28.2K,FALSE,0,Clean,N/A,N/A,N/A,N/A,N/A,N/A
2026-07-13 22:42:21,user9294661704139,Eres bien perro. 😂 #Broma #troll #payasos #chilinypikin #lospayasostiktokers,https://www.tiktok.com/foryou,"#Broma, #troll, #payasos, #chilinypikin, #lospayasostiktokers",449.6K,2706,31.8K,FALSE,0,Clean,N/A,N/A,N/A,N/A,N/A,N/A
2026-07-14 14:31:38,okkwatches10,#watch #watchformen #luxury #fyp #watches,https://www.tiktok.com/foryou,"#watch, #watchformen, #luxury, #fyp, #watches",435,6,42,FALSE,13,Almost Certainly a Scam,"Keyword: 'luxury', Keyword: 'watch', Hashtag: '#watch', Hashtag: '#watches', Hashtag: '#luxury', Phone number in bio","Worldwide air shipping available✈️
Contact customer service
⬇️⬇️⬇️
Whats🅰️🅿️🅿️：+ 86 15118882889",,497,2012,N/A
2026-07-14 14:31:59,zinniaanimation,practice makes perfect..! #zinniaanimation #funnyanimation #2danimations #funnyvideos #foryou,https://www.tiktok.com/foryou,"#zinniaanimation, #funnyanimation, #2danimations, #funnyvideos, #foryou",256.4K,2346,66.3K,FALSE,0,Clean,N/A,N/A,N/A,N/A,N/A,N/A
2026-07-14 14:32:14,arlene1ee,making tiktoks with my BIOLOGICAL brother is so fun,https://www.tiktok.com/foryou,#foryou,201K,1994,2746,FALSE,0,Clean,N/A,N/A,N/A,N/A,N/A,N/A
2026-07-14 15:50:10,top.watches25,#watch #luxury #luxurylifestyle,https://www.tiktok.com/foryou,"#watch, #luxury, #luxurylifestyle",1750,16,72,FALSE,16,Probable Scam,"Keyword: 'luxury', Keyword: 'watch', Hashtag: '#watch', Hashtag: '#luxury', Phone number in bio","👇Topqualitywatches ⌚️ Contact👇
➕whats🅰️🅿️🅿️:+86 15920521268",,23.5K,274.8K,N/A
2026-07-14 15:50:32,richard_vision,Power of Money 💸 #Money #MoneyTok #MoneyTalks #FYP #ForYou,https://www.tiktok.com/foryou,"#Money, #MoneyTok, #MoneyTalks, #FYP, #ForYou",995,20,26,FALSE,1,Low Risk,N/A,Bio,,210.5K,17.1M,N/A
2026-07-14 15:50:51,g_tune_up,Unboxing New Casio watch G-SHOCK 2100 And install 2 mods #gshock #luxury #casioak #ga2100mod #ga2100custom,https://www.tiktok.com/foryou,"#gshock, #luxury, #casioak, #ga2100mod",407,4,31,FALSE,7,Almost Certainly a Scam,"Keyword: 'luxury', Keyword: 'watch', Hashtag: '#luxury'","Custom G-Shock builds.
Unique color combos.",,308.4K,1.9M,N/A
2026-07-14 15:51:12,ap.films1,"When you make horror movies you gotta go big and bloody, and sometimes you get some splash back 😆Our viral BTS video from the set of #SlashloretteParty when we used our “blood canon” 🔪🔪Watch for free on Tubi!... #indiehorror #indiehorrorfilm #onset #horrormovie",https://www.tiktok.com/foryou,"#gshock, #luxury, #casioak, #ga2100mod, #ga2100custom, #SlashloretteParty, #indiehorror, #indiehorrorfilm, #onset, #horrormovie",1.7M,4508,74K,FALSE,5,Suspicious,"Keyword: 'watch', Hashtag: '#luxury'",No bio yet.,https://www.tiktok.com/link/v2?aid=1988&lang=en&scene=bio_url&target=https%3A%2F%2Fwww.instagram.com%2Fa_p_films__,63K,1.7M,N/A
2026-07-14 15:51:34,wombwise3,Medical 3D visualization for anatomy education.” Educational medical 3D animation For learning purposes only Non-graphic • Not real footage #medicaleducation #3danimation #anatomylearning #sciencevisuals #healthknowledge,https://www.tiktok.com/foryou,"#indiehorror, #indiehorrorfilm, #onset, #horrormovie",19K,166,8222,FALSE,0,Clean,N/A,N/A,N/A,N/A,N/A,N/A
2026-07-14 15:59:07,g_tune_up,Unboxing New Casio watch G-SHOCK 2100 And install metal mod #gshock #luxury #casioak #ga2100mod #ga2100custom,https://www.tiktok.com/foryou,"#gshock, #luxury, #casioak, #ga2100mod",147,1,12,FALSE,7,Almost Certainly a Scam,"Keyword: 'luxury', Keyword: 'watch', Hashtag: '#luxury'","Custom G-Shock builds.
Unique color combos.",,308.4K,1.9M,N/A
2026-07-14 15:59:28,top.watches25,#watch #luxury #luxurylifestyle,https://www.tiktok.com/foryou,"#watch, #luxury, #luxurylifestyle",1376,31,69,FALSE,16,Probable Scam,"Keyword: 'luxury', Keyword: 'watch', Hashtag: '#watch', Hashtag: '#luxury', Phone number in bio","👇Topqualitywatches ⌚️ Contact👇
➕whats🅰️🅿️🅿️:+86 15920521268",,23.5K,274.8K,N/A
2026-07-14 16:02:13,linbandongho,Đẹp mê @Thùy Linh Watch #donghonam #donghodep #donghothoitrang #donghodeotay #dongho,https://www.tiktok.com/foryou,"#donghonam, #donghodep, #donghothoitrang, #donghodeotay, #dongho",757,26,64,FALSE,9,Suspicious,"Keyword: 'watch', Phone number in bio","@Thùy Linh Watch
Mang đến sản p.hẩm tốt
Za lô : 📞 0.8.1.8.1.5.7.5.6.7",https://www.tiktok.com/link/v2?aid=1988&lang=en&scene=bio_url&target=https%3A%2F%2Fzalo.me%2Fg%2Flznpqx968,10.9K,77.6K,N/A
2026-07-14 16:02:33,stormigee,Not all hero’s wear capes,https://www.tiktok.com/foryou,N/A,432.3K,697,12.8K,FALSE,0,Clean,N/A,N/A,N/A,N/A,N/A,N/A
2026-07-14 16:02:49,qulaqqap_qulaqta,цена:5.990тг Алматы📍 и есть доставка по всему КЗ для оформления заказа писать в директ #fyp #часы #алматы,https://www.tiktok.com/foryou,"#fyp, #часы, #алматы",3085,41,233,FALSE,0,Clean,N/A,N/A,N/A,N/A,N/A,N/A
2026-07-14 16:03:04,starry0248,#kindness #humanitv #wholesome #socialexperiment #respect,https://www.tiktok.com/foryou,"#kindness, #humanitv, #wholesome, #socialexperiment, #respect",6.1M,82.1K,199.3K,FALSE,0,Clean,N/A,N/A,N/A,N/A,N/A,N/A
2026-07-14 16:03:19,asmaji52,#fyp #viral #foruyou #forupage #creatorsearchinginsight,https://www.tiktok.com/foryou,"#fyp, #viral, #foruyou, #forupage, #creatorsearchinginsight",12.7K,54,134,FALSE,0,Clean,N/A,N/A,N/A,N/A,N/A,N/A
2026-07-14 16:03:59,gikpuycfi7w,#watch #watches #watchmegrow #watchmymagic #fyp,https://www.tiktok.com/foryou,"#watch, #watches, #watchmegrow, #watchmymagic, #fyp",630,22,59,FALSE,23,Probable Scam,"Keyword: 'watch', Hashtag: '#watch', Hashtag: '#watches', Phone number in bio","Top quality 1:1⌚️
👇Worldwide delivery 👇✈️
➕whats🅰️PP：+86 139 2954 3793
Click the link below to get the directory",https://www.tiktok.com/link/v2?aid=1988&lang=en&scene=bio_url&target=wa.me%2F8613929543793,18K,84.7K,N/A
2026-07-14 16:04:19,godown272,Hate Each Other in Public. Fake It in Front of Friends. Fall in Love When No One's Watching #AnyoneButYou #tiktok #fyp #trending,https://www.tiktok.com/foryou,"#AnyoneButYou, #tiktok, #fyp, #trending",153.7K,132,2278,FALSE,2,Suspicious,Keyword: 'watch',No bio yet.,,73.5K,5.9M,N/A
2026-07-14 16:04:39,2025_model_saatla,,https://www.tiktok.com/foryou,"#AnyoneButYou, #tiktok, #fyp, #trending",2631,107,193,FALSE,0,Clean,N/A,N/A,N/A,N/A,N/A,N/A
2026-07-14 16:04:54,husna0.05,🫣🤍🔥 #Love #familylove #foryou #tending #video,https://www.tiktok.com/foryou,"#Love, #familylove, #foryou, #tending, #video",162.4K,3667,14.3K,FALSE,0,Clean,N/A,N/A,N/A,N/A,N/A,N/A
2026-07-14 16:05:09,mdtcjewelry,"3mm Natural Emerald Tennis Bracelet crafted by XILING FENG ,The Master Craftsman of MDTC Jewelry",https://www.tiktok.com/foryou,N/A,2212,32,119,FALSE,0,Clean,N/A,N/A,N/A,N/A,N/A,N/A
2026-07-14 16:05:27,gikpuycfi7w,#watch #watches #watchmegrow #watchmymagic #fyp,https://www.tiktok.com/foryou,"#watch, #watches, #watchmegrow, #watchmymagic, #fyp",1108,41,88,FALSE,22,Probable Scam,"Keyword: 'watch', Hashtag: '#watch', Hashtag: '#watches', Phone number in bio","Top quality 1:1⌚️
👇Worldwide delivery 👇✈️
➕whats🅰️PP：+86 139 2954 3793
Click the link below to get the directory",https://www.tiktok.com/link/v2?aid=1988&lang=en&scene=bio_url&target=wa.me%2F8613929543793,18K,84.7K,N/A
2026-07-14 16:05:47,lookaaamovie66,#movie #tiktok #foryou,https://www.tiktok.com/foryou,"#movie, #tiktok, #foryou",25.4K,156,626,FALSE,0,Clean,N/A,N/A,N/A,N/A,N/A,N/A
2026-07-14 16:06:03,okkwatches10,#watch #watchformen #luxury #fyp #watchmegrow,https://www.tiktok.com/foryou,"#watch, #watchformen, #luxury, #fyp, #watchmegrow",42,0,2,FALSE,13,Almost Certainly a Scam,"Keyword: 'luxury', Keyword: 'watch', Hashtag: '#watch', Hashtag: '#luxury', Phone number in bio","Worldwide air shipping available✈️
Contact customer service
⬇️⬇️⬇️
Whats🅰️🅿️🅿️：+ 86 15118882889",,555,2207,N/A
2026-07-14 16:06:24,ykomcy14721,Konicdisi Terkini mushola PONPES AI Khoziny Sidoarjo ambruksaat salat ashar #jtvjember #evakuasi #sidoarjo #fyp,https://www.tiktok.com/foryou,"#jtvjember, #evakuasi, #sidoarjo, #fyp",541.4K,1468,99K,FALSE,0,Clean,N/A,N/A,N/A,N/A,N/A,N/A
2026-07-14 16:06:39,umgestodeamoroficial,Será que estamos chorando por esses também? #foryou #AMOR #fy,https://www.tiktok.com/foryou,"#foryou, #AMOR, #fy",207.8K,13.1K,6559,FALSE,0,Clean,N/A,N/A,N/A,N/A,N/A,N/A
2026-07-14 16:07:16,g_tune_up,Unboxing New Casio watch G-SHOCK 2100 And install 2 mods #gshock #luxury #casioak #ga2100mod #ga2100custom,https://www.tiktok.com/foryou,"#gshock, #luxury, #casioak, #ga2100mod",176,1,14,FALSE,7,Almost Certainly a Scam,"Keyword: 'luxury', Keyword: 'watch', Hashtag: '#luxury'","Custom G-Shock builds.
Unique color combos.",,308.4K,1.9M,N/A
2026-07-14 16:07:37,ashcavdnbkv,#foryou #foryoupage #unfreezemyaccount #creatorsearchinsights #movieclips🎬,https://www.tiktok.com/foryou,"#gshock, #luxury, #casioak, #ga2100mod, #ga2100custom, #foryou, #foryoupage, #unfreezemyaccount, #creatorsearchinsights, #movieclips🎬",28.5K,433,686,FALSE,1,Low Risk,Hashtag: '#luxury',No bio yet.,,60.2K,844.1K,N/A
2026-07-14 16:07:56,manlikenabs,Be kind to others 💔😭 #fyp #foryourpage #viral,https://www.tiktok.com/foryou,"#fyp, #foryourpage, #viral",561.6K,4447,7080,FALSE,0,Clean,N/A,N/A,N/A,N/A,N/A,N/A
2026-07-14 16:08:16,stylishwatche48,#jamalsaid2023,https://www.tiktok.com/foryou,#jamalsaid2023,6985,167,582,FALSE,2,Suspicious,Keyword: 'watch',No bio yet.,,7796,61.7K,N/A
2026-07-14 16:08:35,funny_pets989,🐾 The Funniest Dog vs Baby Showdown Ever!🐶👶….😝😝😝🤣🤣🤣😂😂😂😄😄😄……. #funnydog #fyp #funnybabyvideos #funnyanimals #tiktokgrowthchallenge,https://www.tiktok.com/foryou,"#funnydog, #fyp, #funnybabyvideos, #funnyanimals",2.3M,26K,209.6K,FALSE,0,Clean,N/A,N/A,N/A,N/A,N/A,N/A
2026-07-14 16:09:06,okkwatches10,#watch #watchformen #luxury #fyp #watches,https://www.tiktok.com/foryou,"#watch, #watchformen, #luxury, #fyp, #watches",1070,27,71,FALSE,11,Almost Certainly a Scam,"Keyword: 'luxury', Keyword: 'watch', Hashtag: '#watch', Hashtag: '#watches', Hashtag: '#luxury', Phone number in bio","Worldwide air shipping available✈️
Contact customer service
⬇️⬇️⬇️
Whats🅰️🅿️🅿️：+ 86 15118882889",,559,2216,N/A
2026-07-14 16:09:29,iqrashahzadi0588,#emotional #viralvideo #trendingvideo #foryoupage #goviral,https://www.tiktok.com/foryou,"#emotional, #viralvideo, #trendingvideo, #foryoupage, #goviral",27.7K,309,511,FALSE,0,Clean,N/A,N/A,N/A,N/A,N/A,N/A
2026-07-14 16:09:44,viator3006,#watch #watchesformen #watchcollector #lucury #watches,https://www.tiktok.com/foryou,"#watch, #watchesformen, #watchcollector, #lucury, #watches",1930,68,100,FALSE,8,Probable Scam,"Keyword: 'watch', Hashtag: '#watch', Hashtag: '#watches', Phone number in bio","👇👇👇How to buy👇👇👇
✈️Ship worldwide 🌎
Whats🅰️🅿️🅿️: +86 15820624450",,27.1K,148.1K,N/A
2026-07-14 16:10:05,agt,Akira leaves little to the imagination. 🫣 #AGT Tues 8/7c | NBC and next day on Peacock,https://www.tiktok.com/foryou,#AGT,3.2M,23.1K,730.7K,FALSE,0,Clean,N/A,N/A,N/A,N/A,N/A,N/A
2026-07-14 16:10:21,dongbin85,#kindness #humanitv #wholesome #socialexperiment #respect,https://www.tiktok.com/foryou,"#kindness, #humanitv, #wholesome, #socialexperiment, #respect",224.9K,4447,4529,FALSE,0,Clean,N/A,N/A,N/A,N/A,N/A,N/A
2026-07-14 16:11:46,okkwatches10,#watch #watchformen #luxury #fyp #watchmymagic,https://www.tiktok.com/foryou,"#watch, #watchformen, #luxury, #fyp, #watchmymagic",45,0,3,FALSE,13,Almost Certainly a Scam,"Keyword: 'luxury', Keyword: 'watch', Hashtag: '#watch', Hashtag: '#luxury', Phone number in bio","Worldwide air shipping available✈️
Contact customer service
⬇️⬇️⬇️
Whats🅰️🅿️🅿️：+ 86 15118882889",,560,2220,N/A
2026-07-14 16:12:06,user38817478055384,Kindness isn’t dead. Would you step up and help? ❤️ #SpreadKindness #GoodPeopleExist #Courage #HumanityRestored #fyp,https://www.tiktok.com/foryou,"#SpreadKindness, #GoodPeopleExist, #Courage, #HumanityRestored, #fyp",34.3K,878,2878,FALSE,0,Clean,N/A,N/A,N/A,N/A,N/A,N/A
2026-07-14 16:12:30,gikpuycfi7w,#watch #watches #watchmegrow #watchmymagic #fyp,https://www.tiktok.com/foryou,"#watch, #watches, #watchmegrow, #watchmymagic, #fyp",3570,186,319,FALSE,22,Probable Scam,"Keyword: 'watch', Hashtag: '#watch', Hashtag: '#watches', Phone number in bio","Top quality 1:1⌚️
👇Worldwide delivery 👇✈️
➕whats🅰️PP：+86 139 2954 3793
Click the link below to get the directory",https://www.tiktok.com/link/v2?aid=1988&lang=en&scene=bio_url&target=wa.me%2F8613929543793,18K,84.7K,N/A
2026-07-14 16:12:51,yueyuebao22,#fyp,https://www.tiktok.com/foryou,#fyp,28.8K,198,4861,FALSE,0,Clean,N/A,N/A,N/A,N/A,N/A,N/A
2026-07-14 16:14:16,valerppp6s1,#watch #watches #watchmymaigic #fyp,https://www.tiktok.com/foryou,"#watch, #watches, #watchmymaigic, #fyp",646,22,36,FALSE,15,Probable Scam,"Keyword: 'watch', Hashtag: '#watch', Hashtag: '#watches', Phone number in bio","Top quality 1:1⌚️
👇Worldwide delivery 👇✈️
👇Order👇
➕whats🅰️PP：+86 139 2954 3793",https://www.tiktok.com/link/v2?aid=1988&lang=en&scene=bio_url&target=https%3A%2F%2Ftr.ee%2Fuhg3GCni-P,6668,32.7K,N/A
2026-07-14 16:14:36,yueyuebao22,Konicdisi Terkini mushola PONPES AI Khoziny Sidoarjo ambruksaat salat ashar #jtvjember #evakuasi #sidoarjo #fyp,https://www.tiktok.com/foryou,"#jtvjember, #evakuasi, #sidoarjo, #fyp",165.8K,473,12K,FALSE,0,Clean,N/A,N/A,N/A,N/A,N/A,N/A
2026-07-14 16:14:52,corazondegerrera1985021,#CapCut,https://www.tiktok.com/foryou,#CapCut,17.7K,797,3612,FALSE,0,Clean,N/A,N/A,N/A,N/A,N/A,N/A
2026-07-14 16:15:07,gikpuycfi7w,#watch #watches #watchmegrow #watchmymagic #fyp,https://www.tiktok.com/foryou,"#watch, #watches, #watchmegrow, #watchmymagic, #fyp",9502,444,724,FALSE,22,Probable Scam,"Keyword: 'watch', Hashtag: '#watch', Hashtag: '#watches', Phone number in bio","Top quality 1:1⌚️
👇Worldwide delivery 👇✈️
➕whats🅰️PP：+86 139 2954 3793
Click the link below to get the directory",https://www.tiktok.com/link/v2?aid=1988&lang=en&scene=bio_url&target=wa.me%2F8613929543793,18K,84.7K,N/A
2026-07-14 16:16:45,okkwatches10,#watch #watchformen #luxury #fyp #watches,https://www.tiktok.com/foryou,"#watch, #watchformen, #luxury, #fyp, #watches",48,1,2,FALSE,14,Almost Certainly a Scam,"Keyword: 'luxury', Keyword: 'watch', Hashtag: '#watch', Hashtag: '#watches', Hashtag: '#luxury', Phone number in bio","Worldwide air shipping available✈️
Contact customer service
⬇️⬇️⬇️
Whats🅰️🅿️🅿️：+ 86 15118882889",,562,2229,N/A
2026-07-14 16:17:06,arleypranks,The funny shoe🤣,https://www.tiktok.com/foryou,N/A,20.8K,272,366,FALSE,0,Clean,N/A,N/A,N/A,N/A,N/A,N/A
2026-07-14 16:17:21,okkwatches10,#watch #watchformen #luxury #fyp #watchmymagic,https://www.tiktok.com/foryou,"#watch, #watchformen, #luxury, #fyp, #watchmymagic",27,3,Share,FALSE,13,Almost Certainly a Scam,"Keyword: 'luxury', Keyword: 'watch', Hashtag: '#watch', Hashtag: '#luxury', Phone number in bio","Worldwide air shipping available✈️
Contact customer service
⬇️⬇️⬇️
Whats🅰️🅿️🅿️：+ 86 15118882889",,562,2229,N/A
2026-07-14 16:17:42,funnypet665,#fyp,https://www.tiktok.com/foryou,#fyp,115.6K,1503,16.4K,FALSE,0,Clean,N/A,N/A,N/A,N/A,N/A,N/A
2026-07-14 16:17:57,3.6junior_,Nd I want that quick reply like when I said here🤣 #fyp #xyzbca #paratii #viral,https://www.tiktok.com/foryou,"#fyp, #xyzbca, #paratii, #viral",337.5K,1081,16.5K,FALSE,0,Clean,N/A,N/A,N/A,N/A,N/A,N/A
2026-07-14 16:19:22,cbwyhltpz2p,#watch #watches #watchmymagic #watchmegrow #fyp,https://www.tiktok.com/foryou,"#watch, #watches, #watchmymagic, #watchmegrow, #fyp",62,0,2,FALSE,15,Almost Certainly a Scam,"Keyword: 'watch', Hashtag: '#watch', Hashtag: '#watches', Phone number in bio","Top quality 1:1⌚️
👇Worldwide delivery 👇✈️
👇Order👇
➕whats🅰️PP：+86 139 2954 3793",,783,5406,N/A
2026-07-14 16:19:42,movie.screen786,UK #London #BritishCelebrities #RoyalFamily #PrinceHarry #MeghanMarkle,https://www.tiktok.com/foryou,"#London, #BritishCelebrities, #RoyalFamily, #PrinceHarry, #MeghanMarkle",22.3K,225,314,FALSE,0,Clean,N/A,N/A,N/A,N/A,N/A,N/A
2026-07-14 16:19:57,mialiliaa,Ibizaa mit meiner Chaya🕺,https://www.tiktok.com/foryou,N/A,9779,43,329,FALSE,0,Clean,N/A,N/A,N/A,N/A,N/A,N/A
2026-07-14 16:20:13,stylishwatche48,#jamalsaid2023,https://www.tiktok.com/foryou,#jamalsaid2023,1692,31,65,FALSE,2,Suspicious,Keyword: 'watch',No bio yet.,,7798,61.7K,N/A
2026-07-14 16:20:32,sajjipqngxc,#fyp #fypシ #foryoupage #viral #creatorsearchinsights,https://www.tiktok.com/foryou,"#fyp, #fypシ, #foryoupage, #viral, #creatorsearchinsights",8883,167,177,FALSE,0,Clean,N/A,N/A,N/A,N/A,N/A,N/A
2026-07-14 16:21:55,nghiendongho6868,Màu đỏ tươi đẹp mà lạ mắt quá 😍 Có anh em nào ưng mẫu nayg không #dongho #donghodep #donghothoitrang #nghiendongho,https://www.tiktok.com/foryou,"#dongho, #donghodep, #donghothoitrang, #nghiendongho",12.9K,233,613,FALSE,0,Clean,N/A,N/A,N/A,N/A,N/A,N/A
2026-07-14 16:22:11,ridgoqmju1c,#fyp #fypシ #foryoupage #viral #creatorsearchinsights,https://www.tiktok.com/foryou,"#fyp, #fypシ, #foryoupage, #viral, #creatorsearchinsights",50.3K,1092,851,FALSE,0,Clean,N/A,N/A,N/A,N/A,N/A,N/A
2026-07-14 16:22:26,noa_manzanares,I ❤️ Italia 🇮🇹 #italia #viaje #bestfriend #foruyou #italy @Ainaraa,https://www.tiktok.com/foryou,"#italia, #viaje, #bestfriend, #foruyou, #italy",24.5K,86,3854,FALSE,0,Clean,N/A,N/A,N/A,N/A,N/A,N/A
2026-07-14 16:22:50,vswatches3gogo,#watches #luxury #rolex,https://www.tiktok.com/foryou,"#watches, #luxury, #rolex",121,2,1,FALSE,22,Almost Certainly a Scam,"Keyword: 'luxury', Keyword: 'rolex', Keyword: 'watch', Hashtag: '#watch', Hashtag: '#watches', Hashtag: '#luxury', Phone number in bio","Top quality 1:1 watches ⌚️
👇Order👇
Whats🅰️🅿️🅿️➕86-19986117728",,870,5576,N/A
2026-07-14 16:24:45,viator3006,#watch #watchesformen #watchcollector #watches #lucury,https://www.tiktok.com/foryou,"#watch, #watchesformen, #watchcollector, #watches, #lucury",26.4K,677,2507,FALSE,8,Probable Scam,"Keyword: 'watch', Hashtag: '#watch', Hashtag: '#watches', Phone number in bio","👇👇👇How to buy👇👇👇
✈️Ship worldwide 🌎
Whats🅰️🅿️🅿️: +86 15820624450",,27.1K,148.1K,N/A
2026-07-14 16:25:05,thetimchao,,https://www.tiktok.com/foryou,N/A,472.2K,895,17K,FALSE,0,Clean,N/A,N/A,N/A,N/A,N/A,N/A
2026-07-14 16:25:20,modthatwatch,Blacked Out 🖤🖤 #casioak #customgshock #casioakmod #ga2100 #Casioak,https://www.tiktok.com/foryou,"#casioak, #customgshock, #casioakmod, #ga2100, #Casioak",663,24,74,FALSE,9,Suspicious,Keyword: 'watch',"Custom Watches & Mod Kits ⌚️
Worldwide Shipping 🌍
Shop Via Website ⬇️",https://www.tiktok.com/link/v2?aid=1988&lang=en&scene=bio_url&target=www.modthatwatch.co.uk,2466,121K,N/A
2026-07-14 16:25:41,sheyli477,#cantares #viralvideos #videoscristianos #parati,https://www.tiktok.com/foryou,"#cantares, #viralvideos, #videoscristianos, #parati",33.9K,1473,9176,FALSE,0,Clean,N/A,N/A,N/A,N/A,N/A,N/A
2026-07-14 16:25:56,olki255,Respect and understanding. #kindness #bekind #respect #hopecore #usaus,https://www.tiktok.com/foryou,"#kindness, #bekind, #respect, #hopecore, #usaus",202K,1478,2144,FALSE,0,Clean,N/A,N/A,N/A,N/A,N/A,N/A
2026-07-14 16:27:22,cbwyhltpz2p,#watch #watches #watchmymagic #watchmegrow #fyp,https://www.tiktok.com/foryou,"#watch, #watches, #watchmymagic, #watchmegrow, #fyp",376,37,48,FALSE,13,Probable Scam,"Keyword: 'watch', Hashtag: '#watch', Hashtag: '#watches', Phone number in bio","Top quality 1:1⌚️
👇Worldwide delivery 👇✈️
👇Order👇
➕whats🅰️PP：+86 139 2954 3793",,783,5408,N/A
2026-07-14 16:27:43,.xlucero,#viral #fypシ゚ #famosa #paratiiiiiiiiiiiiiiiiii #videoviral,https://www.tiktok.com/foryou,"#viral, #fypシ゚, #famosa, #paratiiiiiiiiiiiiiiiiii, #videoviral",19.9K,2037,1136,FALSE,0,Clean,N/A,N/A,N/A,N/A,N/A,N/A
2026-07-14 16:27:58,janessaraae,come here baby girl #fyp #g80m3 #m3,https://www.tiktok.com/foryou,"#fyp, #g80m3, #m3",30.6K,44,4113,FALSE,0,Clean,N/A,N/A,N/A,N/A,N/A,N/A
2026-07-14 16:28:13,valerppp6s1,#watch #watches #watchmymaigic #watchmegrow #fyp,https://www.tiktok.com/foryou,"#watch, #watches, #watchmymaigic, #watchmegrow, #fyp",116,5,6,FALSE,16,Probable Scam,"Keyword: 'watch', Hashtag: '#watch', Hashtag: '#watches', Phone number in bio","Top quality 1:1⌚️
👇Worldwide delivery 👇✈️
👇Order👇
➕whats🅰️PP：+86 139 2954 3793",https://www.tiktok.com/link/v2?aid=1988&lang=en&scene=bio_url&target=https%3A%2F%2Ftr.ee%2Fuhg3GCni-P,6669,32.8K,N/A
2026-07-14 16:28:33,murtazaedit14,Love 🥹❤️‍🩹 #lovestory #lovefimly #fyp #foryoupage #tranding,https://www.tiktok.com/foryou,"#lovestory, #lovefimly, #fyp, #foryoupage, #tranding",161.9K,2329,10.6K,FALSE,0,Clean,N/A,N/A,N/A,N/A,N/A,N/A
2026-07-14 16:29:58,viator3006,#watch #watchesformen #watchcollector #lucury #watches,https://www.tiktok.com/foryou,"#watch, #watchesformen, #watchcollector, #lucury, #watches",789,51,33,FALSE,9,Probable Scam,"Keyword: 'watch', Hashtag: '#watch', Hashtag: '#watches', Phone number in bio","👇👇👇How to buy👇👇👇
✈️Ship worldwide 🌎
Whats🅰️🅿️🅿️: +86 15820624450",,27.1K,148.1K,N/A
2026-07-14 16:30:18,usernameyogg,Every street is a whole workout🥵 #italy #vernezza #traveltok,https://www.tiktok.com/foryou,"#italy, #vernezza, #traveltok",252.1K,875,31.9K,FALSE,0,Clean,N/A,N/A,N/A,N/A,N/A,N/A
2026-07-14 16:30:33,okkwatches10,#watch #watchformen #luxury #fyp #watchmegrow,https://www.tiktok.com/foryou,"#watch, #watchformen, #luxury, #fyp, #watchmegrow",91,4,3,FALSE,13,Almost Certainly a Scam,"Keyword: 'luxury', Keyword: 'watch', Hashtag: '#watch', Hashtag: '#luxury', Phone number in bio","Worldwide air shipping available✈️
Contact customer service
⬇️⬇️⬇️
Whats🅰️🅿️🅿️：+ 86 15118882889",,567,2248,N/A
2026-07-14 16:30:54,chirila004es,,https://www.tiktok.com/foryou,N/A,3380,137,190,FALSE,0,Clean,N/A,N/A,N/A,N/A,N/A,N/A
2026-07-14 16:31:09,mialiliaa,In Ibiza geht’s nicht anders…😭 Twitch: mialiliaa,https://www.tiktok.com/foryou,N/A,6630,37,95,FALSE,0,Clean,N/A,N/A,N/A,N/A,N/A,N/A
2026-07-14 16:32:33,cbwyhltpz2p,#watch #watches #watchmymagic #watchmegrow #fyp,https://www.tiktok.com/foryou,"#watch, #watches, #watchmymagic, #watchmegrow, #fyp",100,2,6,FALSE,14,Probable Scam,"Keyword: 'watch', Hashtag: '#watch', Hashtag: '#watches', Phone number in bio","Top quality 1:1⌚️
👇Worldwide delivery 👇✈️
👇Order👇
➕whats🅰️PP：+86 139 2954 3793",,783,5408,N/A
2026-07-14 16:32:53,nelly7yllen,,https://www.tiktok.com/foryou,N/A,3370,0,769,FALSE,1,Low Risk,N/A,🖇️📈,,415,4147,N/A
2026-07-14 16:33:12,prank.funny123,#fyp,https://www.tiktok.com/foryou,#fyp,75.1K,807,6760,FALSE,0,Clean,N/A,N/A,N/A,N/A,N/A,N/A
2026-07-14 16:33:27,valerppp6s1,#watch #watches #watchmymaigic #watchmegrow #fyp,https://www.tiktok.com/foryou,"#watch, #watches, #watchmymaigic, #watchmegrow, #fyp",405,10,39,FALSE,16,Probable Scam,"Keyword: 'watch', Hashtag: '#watch', Hashtag: '#watches', Phone number in bio","Top quality 1:1⌚️
👇Worldwide delivery 👇✈️
👇Order👇
➕whats🅰️PP：+86 139 2954 3793",https://www.tiktok.com/link/v2?aid=1988&lang=en&scene=bio_url&target=https%3A%2F%2Ftr.ee%2Fuhg3GCni-P,6670,32.8K,N/A
2026-07-14 16:33:48,chiquillapaniagua6,Una linda tarde,https://www.tiktok.com/foryou,N/A,1144,543,162,FALSE,0,Clean,N/A,N/A,N/A,N/A,N/A,N/A
2026-07-14 16:35:14,luxunery.shop,Skeleton War Machine ⚙️💀 Full Automático ⚙️ Movimiento japonés 🇯🇵 Dm to order 🛍️ #silversurfer #marvel #watchesoftiktok #reloj #plata,https://www.tiktok.com/foryou,"#silversurfer, #marvel, #watchesoftiktok, #reloj, #plata",3130,32,183,FALSE,20,Almost Certainly a Scam,"Keyword: 'watch', Keyword: 'dm', Keyword: 'shop', Hashtag: '#watch', Hashtag: '#watches', Phone number in bio",WhatsApp +573164476088 to order 🛍️ Luxury Watches Worldwide⌚ Dm to order 🌎,https://www.tiktok.com/link/v2?aid=1988&lang=en&scene=bio_url&target=luxuneryshop.com,34.8K,674.5K,N/A
2026-07-14 16:35:35,zuza.ae,No one comes between us and Google maps #rome #italy #tourist,https://www.tiktok.com/foryou,"#rome, #italy, #tourist",8714,39,969,FALSE,0,Clean,N/A,N/A,N/A,N/A,N/A,N/A
2026-07-14 16:35:50,junaidedit1,#love #Lovestory #storytime #tranding #1millionaudition,https://www.tiktok.com/foryou,"#love, #Lovestory, #storytime, #tranding, #1millionaudition",360.8K,3726,23K,FALSE,0,Clean,N/A,N/A,N/A,N/A,N/A,N/A
2026-07-14 16:36:05,cbwyhltpz2p,#watch #watches #watchmymagic #watchmegrow #fyp,https://www.tiktok.com/foryou,"#watch, #watches, #watchmymagic, #watchmegrow, #fyp",47,2,2,FALSE,15,Almost Certainly a Scam,"Keyword: 'watch', Hashtag: '#watch', Hashtag: '#watches', Phone number in bio","Top quality 1:1⌚️
👇Worldwide delivery 👇✈️
👇Order👇
➕whats🅰️PP：+86 139 2954 3793",,783,5409,N/A
2026-07-14 16:37:45,vswatches3gogo,#watches #rolex #luxury #submarine #daytona,https://www.tiktok.com/foryou,"#watches, #rolex, #luxury, #submarine, #daytona",128,9,8,FALSE,21,Almost Certainly a Scam,"Keyword: 'luxury', Keyword: 'rolex', Keyword: 'watch', Hashtag: '#watch', Hashtag: '#watches', Hashtag: '#luxury', Phone number in bio","Top quality 1:1 watches ⌚️
👇Order👇
Whats🅰️🅿️🅿️➕86-19986117728",,872,5588,N/A
2026-07-14 16:38:05,elvecinoderoblox,Acá se quedan los que aman a dios ❤️🫶 #roblox #shorts #Reels #Tiktok #Amigos,https://www.tiktok.com/foryou,"#roblox, #shorts, #Reels, #Tiktok, #Amigos",2747,1265,1124,FALSE,0,Clean,N/A,N/A,N/A,N/A,N/A,N/A
2026-07-14 16:38:20,gikpuycfi7w,#watch #watches #watchmegrow #watchmymagic #fyp,https://www.tiktok.com/foryou,"#watch, #watches, #watchmegrow, #watchmymagic, #fyp",509,38,27,FALSE,23,Probable Scam,"Keyword: 'watch', Hashtag: '#watch', Hashtag: '#watches', Phone number in bio","Top quality 1:1⌚️
👇Worldwide delivery 👇✈️
➕whats🅰️PP：+86 139 2954 3793
Click the link below to get the directory",https://www.tiktok.com/link/v2?aid=1988&lang=en&scene=bio_url&target=wa.me%2F8613929543793,18K,84.7K,N/A
2026-07-14 16:38:41,hechizodevenuss,#fyp #parati,https://www.tiktok.com/foryou,"#fyp, #parati",2209,1014,274,FALSE,0,Clean,N/A,N/A,N/A,N/A,N/A,N/A
2026-07-14 16:38:56,morgsjv1,#fyp #milan #mcdonald #travel #foodtok,https://www.tiktok.com/foryou,"#fyp, #milan, #mcdonald, #travel, #foodtok",1868,10,439,FALSE,1,Low Risk,N/A,morgsjv1@outlook.com,,9273,3.4M,N/A
2026-07-14 16:40:27,modthatwatch,Apple Watch As A Man Is Crazy 🤣🤦‍♂️ #casioak #casioakmod #customgshock #ga2100 #gshock,https://www.tiktok.com/foryou,"#casioak, #casioakmod, #customgshock, #ga2100, #gshock",424,13,29,FALSE,10,Probable Scam,Keyword: 'watch',"Custom Watches & Mod Kits ⌚️
Worldwide Shipping 🌍
Shop Via Website ⬇️",https://www.tiktok.com/link/v2?aid=1988&lang=en&scene=bio_url&target=www.modthatwatch.co.uk,2466,121K,N/A
2026-07-15 8:49:53,okkwatches10,#watch #watchformen #luxury #fyp #watches,https://www.tiktok.com/foryou,"#watch, #watchformen, #luxury, #fyp, #watches",58,3,4,FALSE,14,Almost Certainly a Scam,"Keyword: 'luxury', Keyword: 'watch', Hashtag: '#watch', Hashtag: '#watches', Hashtag: '#luxury', Phone number in bio","Worldwide air shipping available✈️
Contact customer service
⬇️⬇️⬇️
Whats🅰️🅿️🅿️：+ 86 15118882889",,920,3612,N/A
2026-07-15 8:52:52,stay_skz3456,,https://www.tiktok.com/foryou,N/A,3493,1407,571,FALSE,0,Clean,N/A,N/A,N/A,N/A,N/A,N/A
2026-07-15 8:53:15,supercarblondie.xtra,Who's brave enough to have a ride on this then? 😂 #rollercoaster #ferrari #dubai #formularossa #supercarblondie,https://www.tiktok.com/foryou,"#rollercoaster, #ferrari, #dubai, #formularossa, #supercarblondie",39K,440,5024,FALSE,0,Clean,N/A,N/A,N/A,N/A,N/A,N/A
2026-07-15 8:53:31,dailydeluxe.official,This has to be one of the best Watches you can wear this Summer! Customized by Blaken Atelier for their client.Vintage vibes with a cool light blue touch ☀️,https://www.tiktok.com/foryou,#supercarblondie,3366,11,194,FALSE,9,Suspicious,Keyword: 'watch',"Luxury Watch magazine/ Content creator
Instagram: Dailydeluxe (370.000)
The Watches are not mine and not for Sale!
I only create the Videos",https://www.tiktok.com/link/v2?aid=1988&lang=en&scene=bio_url&target=https%3A%2F%2Fwww.instagram.com%2Fdailydeluxe,21.4K,381.4K,N/A
2026-07-15 8:56:22,isolith.duskthorn,#movie,https://www.tiktok.com/foryou,#movie,3892,26,75,FALSE,0,Clean,N/A,N/A,N/A,N/A,N/A,N/A
2026-07-15 8:57:48,aristokrat.saat.1,,https://www.tiktok.com/foryou,N/A,9317,220,815,FALSE,0,Clean,N/A,N/A,N/A,N/A,N/A,N/A
2026-07-15 8:58:04,crazycraftsofficial1,#dailytips #lifehacks #ideas #usa🇬🇧 #crazycrafts,https://www.tiktok.com/foryou,"#dailytips, #lifehacks, #ideas, #usa🇬🇧, #crazycrafts",396.8K,3247,67.2K,FALSE,0,Clean,N/A,N/A,N/A,N/A,N/A,N/A
2026-07-15 8:58:19,brevonwatch,Not useless to me.,https://www.tiktok.com/foryou,N/A,442,13,29,FALSE,8,Probable Scam,Keyword: 'watch',"🇲🇾 KL • Malaysia
🌏 Free Worldwide Shipping!
SHOP NOW! ⬇️",https://www.tiktok.com/link/v2?aid=1988&lang=en&scene=bio_url&target=Brevonwatches.com,17.8K,145.7K,N/A
2026-07-21 17:50:09,viator3006,#watch #watchesformen #watchcollector #watches #lucury,https://www.tiktok.com/foryou,"#watch, #watchesformen, #watchcollector, #watches, #lucury",457,8,17,FALSE,10,Probable Scam,"Keyword: 'watch', Hashtag: '#watch', Hashtag: '#watches', Phone number in bio","👇👇👇How to buy👇👇👇
✈️Ship worldwide 🌎
Whats🅰️🅿️🅿️: +86 15820624450",,28.3K,154.4K,N/A
2026-07-21 17:51:24,cbwyhltpz2p,#watch #watches #watchmymaigic #watchmegrow #fyp,https://www.tiktok.com/foryou,"#watch, #watches, #watchmymaigic, #watchmegrow, #fyp",45,0,1,FALSE,15,Almost Certainly a Scam,"Keyword: 'watch', Hashtag: '#watch', Hashtag: '#watches', Phone number in bio","Top quality 1:1⌚️
👇Worldwide delivery 👇✈️
👇Order👇
➕whats🅰️PP：+86 139 2954 3793",,1183,6272,N/A
2026-07-21 17:53:24,argentana_,,https://www.tiktok.com/foryou,N/A,39.1K,2193,1789,FALSE,0,Clean,N/A,N/A,N/A,N/A,N/A,N/A
2026-07-21 17:53:39,militarymomentsdaily,"No distance is stronger than family love 🇺🇸❤️After months apart, this moment says everything… tears, hugs, and hearts finally whole again. 🥹✨Thank you to every soldier sacrificing for our freedom. Welcome home, heroes. 🫡#R #Respect H #Hero T #TikTokViral Heartwarming #soldier",https://www.tiktok.com/foryou,N/A,641.4K,5019,5265,FALSE,0,Clean,N/A,N/A,N/A,N/A,N/A,N/A
2026-07-21 17:53:54,birsa.kg,,https://www.tiktok.com/foryou,"#Respect, #Hero, #TikTokViral, #soldier",11.4K,53,477,FALSE,0,Clean,N/A,N/A,N/A,N/A,N/A,N/A
2026-07-21 17:54:09,jhandry.martinez,,https://www.tiktok.com/foryou,N/A,1667,863,362,FALSE,0,Clean,N/A,N/A,N/A,N/A,N/A,N/A
2026-07-21 17:55:49,okkwatches10,#watch #watchformen #luxury #fyp #watches,https://www.tiktok.com/foryou,"#watch, #watchformen, #luxury, #fyp, #watches",Like,Comments,Share,FALSE,18,Almost Certainly a Scam,"Keyword: 'luxury', Keyword: 'watch', Hashtag: '#watch', Hashtag: '#watches', Hashtag: '#luxury', Phone number in bio","Worldwide air shipping available✈️
Contact customer service
⬇️⬇️⬇️
Whats🅰️🅿️🅿️：+852 61668414",https://www.tiktok.com/link/v2?aid=1988&lang=en&scene=bio_url&target=https%3A%2F%2Flinktr.ee%2Fviyawatch,6868,28.9K,N/A
2026-07-21 17:57:49,couple.vibes.pranks,She always knows how to convince me #funnyvideo #comedy #humor #us,https://www.tiktok.com/foryou,"#funnyvideo, #comedy, #humor, #us",3840,125,1195,FALSE,2,Suspicious,Keyword: 'ws',"We prank each other... and call it love ❤️
Dima & Olesia",,282.8K,2.2M,N/A
2026-07-21 17:58:08,ideas.s2,#lifehack #learnontiktok #tipsandtricks #tools #hometips,https://www.tiktok.com/foryou,"#lifehack, #learnontiktok, #tipsandtricks, #tools, #hometips",18K,107,2338,FALSE,0,Clean,N/A,N/A,N/A,N/A,N/A,N/A
2026-07-21 17:58:23,virgin_hotels,We love your furry friends! Your pets stay for free at participating Virgin Hotels.,https://www.tiktok.com/foryou,N/A,144,1,2,TRUE,5,Suspicious,N/A,Hip hotel seeks guest for long-term relationship. #VirginHotels 🦄,https://www.tiktok.com/@virgin_hotels/video/7662087022387006734?is_from_webapp=1&sender_device=pc,1900,5115,N/A
2026-07-21 18:00:23,inspired_up,,https://www.tiktok.com/foryou,N/A,885,86,284,FALSE,3,Low Risk,N/A,"🩷66k TYSM🩷
dm for sound promo",,66.7K,23.3M,N/A
2026-07-21 18:02:01,kenneekksjz,#watch #watchmymagic #watches #fyp #watchmegrow,https://www.tiktok.com/foryou,"#watch, #watchmymagic, #watches, #fyp, #watchmegrow",1706,27,125,FALSE,14,Probable Scam,"Keyword: 'watch', Hashtag: '#watch', Hashtag: '#watches', Phone number in bio","Top quality 1:1⌚️
👇Worldwide delivery 👇✈️
👇Order👇
➕whats🅰️PP：+86 139 2954 3793",https://www.tiktok.com/link/v2?aid=1988&lang=en&scene=bio_url&target=https%3A%2F%2Ftr.ee%2Fuhg3GCni-P,2295,13.3K,N/A
2026-07-21 18:04:00,.xlucero,#Viral #fyp #viralvideo #creatirinsearchsight,https://www.tiktok.com/foryou,"#Viral, #fyp, #viralvideo, #creatirinsearchsight",25.4K,631,568,FALSE,0,Clean,N/A,N/A,N/A,N/A,N/A,N/A
2026-07-21 18:04:15,emiliopiano,"This 2 year old SINGER shocked EVERYONE 🥹❤️I was playing piano in Los Angeles when Leona asked me if I could play “Let It Go” from Frozen ❄️🎹As soon as I started playing, she noticed the microphone above her head and tried to reach it, such a cute moment🥹 After I helped her with the mic, everyone was waiting to hear her voice… and she did NOT disappoint 😳✨Despite her young age, her voice was incredibly powerful, and she handled this difficult song very well 🎤❤️",https://www.tiktok.com/foryou,N/A,39.3M,624.5K,5M,FALSE,0,Clean,N/A,N/A,N/A,N/A,N/A,N/A
2026-07-21 18:04:31,levisi34045659,#watch #watchmymagic #watchmegrow #watches #fyp,https://www.tiktok.com/foryou,"#watch, #watchmymagic, #watchmegrow, #watches, #fyp",1423,31,58,FALSE,20,Probable Scam,"Keyword: 'watch', Hashtag: '#watch', Hashtag: '#watches', Phone number in bio","top quality 1:1⌚️
👇Worldwide delivery 👇✈️
👇Order👇
➕whats🅰️PP：86 139 2954 3793
For more styles, click the link below",https://www.tiktok.com/link/v2?aid=1988&lang=en&scene=bio_url&target=https%3A%2F%2Ftr.ee%2Fuhg3GCni-P,1242,2949,N/A
2026-07-21 18:07:49,cbwyhltpz2p,#watch #watches #watchmymagic #watchmegrow #fyp,https://www.tiktok.com/foryou,"#watch, #watches, #watchmymagic, #watchmegrow, #fyp",55,3,1,FALSE,15,Almost Certainly a Scam,"Keyword: 'watch', Hashtag: '#watch', Hashtag: '#watches', Phone number in bio","Top quality 1:1⌚️
👇Worldwide delivery 👇✈️
👇Order👇
➕whats🅰️PP：+86 139 2954 3793",,1184,6272,N/A
2026-07-21 18:09:48,nomiiqie71i,#foryoupage #Allahistheking #bestreahing #unfreez #viral,https://www.tiktok.com/foryou,"#foryoupage, #Allahistheking, #bestreahing, #unfreez, #viral",2.4M,236.6K,139.1K,FALSE,0,Clean,N/A,N/A,N/A,N/A,N/A,N/A
2026-07-21 18:10:04,rustygmhelq,#watch #watches #watchmymagic #watchmegrow #fyp,https://www.tiktok.com/foryou,"#watch, #watches, #watchmymagic, #watchmegrow, #fyp",556,17,26,FALSE,13,Probable Scam,"Keyword: 'watch', Hashtag: '#watch', Hashtag: '#watches', Phone number in bio","Top quality 1:1⌚️
👇Worldwide delivery 👇✈️
👇Order👇
➕whats🅰️PP：1 307 418 7384",,372,1329,N/A
2026-07-21 18:14:37,luxunery.shop,RD Blue Ice Dragon 🔵 Worldwide Shipping 🌎 Warranty 12 months Order yours now 🔥 #blue #ice #dragon #houseofthedragon #gameofthrones,https://www.tiktok.com/@luxunery.shop/video/7656861215469128980?is_from_webapp=1&sender_device=pc,"#blue, #ice, #dragon, #houseofthedragon, #gameofthrones",7435,55,805,FALSE,14,Suspicious,"Keyword: 'shop', Phone number in bio",WhatsApp +573164476088 to order 🛍️ Luxury Watches Worldwide⌚ Dm to order 🌎,https://www.tiktok.com/link/v2?aid=1988&lang=en&scene=bio_url&target=luxuneryshop.com,35.9K,713K,N/A
2026-07-21 18:16:38,inspired_up,,https://www.tiktok.com/@inspired_up/video/7658616398054264096?is_from_webapp=1&sender_device=pc,N/A,531,44,154,FALSE,3,Low Risk,N/A,"🩷66k TYSM🩷
dm for sound promo",,66.7K,23.3M,N/A
2026-07-21 18:16:58,casinhajulianasantos,Quando esqueço de falar a comida #donadecasa #limpeza #faxina,https://www.tiktok.com/@casinhajulianasantos/video/7641254162927209735?is_from_webapp=1&sender_device=pc,"#donadecasa, #limpeza, #faxina",87.4K,582,2103,FALSE,0,Clean,N/A,N/A,N/A,N/A,N/A,N/A
2026-07-21 18:17:13,cbwyhltpz2p,#watch #watches #watchmymagic #watchmegrow #fyp,https://www.tiktok.com/@cbwyhltpz2p/video/7656727652304194849?is_from_webapp=1&sender_device=pc,"#watch, #watches, #watchmymagic, #watchmegrow, #fyp",125,7,3,FALSE,15,Almost Certainly a Scam,"Keyword: 'watch', Hashtag: '#watch', Hashtag: '#watches', Phone number in bio","Top quality 1:1⌚️
👇Worldwide delivery 👇✈️
👇Order👇
➕whats🅰️PP：+86 139 2954 3793",,1185,6272,N/A
2026-07-21 18:19:13,vtyherdfgjd,,https://www.tiktok.com/@vtyherdfgjd/video/7662292654461373710?is_from_webapp=1&sender_device=pc,N/A,9270,8426,4036,FALSE,0,Clean,N/A,N/A,N/A,N/A,N/A,N/A
2026-07-21 18:20:40,gikpuycfi7w,#watch #watches #watchmegrow #watchmymagic #fyp,https://www.tiktok.com/@gikpuycfi7w/video/7639621976373398816?is_from_webapp=1&sender_device=pc,"#watch, #watches, #watchmegrow, #watchmymagic, #fyp",1065,88,97,FALSE,22,Probable Scam,"Keyword: 'watch', Hashtag: '#watch', Hashtag: '#watches', Phone number in bio","Top quality 1:1⌚️
👇Worldwide delivery 👇✈️
➕whats🅰️PP：+86 139 2954 3793
Click the link below to get the directory",https://www.tiktok.com/link/v2?aid=1988&lang=en&scene=bio_url&target=wa.me%2F8613929543793,18.6K,88.5K,N/A
2026-07-21 18:22:40,chirila004es,,https://www.tiktok.com/@chirila004es/video/7663994571822599457?is_from_webapp=1&sender_device=pc,N/A,1453,39,90,FALSE,0,Clean,N/A,N/A,N/A,N/A,N/A,N/A
2026-07-21 18:22:56,funny.funny227,#BalliBotMogis #TrendingReels #TrendingReels #Foryoupage # #FYP #FYP #ViralTikTok #MillionViews #TechMagic #SmartBot #AITrend #RobotVibes #Innovation,https://www.tiktok.com/@funny.funny227/video/7634845124983262494?is_from_webapp=1&sender_device=pc,"#BalliBotMogis, #TrendingReels, #TrendingReels, #Foryoupage, #FYP, #FYP, #ViralTikTok, #MillionViews, #TechMagic, #SmartBot, #AITrend, #RobotVibes",603K,8473,66.7K,FALSE,2,Suspicious,Keyword: 'ws',No bio yet.,,503.4K,2.4M,N/A
2026-07-21 18:23:25,luxunery.shop,White Skeleton 💀 Ordena el tuyo ⌚Pagos seguros Online 🔐 #skeleton #watches #reloj #watchesoftiktok #richardmille,https://www.tiktok.com/@luxunery.shop/video/7656636445339290901?is_from_webapp=1&sender_device=pc,"#skeleton, #watches, #reloj, #watchesoftiktok, #richardmille",3495,14,143,FALSE,21,Almost Certainly a Scam,"Keyword: 'watch', Keyword: 'dm', Keyword: 'shop', Hashtag: '#watch', Hashtag: '#watches', Phone number in bio",WhatsApp +573164476088 to order 🛍️ Luxury Watches Worldwide⌚ Dm to order 🌎,https://www.tiktok.com/link/v2?aid=1988&lang=en&scene=bio_url&target=luxuneryshop.com,35.9K,713K,N/A
2026-07-21 18:26:34,luxunery.shop,War Machine Automatic ⚙️ Ordena el tuyo ⌚Unidades Limitadas 🔥 #reloj #relojes #watches #watch #watchesoftiktok,https://www.tiktok.com/@luxunery.shop/video/7660334080633982229?is_from_webapp=1&sender_device=pc,"#reloj, #relojes, #watches, #watch, #watchesoftiktok",1406,12,73,FALSE,19,Almost Certainly a Scam,"Keyword: 'watch', Keyword: 'shop', Hashtag: '#watch', Hashtag: '#watches', Phone number in bio",WhatsApp +573164476088 to order 🛍️ Luxury Watches Worldwide⌚ Dm to order 🌎,https://www.tiktok.com/link/v2?aid=1988&lang=en&scene=bio_url&target=luxuneryshop.com,35.9K,713K,N/A
2026-07-21 18:28:34,tomsita_kz,,https://www.tiktok.com/@tomsita_kz/video/7634266397878635797?is_from_webapp=1&sender_device=pc,N/A,1741,948,353,FALSE,0,Clean,N/A,N/A,N/A,N/A,N/A,N/A
2026-07-21 18:28:50,levisi34045659,#watch #watchmymagic #watchmegrow #watches #fyp,https://www.tiktok.com/@levisi34045659/video/7663786479092534561?is_from_webapp=1&sender_device=pc,"#watch, #watchmymagic, #watchmegrow, #watches, #fyp",514,11,14,FALSE,22,Probable Scam,"Keyword: 'watch', Hashtag: '#watch', Hashtag: '#watches', Phone number in bio","top quality 1:1⌚️
👇Worldwide delivery 👇✈️
👇Order👇
➕whats🅰️PP：86 139 2954 3793
For more styles, click the link below",https://www.tiktok.com/link/v2?aid=1988&lang=en&scene=bio_url&target=https%3A%2F%2Ftr.ee%2Fuhg3GCni-P,1242,2953,N/A
2026-07-21 18:30:50,ununcc1,Don't miss it. #tiktokshop #fyp #TikTokShopHolldayHaul #makeup #brushholder,https://www.tiktok.com/@ununcc1/video/7663427333361093901?is_from_webapp=1&sender_device=pc,"#tiktokshop, #fyp, #TikTokShopHolldayHaul, #makeup, #brushholder",8645,6577,3930,FALSE,2,Suspicious,Keyword: 'shop',Follow me for good luck 💵💵💵,,2721,10.2K,N/A
2026-07-21 18:31:10,onvicuc,"Wahh! @DA7.Valen berhasil bikin semua terpukau dan terharu🤩 salfok, para juri emang TOP banget selalu kasih perhatian ke Academia🥹✨ . . #IndosiarBawaDangdutBerkelasBerkualitas #DAcademy7Indosiar #DAcademyIndosiar",https://www.tiktok.com/@onvicuc/video/7662459997154004237?is_from_webapp=1&sender_device=pc,"#IndosiarBawaDangdutBerkelasBerkualitas, #DAcademy7Indosiar, #DAcademyIndosiar",216.8K,1993,3589,FALSE,0,Clean,N/A,N/A,N/A,N/A,N/A,N/A
2026-07-21 18:32:35,thewatchbyo.lim,"How about this blackest one, GA-2100, Customized, gshock. #TheWATCH #watches #foryou #fyi #gshock",https://www.tiktok.com/@thewatchbyo.lim/video/7644777015593143560?is_from_webapp=1&sender_device=pc,"#TheWATCH, #watches, #foryou, #fyi, #gshock",6294,111,345,FALSE,10,Probable Scam,"Keyword: 'watch', Hashtag: '#watch', Hashtag: '#watches', Phone number in bio","We provide the authorized luxury watches brands.
Telegram: +85569546686",,278.5K,5M,N/A
2026-07-21 18:34:35,announce692,,https://www.tiktok.com/@announce692/video/7663430923991469342?is_from_webapp=1&sender_device=pc,"#TheWATCH, #watches, #foryou, #fyi, #gshock",6578,6790,1726,FALSE,2,Suspicious,"Hashtag: '#watch', Hashtag: '#watches'",No bio yet.,,2404,7672,N/A
2026-07-21 18:34:56,nova.spark131,"We'llsayitlouderforthepeopleintheback.🚨Texas,you'reonnotice.DuttonRanchpremieresMay15on@Paramount+. #DuttonRanch #yellowstonetv #fyp #movie #edit",https://www.tiktok.com/@nova.spark131/video/7648565292901141790?is_from_webapp=1&sender_device=pc,N/A,7333,27,817,FALSE,2,Suspicious,Keyword: 'ws',No bio yet.,,13.1K,82.9K,N/A
2026-07-21 18:35:16,luxunery.shop,"We'llsayitlouderforthepeopleintheback.🚨Texas,you'reonnotice.DuttonRanchpremieresMay15on@Paramount+. #DuttonRanch #yellowstonetv #fyp #movie #edit",https://www.tiktok.com/@luxunery.shop/video/7631769865988132117?is_from_webapp=1&sender_device=pc,"#DuttonRanch, #yellowstonetv, #fyp, #movie, #edit, #exito, #watches, #reloj, #watchesoftiktok, #luxurywatch",21.2K,103,878,FALSE,19,Almost Certainly a Scam,"Keyword: 'shop', Keyword: 'ws', Hashtag: '#watch', Hashtag: '#watches', Hashtag: '#luxury', Phone number in bio",WhatsApp +573164476088 to order 🛍️ Luxury Watches Worldwide⌚ Dm to order 🌎,https://www.tiktok.com/link/v2?aid=1988&lang=en&scene=bio_url&target=luxuneryshop.com,35.9K,713K,N/A
2026-07-21 18:37:15,daoyuanlustre,"✨Stop Wearing Crystals Blindly! A Complete Guide to Crystal Bracelets for Your Reference▫️Clear Quartz | Purifies negative energy, boosts concentration, eases mental exhaustion and insomnia, a must-have for students and office workers▫️Rose Quartz | Attracts genuine love gently, enhances interpersonal luck and resolves social conflicts, ideal for singles and socially anxious people▫️Smoky Quartz | Shields against schemers and disputes, relieves anxiety and stress, safeguards those who often stay up late or go out frequently▫️Aquamarine | Calms irritable tempers, improves communication skills and removes obstacles during negotiations and conversations▫️Citrine | The Stone of Wealth, draws legitimate financial opportunities and brings fortune for promotions and entrepreneurship💡Tips for Crystal Newbies to Avoid PitfallsNatural crystals naturally contain internal fractures and inclusions; cheap flawless pieces are mostly synthetic imitationsChoose crystals based on your personal needs—random mismatches will disrupt your personal energy fieldAll crystals in our store have been blessed, setting them apart from ordinary mass-produced goods💌Interact to Attract Good LuckLike and save this post to lock in blessings for the whole yearComment 【1111】to collectively attract wealth, popularity and safetyType ""wealth"" for financial luck, ""love"" for romance, ""peace"" for stability to find out which crystal suits you best🛒Direct Purchase AccessIf you want custom lucky crystal bracelets or crystal ornaments, search the independent website https://www.daoyuanstore.com/daoyuan Store offers hand-blessed crystal jewelry, perfect for personal use or gifting #daoyuanstore #CrystalHealing #EnergyProtection #LuckyCrystals #HealingCrystal #CrystalBlessing #CrystalEnergy #healingcrystal #SpiritualJewelry #GoodVibes #lucky",https://www.tiktok.com/@daoyuanlustre/video/7661879818262154526?is_from_webapp=1&sender_device=pc,N/A,169,133,35,FALSE,5,Suspicious,Keyword: 'ws',"refined details & timeless glow ✨
shop ➡️ https://daoyuanstore.com/",,491,6586,N/A
2026-07-21 18:40:25,birsa.kg,,https://www.tiktok.com/@birsa.kg/video/7652016833268059413?is_from_webapp=1&sender_device=pc,N/A,7055,41,451,FALSE,0,Clean,N/A,N/A,N/A,N/A,N/A,N/A
2026-07-21 18:40:41,spotlighttales001,Funny escalator pranks #funny #foryou #escalatorprank #funnyvideos,https://www.tiktok.com/@spotlighttales001/video/7632512218499665183?is_from_webapp=1&sender_device=pc,"#funny, #foryou, #escalatorprank, #funnyvideos",66.1K,1225,4708,FALSE,0,Clean,N/A,N/A,N/A,N/A,N/A,N/A
2026-07-21 20:23:14,timeseller_com,Pagani Design,https://www.tiktok.com/@timeseller_com/video/7641866156420238610?is_from_webapp=1&sender_device=pc,N/A,1417,17,82,FALSE,0,Clean,N/A,N/A,N/A,N/A,N/A,N/A
2026-07-21 20:23:30,hugbuupbhd2,#foryoupage #virelvideo #unfreezemyaccount #creatorsearchinsights #movieclips,https://www.tiktok.com/@hugbuupbhd2/video/7662609258822864159?is_from_webapp=1&sender_device=pc,"#foryoupage, #virelvideo, #unfreezemyaccount, #creatorsearchinsights, #movieclips",23.6K,530,279,FALSE,0,Clean,N/A,N/A,N/A,N/A,N/A,N/A
2026-07-21 20:23:45,saatlar.baki,"“Bu model sizə necə görünür?”“Bu saatın ən çox bəyəndiyim xüsusiyyəti...”“Daha çox model görmək istəyirsinizsə, şərh yazın.”",https://www.tiktok.com/@saatlar.baki/video/7636385395877383444?is_from_webapp=1&sender_device=pc,N/A,18.3K,2750,2251,FALSE,0,Clean,N/A,N/A,N/A,N/A,N/A,N/A
2026-07-21 20:24:01,plskiz00055az,#movie #usa🇺🇸 #movieclips #edit #fyp,https://www.tiktok.com/@plskiz00055az/video/7644163236127870238?is_from_webapp=1&sender_device=pc,"#movie, #usa🇺🇸, #movieclips, #edit, #fyp",23.4K,24,179,FALSE,0,Clean,N/A,N/A,N/A,N/A,N/A,N/A
2026-07-21 20:24:17,mehdisewing2,تعليم الخياطة والفصالة العصرية #sewing #Industrial,https://www.tiktok.com/@mehdisewing2/video/7654672738975616289?is_from_webapp=1&sender_device=pc,"#sewing, #Industrial",374.4K,10.8K,15.2K,FALSE,0,Clean,N/A,N/A,N/A,N/A,N/A,N/A
2026-07-21 20:25:42,verlionmods,👉🏻 Only 5 watch you need...#seikomod #watches #watchoftheday #seikomodding #verlionmods,https://www.tiktok.com/@verlionmods/video/7658585630389079310?is_from_webapp=1&sender_device=pc,N/A,835,14,90,FALSE,4,Probable Scam,Keyword: 'watch',Vintage Mods ⌚ Elevate your wrist game 👉 us.verlionmods.com,,2135,28.4K,N/A
2026-07-21 20:27:42,hoppo155,,https://www.tiktok.com/@hoppo155/video/7662185842840014093?is_from_webapp=1&sender_device=pc,N/A,17.3K,15.3K,7346,FALSE,0,Clean,N/A,N/A,N/A,N/A,N/A,N/A
2026-07-21 20:27:57,luminaryguard,#funny #foryou #warm #baby #love,https://www.tiktok.com/@luminaryguard/video/7643794777179311390?is_from_webapp=1&sender_device=pc,"#funny, #foryou, #warm, #baby, #love",1.1M,4458,27.1K,FALSE,0,Clean,N/A,N/A,N/A,N/A,N/A,N/A
2026-07-21 20:28:16,long.bandongho,Constellation nhám P1741 #thinhhanhtiktok #viralvideo,https://www.tiktok.com/@long.bandongho/video/7640671170815200530?is_from_webapp=1&sender_device=pc,"#thinhhanhtiktok, #viralvideo",568,19,48,FALSE,1,Low Risk,N/A,"⌚️⌚️⌚️⌚️⌚️⌚️⌚️
📞 0 Tám 28 / 7 Bảy Bảy / 2 Hai Hai 👌",,10.4K,55.3K,N/A
2026-07-21 20:28:36,aachen792,statue Streich #fyp #lustigeVideos #glücklich #lustig #Kinder,https://www.tiktok.com/@aachen792/video/7639922951038536993?is_from_webapp=1&sender_device=pc,"#fyp, #lustigeVideos, #glücklich, #lustig, #Kinder",244.1K,2304,5933,FALSE,0,Clean,N/A,N/A,N/A,N/A,N/A,N/A
2026-07-21 20:30:02,birsa.kg,,https://www.tiktok.com/@birsa.kg/video/7658580200661191956?is_from_webapp=1&sender_device=pc,N/A,12.1K,80,806,FALSE,0,Clean,N/A,N/A,N/A,N/A,N/A,N/A
2026-07-21 20:30:18,funfam686,😂🤣😅 #funny #comedy #familytime #couple #humor,https://www.tiktok.com/@funfam686/video/7664147169041009953?is_from_webapp=1&sender_device=pc,"#funny, #comedy, #familytime, #couple, #humor",9088,341,2953,FALSE,0,Clean,N/A,N/A,N/A,N/A,N/A,N/A
2026-07-21 20:30:33,birsa.kg,,https://www.tiktok.com/@birsa.kg/video/7635359011340127508?is_from_webapp=1&sender_device=pc,N/A,29.8K,138,1150,FALSE,0,Clean,N/A,N/A,N/A,N/A,N/A,N/A
2026-07-21 20:30:49,zxc9176,Don’t miss it #tiktokshop #fyp #tiktokshopholidayhaul #makeup #brushholder,https://www.tiktok.com/@zxc9176/video/7642286358022720781?is_from_webapp=1&sender_device=pc,"#tiktokshop, #fyp, #tiktokshopholidayhaul, #makeup, #brushholder",54.7K,27.1K,26.1K,FALSE,2,Suspicious,Keyword: 'shop',Follow me for surprises,,10.5K,59.9K,N/A
2026-07-21 20:31:09,idburcise4z,#foryoupage #virelvideo #unfreezemyaccount #creatorsearchinsights #movieclips,https://www.tiktok.com/@idburcise4z/video/7635300583825476895?is_from_webapp=1&sender_device=pc,"#foryoupage, #virelvideo, #unfreezemyaccount, #creatorsearchinsights, #movieclips",14.2K,171,415,FALSE,0,Clean,N/A,N/A,N/A,N/A,N/A,N/A
2026-07-21 20:32:33,tfeftvkoi.yiijhgr,Effortlessly elevated. #watches #luxury #luxurywatches #watchesformen #watchtok,https://www.tiktok.com/@tfeftvkoi.yiijhgr/video/7664146696070319363?is_from_webapp=1&sender_device=pc,"#watches, #luxury, #luxurywatches, #watchesformen, #watchtok",203,14,18,FALSE,21,Almost Certainly a Scam,"Keyword: 'luxury', Keyword: 'watch', Hashtag: '#watch', Hashtag: '#watches', Hashtag: '#luxury'","🏋🏻Wholesale
🏆Top Luxury Watches
⌚️Same Quality-Only 1% Price
🎬Support Video Viewing Quality
🫵🏼DM Me",,275,5064,N/A
2026-07-21 20:34:33,funny.vibes547,#BalliBotMogis #TrendingReels #Foryoupage #FYP #ViralTikTok #MillionViews #TechMagis #SmartBot #AITrend #RobotVibes #Innovation,https://www.tiktok.com/@funny.vibes547/video/7662609020351466783?is_from_webapp=1&sender_device=pc,"#BalliBotMogis, #TrendingReels, #Foryoupage, #FYP, #ViralTikTok, #MillionViews, #TechMagis, #SmartBot, #AITrend, #RobotVibes, #Innovation",9874,267,488,FALSE,2,Suspicious,Keyword: 'ws',No bio yet.,,5026,18.7K,N/A
2026-07-21 20:34:53,umgestodeamoroficial,Atitude Mais Linda 😭❤️ #fy #foryou #AMOR,https://www.tiktok.com/@umgestodeamoroficial/video/7654996632987045138?is_from_webapp=1&sender_device=pc,"#AITrend, #RobotVibes, #Innovation, #fy, #foryou, #AMOR",85.1K,5638,3234,FALSE,0,Clean,N/A,N/A,N/A,N/A,N/A,N/A
2026-07-21 20:35:08,swissmadeofficial,"A tribute to horological artistry and cinematic heritage: the Konstantin Chaykin Cinema Lion Watch captures the spirit of 19th-century motion pictures with every tick. Inspired by the earliest film technology, this unique timepiece brings a playful animation of a running lion to life with the press of a button. A masterpiece that redefines the boundaries of watchmaking, blending innovation with history. 🎥🦁",https://www.tiktok.com/@swissmadeofficial/video/7644593449949203745?is_from_webapp=1&sender_device=pc,N/A,4885,76,336,FALSE,8,Suspicious,"Keyword: 'watch', Phone number in bio","For watches use only 🇮🇹
On IG 1.900.000 followers",https://www.tiktok.com/link/v2?aid=1988&lang=en&scene=bio_url&target=https%3A%2F%2Fwww.instagram.com%2Fvertigo1983%3Figsh%3DMXJydjVuY253c3N2OA%253D%253D%26utm_source%3Dqr,92.7K,1.7M,N/A
2026-07-21 20:37:08,vibing.with.sancipriano,"A tribute to horological artistry and cinematic heritage: the Konstantin Chaykin Cinema Lion Watch captures the spirit of 19th-century motion pictures with every tick. Inspired by the earliest film technology, this unique timepiece brings a playful animation of a running lion to life with the press of a button. A masterpiece that redefines the boundaries of watchmaking, blending innovation with history. 🎥🦁",https://www.tiktok.com/@vibing.with.sancipriano/video/7663117848838933780?is_from_webapp=1&sender_device=pc,"#fyp, #extrañoamiex, #cancionesparahistorias, #paratiiiiiiiiiiiiiiiiiiiiiiiiiiiiiii, #hechoesta🍀",5276,204,161,FALSE,2,Suspicious,Keyword: 'watch',"6666
fanpage
🏳️‍🌈🏳️‍⚧️
solo se aceptan san ciprianas",,150.2K,14.3M,N/A
2026-07-21 20:38:36,trendygoodsv2,And ion wanna argue 🤣 G shocks just got tewww many flavors imo #swatch #aps #gshock #reseller,https://www.tiktok.com/@trendygoodsv2/video/7638924594446912798?is_from_webapp=1&sender_device=pc,"#swatch, #aps, #gshock, #reseller",34.4K,376,2197,FALSE,4,Suspicious,Keyword: 'watch',"I sell trendy goods
@trendygoods.atl , @reselllyn my ig",https://www.tiktok.com/link/v2?aid=1988&lang=en&scene=bio_url&target=https%3A%2F%2Ftrendygoodsatl.com,6387,378K,N/A
2026-07-21 20:40:36,ty15484,,https://www.tiktok.com/@ty15484/video/7663804185313283358?is_from_webapp=1&sender_device=pc,"#swatch, #aps, #gshock, #reseller",6543,2229,2837,FALSE,0,Clean,N/A,N/A,N/A,N/A,N/A,N/A
2026-07-21 20:40:51,richard_vision,men's ego ☠️ #FYP #ForYou #ForYouPage #Viral #Trending,https://www.tiktok.com/@richard_vision/video/7660469806457474317?is_from_webapp=1&sender_device=pc,"#FYP, #ForYou, #ForYouPage, #Viral, #Trending",441.9K,5568,25.9K,FALSE,0,Clean,N/A,N/A,N/A,N/A,N/A,N/A
2026-07-21 20:41:07,melisdfdix5,Don’t miss it #fyp #tiktokshopholidayhaul #tiktok #makeup #brushholder,https://www.tiktok.com/@melisdfdix5/video/7642152204450729230?is_from_webapp=1&sender_device=pc,"#fyp, #tiktokshopholidayhaul, #tiktok, #makeup, #brushholder",8553,5040,1986,FALSE,2,Suspicious,Keyword: 'shop',Follow me for good luck 💵💵💵💵,,3737,13.9K,N/A
2026-07-21 20:42:46,donghohaiduong,Seiko 5 -size 38mm -nhiều colors -hardlex -new 100% SNKK11 SNKK07 #seiko #donghohaiduong #seiko5 #donghoseiko #Seikowatch #SeikoFan #FYP,https://www.tiktok.com/@donghohaiduong/video/7651196427271523604?is_from_webapp=1&sender_device=pc,"#seiko, #donghohaiduong, #seiko5, #donghoseiko, #Seikowatch, #SeikoFan, #FYP",4185,170,394,FALSE,4,Suspicious,"Keyword: 'watch', Phone number in bio","Đồng hồ chính hãng
Ib Z@Lo: O868-22-1893",,8239,61.3K,N/A
2026-07-21 20:44:47,xixiya992,Don’t miss it #tiktokshop #fyp #tiktokshopholidayhaul #makeup #brushholder,https://www.tiktok.com/@xixiya992/video/7662312900798778637?is_from_webapp=1&sender_device=pc,"#tiktokshop, #fyp, #tiktokshopholidayhaul, #makeup, #brushholder",1170,675,419,FALSE,2,Suspicious,Keyword: 'shop',Follow me for good luck 💵💵💵,,2356,15.8K,N/A
2026-07-21 20:45:07,chrono.custom,Custom G-Shock GA2100Casioak Watch ~ Silver Mirror Polish🩶 #gshock #watch #luxurywatch #viral #jewelry,https://www.tiktok.com/@chrono.custom/video/7637116826077498646?is_from_webapp=1&sender_device=pc,"#gshock, #watch, #luxurywatch, #viral, #jewelry",2003,34,307,FALSE,10,Probable Scam,"Keyword: 'luxury', Keyword: 'watch', Hashtag: '#watch', Hashtag: '#luxury'","Specialist Casio Custom⌚️
Free International Shipping 🚚🌍
Based in 🇫🇷
+200📦✅
Trustpilot Reviews +4,5/5⭐️",https://www.tiktok.com/link/v2?aid=1988&lang=en&scene=bio_url&target=https%3A%2F%2Fchrono-custom.com,3229,65.8K,N/A
2026-07-21 20:47:07,i117598,,https://www.tiktok.com/@i117598/video/7659312731119422733?is_from_webapp=1&sender_device=pc,"#watch, #luxurywatch, #viral, #jewelry",22.2K,18.7K,13.7K,FALSE,2,Suspicious,"Hashtag: '#watch', Hashtag: '#luxury'",No bio yet.,,25K,35.9K,N/A
2026-07-21 20:47:26,umgestodeamoroficial,😭❤️🙏🏻 #fy #foryou #AMOR,https://www.tiktok.com/@umgestodeamoroficial/video/7653272273310256392?is_from_webapp=1&sender_device=pc,"#fy, #foryou, #AMOR",719.8K,38.2K,13.5K,FALSE,0,Clean,N/A,N/A,N/A,N/A,N/A,N/A
2026-07-21 20:48:50,swissmadeofficial,"Among the standout timepieces, the @vanguart Black Hole Tourbillon Yas Edition truly shines—a one-of-a-kind masterpiece honoring the UAE and celebrating Islamic contributions to science and art during the Golden Age. ✨ Meticulously crafted with 150 hours of engraving, dual crowns for time zones, and a floating tourbillon, this watch is a perfect blend of heritage and innovation.Piece Unique already sold!⌚️tag price: $880,000.00",https://www.tiktok.com/@swissmadeofficial/video/7644946903829859616?is_from_webapp=1&sender_device=pc,N/A,3713,26,258,FALSE,8,Suspicious,"Keyword: 'watch', Phone number in bio","For watches use only 🇮🇹
On IG 1.900.000 followers",https://www.tiktok.com/link/v2?aid=1988&lang=en&scene=bio_url&target=https%3A%2F%2Fwww.instagram.com%2Fvertigo1983%3Figsh%3DMXJydjVuY253c3N2OA%253D%253D%26utm_source%3Dqr,92.7K,1.7M,N/A
2026-07-21 20:50:50,rogerygsbkj,"Among the standout timepieces, the @vanguart Black Hole Tourbillon Yas Edition truly shines—a one-of-a-kind masterpiece honoring the UAE and celebrating Islamic contributions to science and art during the Golden Age. ✨ Meticulously crafted with 150 hours of engraving, dual crowns for time zones, and a floating tourbillon, this watch is a perfect blend of heritage and innovation.Piece Unique already sold!⌚️tag price: $880,000.00",https://www.tiktok.com/@rogerygsbkj/video/7634440643250588959?is_from_webapp=1&sender_device=pc,"#tiktokshop, #fyp, #TikTokShopHolidayHaul, #makeup, #brushholder",32.8K,8973,9548,FALSE,2,Suspicious,Keyword: 'watch',No bio yet.,,5186,59.6K,N/A
2026-07-21 20:51:09,jule.marie.jensen,Okay?? @Clari <3 #sisters,https://www.tiktok.com/@jule.marie.jensen/video/7663930877260451105?is_from_webapp=1&sender_device=pc,#sisters,1.4M,1440,115.7K,FALSE,0,Clean,N/A,N/A,N/A,N/A,N/A,N/A
2026-07-21 20:51:25,momentum_dial,Relojes asequibles que todo hombre debe tener 🤩. ¿Con cuál te quedas ? #seiko #relojes #hombre #elegancia #relojeria,https://www.tiktok.com/@momentum_dial/video/7640840919935208726?is_from_webapp=1&sender_device=pc,"#seiko, #relojes, #hombre, #elegancia, #relojeria",2054,22,100,FALSE,0,Clean,N/A,N/A,N/A,N/A,N/A,N/A
2026-07-21 20:51:41,mnb3315,Don’t miss it #tiktokshop #fyp #tiktokshopholidayhaul #makeup #brushhold,https://www.tiktok.com/@mnb3315/video/7644127835782745358?is_from_webapp=1&sender_device=pc,"#tiktokshop, #fyp, #tiktokshopholidayhaul, #makeup, #brushhold",15.4K,6810,4931,FALSE,2,Suspicious,Keyword: 'shop',Follow me for surprises,,3698,22.6K,N/A
2026-07-21 20:53:11,timeseller_com,,https://www.tiktok.com/@timeseller_com/video/7639787883485809927?is_from_webapp=1&sender_device=pc,N/A,3919,25,437,FALSE,0,Clean,N/A,N/A,N/A,N/A,N/A,N/A
2026-07-21 20:53:26,xuao02,,https://www.tiktok.com/@xuao02/video/7663727975203966239?is_from_webapp=1&sender_device=pc,N/A,6179,2798,1684,FALSE,0,Clean,N/A,N/A,N/A,N/A,N/A,N/A
2026-07-21 20:53:43,jehdjshd23,Men understand this feeling bro💔 #respect #respectmoments,https://www.tiktok.com/@jehdjshd23/video/7644272428574723341?is_from_webapp=1&sender_device=pc,"#respect, #respectmoments",563.1K,2739,29.2K,FALSE,0,Clean,N/A,N/A,N/A,N/A,N/A,N/A
2026-07-21 20:54:07,j.pendulum,"In high watchmaking, sound is the ultimate complication. Deciphering the acoustic symphony of a minute repeater:1. Low Tones: The Hours.2. Double Chimes (High/Low):The Quarters (15, 30, or 45 minutes).3. High Tones:The remaining single Minutes.Example: 4 low chimes, 3 double chimes, and 13 high chimes = 4:58🔔 Follow for more timepieces.💾 Save for later #PatekPhilippe #5013R #MinuteRepeater #Luxurywatches # Horology",https://www.tiktok.com/@j.pendulum/video/7656415040970509569?is_from_webapp=1&sender_device=pc,N/A,2172,19,179,FALSE,8,Probable Scam,"Keyword: 'luxury', Keyword: 'watch'","The Grand Complications &
Rare Watch Specialist
📍Singapore 🇸🇬

www.jpendulum.com",https://www.tiktok.com/link/v2?aid=1988&lang=en&scene=bio_url&target=www.jpendulum.com,1155,14.9K,N/A
2026-07-21 20:57:16,watchingnl,"Activating the light on demand. The mechanically generated light, which is way brighter than Super-LuniNova. @Panerai #panerai Submersible Elux Lab-ID PAM01800",https://www.tiktok.com/@watchingnl/video/7662716114333437206?is_from_webapp=1&sender_device=pc,N/A,527,10,29,FALSE,6,Probable Scam,Keyword: 'watch',WatchingNL is Watching magazine en www.horloge.info 🇳🇱,,14.5K,181.7K,N/A
2026-07-21 20:59:16,wenwen6643,"Activating the light on demand. The mechanically generated light, which is way brighter than Super-LuniNova. @Panerai #panerai Submersible Elux Lab-ID PAM01800",https://www.tiktok.com/@wenwen6643/video/7658237626335448350?is_from_webapp=1&sender_device=pc,#panerai,1393,1377,584,FALSE,0,Clean,N/A,N/A,N/A,N/A,N/A,N/A
2026-07-21 20:59:31,wildberries_7396,Артикул в описании профиля ❤️ #подарок #подарокжене #подарокнаденьрождения #декор #необычныйдекор #вб #озон #валдберис #валдбериз #маркетплейсы #маркетплейс #находкиwildberries #находки #находкидлядома #уют #уютныйдом #подаркидлявсех #подарокдлянее #подарокдлядевушки #wildberries #wildberriesru #находкиwb #ozon #ozonru #тренд #тренд2024 #артикул #уютныйинтерьер,https://www.tiktok.com/@wildberries_7396/video/7631833702212930837?is_from_webapp=1&sender_device=pc,"#декор, #необычныйдекор, #вб, #озон, #валдберис, #валдбериз, #маркетплейсы, #маркетплейс, #находкиwildberries, #находкидлядома",41.1K,149,3105,FALSE,0,Clean,N/A,N/A,N/A,N/A,N/A,N/A
2026-07-21 20:59:47,munich_watch_lover,Ulysse Nardin Super Freak #hautehorlogerie #ulyssenardin #tourbillon #watchesandwonders,https://www.tiktok.com/@munich_watch_lover/video/7659368315684474145?is_from_webapp=1&sender_device=pc,"#находкиwildberries, #находкидлядома, #уютныйдом, #подарокдлядевушки, #wildberries, #wildberriesru, #находкиwb, #ozon, #ozonru, #hautehorlogerie, #ulyssenardin, #tourbillon, #watchesandwonders",1618,11,75,FALSE,5,Probable Scam,"Keyword: 'watch', Hashtag: '#watch', Hashtag: '#watches'","The best of Horology hands-on!
My own 🎥
Instagram: 520k
YouTube: 330k",,469.2K,7.2M,N/A
2026-07-21 21:01:47,svipoet,Don’t miss it #tiktokshop #fyp #TikTokShopHolidayHaul #makeup #brushholder,https://www.tiktok.com/@svipoet/video/7641174802945903885?is_from_webapp=1&sender_device=pc,"#tiktokshop, #fyp, #TikTokShopHolidayHaul, #makeup, #brushholder",10.5K,2480,4108,FALSE,2,Suspicious,Keyword: 'shop',"Believe in God. If you pay attention to me, you will become rich.💰💰💰💵💵💵💰💰💰",,4788,40.3K,N/A
2026-07-21 21:03:17,birsa.kg,,https://www.tiktok.com/@birsa.kg/video/7654245651970149652?is_from_webapp=1&sender_device=pc,N/A,1114,14,53,FALSE,5,Low Risk,Phone number in bio,"Whatsapp +996 506 200 024☎️
Доставка по всему СНГ‼️
📍Адрес ГУМ 2-этаж островок ОВ 05👇",,362.3K,9.6M,N/A
2026-07-21 21:05:17,moneymovesjake,This is crushing group 7!(Results not guaranteed),https://www.tiktok.com/@moneymovesjake/video/7664386682896092446?is_from_webapp=1&sender_device=pc,N/A,5523,3623,2278,FALSE,0,Clean,N/A,N/A,N/A,N/A,N/A,N/A
2026-07-21 21:05:32,ron_rae,**edited to add** the queen has been found @katie kimball you run. I ride #lanadelrey #fyp #relationships #viral,https://www.tiktok.com/@ron_rae/video/7662903596605771021?is_from_webapp=1&sender_device=pc,"#lanadelrey, #fyp, #relationships, #viral",5.2M,6089,488K,FALSE,0,Clean,N/A,N/A,N/A,N/A,N/A,N/A
2026-07-21 21:05:48,luxunery.shop,12 Caballeros ⚔️💀 Un Reloj con Historia Worldwide Shipping 🌎 Garantía 12 meses #knight #lordoftherings #gameofthrones #reloj #vikings,https://www.tiktok.com/@luxunery.shop/video/7632679220304547092?is_from_webapp=1&sender_device=pc,"#knight, #lordoftherings, #gameofthrones, #reloj, #vikings",44.7K,217,5468,FALSE,14,Suspicious,"Keyword: 'shop', Phone number in bio",WhatsApp +573164476088 to order 🛍️ Luxury Watches Worldwide⌚ Dm to order 🌎,https://www.tiktok.com/link/v2?aid=1988&lang=en&scene=bio_url&target=luxuneryshop.com,35.9K,713.3K,N/A
2026-07-21 21:07:47,xuao02,,https://www.tiktok.com/@xuao02/video/7663726788383755550?is_from_webapp=1&sender_device=pc,N/A,11.9K,7332,2663,FALSE,0,Clean,N/A,N/A,N/A,N/A,N/A,N/A
2026-07-21 21:09:20,watch_flow_,"A Rolex look, without spending Rolex money. The Seiko GMT “Batman” SSK003K1🦇💙 #seiko #watchflow #watches",https://www.tiktok.com/@watch_flow_/video/7650889047577038113?is_from_webapp=1&sender_device=pc,"#seiko, #watchflow, #watches",16.3K,384,962,FALSE,8,Probable Scam,"Keyword: 'rolex', Keyword: 'watch', Hashtag: '#watch', Hashtag: '#watches'","Weekly Watch Content⏱️
Based In The Netherlands🇳🇱
Seiko Reseller
Follow For More
Instagram: watch_flow",,659,21.7K,N/A
2026-07-21 21:11:20,b291353,,https://www.tiktok.com/@b291353/video/7660775974589533454?is_from_webapp=1&sender_device=pc,N/A,2631,2171,1058,FALSE,0,Clean,N/A,N/A,N/A,N/A,N/A,N/A
2026-07-21 21:11:35,luxunery.shop,RD Green Chrome 💚 Movimiento japonés 🇯🇵 Garantía 12 meses Worldwide Shipping 🌎 #luxurywatch #watchesoftiktok #reloj #watch #verde,https://www.tiktok.com/@luxunery.shop/video/7632829251246460180?is_from_webapp=1&sender_device=pc,"#luxurywatch, #watchesoftiktok, #reloj, #watch, #verde",11.9K,42,432,FALSE,21,Almost Certainly a Scam,"Keyword: 'luxury', Keyword: 'watch', Keyword: 'shop', Hashtag: '#watch', Hashtag: '#watches', Hashtag: '#luxury', Phone number in bio",WhatsApp +573164476088 to order 🛍️ Luxury Watches Worldwide⌚ Dm to order 🌎,https://www.tiktok.com/link/v2?aid=1988&lang=en&scene=bio_url&target=luxuneryshop.com,35.9K,713.3K,N/A
2026-07-21 21:13:35,toreyegl7jl,Don’t miss it #tiktokshop #fyp #TiKTokShopHolidayHaul #makeuptutorial #brushholder,https://www.tiktok.com/@toreyegl7jl/video/7657442840087219487?is_from_webapp=1&sender_device=pc,"#tiktokshop, #fyp, #TiKTokShopHolidayHaul, #makeuptutorial, #brushholder",66.3K,29K,28.9K,FALSE,2,Suspicious,Keyword: 'shop',No bio yet.,,11.4K,72.9K,N/A
2026-07-21 21:13:55,lizet__94,#hotgirlsummer #iv,https://www.tiktok.com/@lizet__94/video/7651872386203028750?is_from_webapp=1&sender_device=pc,"#hotgirlsummer, #iv",2M,4272,167.8K,FALSE,0,Clean,N/A,N/A,N/A,N/A,N/A,N/A
2026-07-21 21:15:19,munich_watch_lover,Bvlgari Octo Finissimo Ultra COSC #hautehorlogerie #worldrecord #ultrathin,https://www.tiktok.com/@munich_watch_lover/video/7655710258404330785?is_from_webapp=1&sender_device=pc,"#hautehorlogerie, #worldrecord, #ultrathin",59.5K,889,6288,FALSE,2,Suspicious,Keyword: 'watch',"The best of Horology hands-on!
My own 🎥
Instagram: 520k
YouTube: 330k",,469.2K,7.2M,N/A
2026-07-21 21:15:39,kgm.2007,imagine #fypシ #single #extalkingstage,https://www.tiktok.com/@kgm.2007/video/7663407889951837454?is_from_webapp=1&sender_device=pc,"#fypシ, #single, #extalkingstage",612.1K,306,6437,FALSE,0,Clean,N/A,N/A,N/A,N/A,N/A,N/A
2026-07-21 21:15:54,funny.pet.perspective,Cristiano Ronaldo is the kindness player I've ever seen #player #ronaldo #respect #footballtiktok #tiktok,https://www.tiktok.com/@funny.pet.perspective/video/7632628078975421726?is_from_webapp=1&sender_device=pc,"#player, #ronaldo, #respect, #footballtiktok, #tiktok",5.3M,25.7K,129.9K,FALSE,0,Clean,N/A,N/A,N/A,N/A,N/A,N/A
2026-07-21 21:16:10,luxunery.shop,RD Black Cobra 🐍 Worldwide Shipping 🌎 Movimiento japonés 🇯🇵 Garantía 12 meses DM to Order 🛍️ #black #watchesoftiktok #reloj #watch #cobra,https://www.tiktok.com/@luxunery.shop/video/7636404971231104276?is_from_webapp=1&sender_device=pc,"#black, #watchesoftiktok, #reloj, #watch, #cobra",29.7K,180,3284,FALSE,20,Almost Certainly a Scam,"Keyword: 'watch', Keyword: 'dm', Keyword: 'shop', Hashtag: '#watch', Hashtag: '#watches', Phone number in bio",WhatsApp +573164476088 to order 🛍️ Luxury Watches Worldwide⌚ Dm to order 🌎,https://www.tiktok.com/link/v2?aid=1988&lang=en&scene=bio_url&target=luxuneryshop.com,35.9K,713.3K,N/A
2026-07-21 21:18:10,ook5963,Don’t miss it #tiktokshop #fyp #tiktokshopholidayhaul #makeup #brushholder,https://www.tiktok.com/@ook5963/video/7659969079104523550?is_from_webapp=1&sender_device=pc,"#tiktokshop, #fyp, #tiktokshopholidayhaul, #makeup, #brushholder",1833,1869,875,FALSE,2,Suspicious,Keyword: 'shop',Follow me for surprises 💵💵💵💵💵💵,,898,4804,N/A
2026-07-21 21:19:41,birsa.kg,,https://www.tiktok.com/@birsa.kg/video/7633472166662606101?is_from_webapp=1&sender_device=pc,N/A,9813,36,346,FALSE,0,Clean,N/A,N/A,N/A,N/A,N/A,N/A
2026-07-21 21:19:57,devon04462,"funny , prank , scare , lmao : #prank #scared #funny #lmao #fyp",https://www.tiktok.com/@devon04462/video/7662641765228236062?is_from_webapp=1&sender_device=pc,"#prank, #scared, #funny, #lmao, #fyp",11.3K,52,259,FALSE,0,Clean,N/A,N/A,N/A,N/A,N/A,N/A
2026-07-21 21:20:12,user5565886697618,,https://www.tiktok.com/@user5565886697618/video/7660828405444742431?is_from_webapp=1&sender_device=pc,N/A,692,524,293,FALSE,1,Low Risk,N/A,No bio yet.,,5845,12.8K,N/A
2026-07-21 21:20:32,luxunery.shop,samurai Watch 🇯🇵⚔️Worldwide Shipping 🌎 Garantía 12 meses Movimiento japonés #japantiktok #samurai #reloj #watchesoftiktok #luxurywatch,https://www.tiktok.com/@luxunery.shop/video/7632768773208034581?is_from_webapp=1&sender_device=pc,"#japantiktok, #samurai, #reloj, #watchesoftiktok, #luxurywatch",30.7K,262,3895,FALSE,21,Almost Certainly a Scam,"Keyword: 'luxury', Keyword: 'watch', Keyword: 'shop', Hashtag: '#watch', Hashtag: '#watches', Hashtag: '#luxury', Phone number in bio",WhatsApp +573164476088 to order 🛍️ Luxury Watches Worldwide⌚ Dm to order 🌎,https://www.tiktok.com/link/v2?aid=1988&lang=en&scene=bio_url&target=luxuneryshop.com,35.9K,713.3K,N/A
2026-07-21 21:23:49,munich_watch_lover,Jacob&Co Bugatti Chiron Tourbillon Baguette Emeralds #jacobandco #bugatti #hautehorlogerie #tourbillon,https://www.tiktok.com/@munich_watch_lover/video/7641901599689870624?is_from_webapp=1&sender_device=pc,"#jacobandco, #bugatti, #hautehorlogerie, #tourbillon",151.1K,2830,15.1K,FALSE,4,Probable Scam,"Keyword: 'bag', Keyword: 'watch'","The best of Horology hands-on!
My own 🎥
Instagram: 520k
YouTube: 330k",,469.2K,7.2M,N/A
2026-07-21 21:25:49,vibing.with.sancipriano,Si funciona !! #parati,https://www.tiktok.com/@vibing.with.sancipriano/video/7658014971460144405?is_from_webapp=1&sender_device=pc,#parati,1214,83,54,FALSE,0,Clean,N/A,N/A,N/A,N/A,N/A,N/A
2026-07-21 21:26:05,turovsthewrld,"Just got my first watch for the collection👀 thinking of going for the seiko aplinist or tissot prx next😅 SEIKO GMT SSK001 ""BRUCE WAYNE"" #watchtok #seiko #targetaudience #watches #fyp",https://www.tiktok.com/@turovsthewrld/video/7632451373518327053?is_from_webapp=1&sender_device=pc,"#watchtok, #seiko, #targetaudience, #watches, #fyp",19.8K,497,662,FALSE,6,Probable Scam,"Keyword: 'watch', Hashtag: '#watch', Hashtag: '#watches'","Bay Area
I post cool stuff, well at least I think it is🤷",https://www.tiktok.com/link/v2?aid=1988&lang=en&scene=bio_url&target=https%3A%2F%2Fyoutu.be%2FaqwQx1RM5P0%3Fis%3DUhCwBWvRBs1TG0cj,5189,939.2K,N/A
2026-07-21 21:28:04,moonwhisper596,Don't miss it #tiktokshop #fyp #TikTokShopHolidayHaul #makeup #brushholder,https://www.tiktok.com/@moonwhisper596/video/7642657322556214541?is_from_webapp=1&sender_device=pc,"#tiktokshop, #fyp, #TikTokShopHolidayHaul, #makeup, #brushholder",4549,2247,2102,FALSE,2,Suspicious,Keyword: 'shop',"Believe me, you will become rich if you follow me.💰💰💸💸💵💵💵",,16.2K,77.4K,N/A
2026-07-21 21:28:24,cutefunnypets222,Proposal in her best friend wedding #engagement #wedding #surprise #proposal #marriage,https://www.tiktok.com/@cutefunnypets222/video/7631896149707754782?is_from_webapp=1&sender_device=pc,"#engagement, #wedding, #surprise, #proposal, #marriage",411K,824,4187,FALSE,0,Clean,N/A,N/A,N/A,N/A,N/A,N/A
2026-07-21 21:29:48,momentum_dial,Seiko GMT el reloj que te hará cambiar de opinión 😉. #seiko #relojes #hombre #elegancia #relojeria,https://www.tiktok.com/@momentum_dial/video/7660905469753740547?is_from_webapp=1&sender_device=pc,"#seiko, #relojes, #hombre, #elegancia, #relojeria",1384,7,74,FALSE,5,Low Risk,N/A,"DM me for more information !
Escríbeme al Dm para más información !",,1189,32K,N/A
2026-07-21 21:31:48,fghkjl22,Don’t miss it #tiktokshop #fyp #tiktokshopholidayhaul #makeup #brushholder,https://www.tiktok.com/@fghkjl22/video/7644879851903520013?is_from_webapp=1&sender_device=pc,"#tiktokshop, #fyp, #tiktokshopholidayhaul, #makeup, #brushholder",112.5K,47.2K,49.3K,FALSE,2,Suspicious,Keyword: 'shop',Follow me for surprises,,23.4K,117.8K,N/A
2026-07-21 21:32:08,cheekychicks67,whatta save #fyp #lack,https://www.tiktok.com/@cheekychicks67/video/7646763722400189714?is_from_webapp=1&sender_device=pc,"#fyp, #lack",136.9K,44,3277,FALSE,0,Clean,N/A,N/A,N/A,N/A,N/A,N/A
2026-07-21 21:32:24,lucawatchesinv,Buy your dream watch!-Contact us today! #watchesinvestments #luxurywatch #luxurylifestyle #watchcollector,https://www.tiktok.com/@lucawatchesinv/video/7645764372597329165?is_from_webapp=1&sender_device=pc,"#watchesinvestments, #luxurywatch, #luxurylifestyle, #watchcollector",4548,30,307,FALSE,15,Almost Certainly a Scam,"Keyword: 'contact', Keyword: 'luxury', Keyword: 'watch', Keyword: 'buy', Hashtag: '#watch', Hashtag: '#watches', Hashtag: '#luxury'","BUY-SELL-TRADE 100% Authentic timepieces & Handbags
16850 Collins Ave #106 Sunny Isles, FL",,3924,179.4K,N/A
2026-07-21 21:34:24,mystic.aline,Aproveita pra manifestar sua pessoa específica usando o Método Aya 💌 #metodoaya #affirmations #manifestation #lds #fyp,https://www.tiktok.com/@mystic.aline/video/7651065159292570900?is_from_webapp=1&sender_device=pc,"#watchcollector, #metodoaya, #affirmations, #manifestation, #lds, #fyp",1674,82,745,FALSE,3,Low Risk,Hashtag: '#watch',✨ criando a vida dos meus sonhos ✨ lucky girl era 🍀,https://www.tiktok.com/link/v2?aid=1988&lang=en&scene=bio_url&target=https%3A%2F%2Fapps.apple.com%2Fbr%2Fapp%2Faya-manifeste-seu-eu-ideal%2Fid6760195623,2275,64K,N/A
2026-07-21 21:35:53,apexwatches_,"Royal Oak Perpetual Calendar 🌌— dark, deep, and utterly magnetic.Black ceramic casing with that iconic octagonal bezel; every angle is a masterclass in geometry.Snap it on, and the complex calendar speaks for itself. It doesn't just tell time—it rules it.#Watch #LuxuryWatches #RoyalOak #ApexWatches #WatchCollector",https://www.tiktok.com/@apexwatches_/video/7660105120310447382?is_from_webapp=1&sender_device=pc,N/A,99,1,4,FALSE,19,Almost Certainly a Scam,"Keyword: 'luxury', Keyword: 'watch', Phone number in bio","Luxury watches from China. ✈️Global delivery, 💎Quality 1:1
📞WA:+8613070766567",,722,4901,N/A
2026-07-21 21:37:53,langtuo,"Pakai setiap hari, rasai perbezaannya. 💜💖 #purplecrystalbracelet #pinkcrystaljewelry #crystaltok #crystaltiktok #tiktokshopmalaysia",https://www.tiktok.com/@langtuo/video/7663899829038304533?is_from_webapp=1&sender_device=pc,"#purplecrystalbracelet, #pinkcrystaljewelry, #crystaltok, #crystaltiktok, #tiktokshopmalaysia",597,490,99,FALSE,3,Suspicious,Keyword: 'shop',"Selamat datang ke LangTuo Kristal, usia generasi 00 yang pakar dalam produk kristal",,161,4222,N/A
2026-07-21 21:38:12,sssthejeweler,Turn me into a iceman it’s a very cold season #jumbos #diamondsgrillz #vvsgrillz #iceman #grillz,https://www.tiktok.com/@sssthejeweler/video/7641253366961622303?is_from_webapp=1&sender_device=pc,"#jumbos, #diamondsgrillz, #vvsgrillz, #iceman, #grillz",1.9M,23.2K,169.8K,FALSE,0,Clean,N/A,N/A,N/A,N/A,N/A,N/A
2026-07-21 21:38:37,cwrfzqtnj9,Swiss movement 🇨🇭 Sapphire crystal 💎 904L steel ⌚️ High quality 👑 Quality control ✅ Procurement protection 💯 Box and documents included 📦📄 #watch #follower #fyp #ginevra #watches,https://www.tiktok.com/@cwrfzqtnj9/video/7659347233489341728?is_from_webapp=1&sender_device=pc,N/A,46,3,2,FALSE,15,Almost Certainly a Scam,"Keyword: 'watch', Keyword: 'quality', Keyword: 'quality', Phone number in bio","If you are looking for cheap toys, please do not contact me
👇👇👇How to buy👇👇👇
✈️Ship worldwide🌏
Whats🅰️🅿️🅿️：+86 15568432229",,187,728,N/A
2026-07-21 21:41:47,jarreknxfco,Don’t miss it #tiktokshop #fyp #TikTokShopHolidayHaul #makeup #brushholder,https://www.tiktok.com/@jarreknxfco/video/7649585053101509902?is_from_webapp=1&sender_device=pc,"#tiktokshop, #fyp, #TikTokShopHolidayHaul, #makeup, #brushholder",224.6K,48.3K,67.1K,FALSE,2,Suspicious,Keyword: 'shop',No bio yet.,,30.6K,242.5K,N/A
2026-07-21 21:42:07,lucawatchesinv,The best sound -Contact us today!- #watchesinvestments #luxurywatch #luxurylifestyle #watchcollector,https://www.tiktok.com/@lucawatchesinv/video/7652441378525433101?is_from_webapp=1&sender_device=pc,"#watchesinvestments, #luxurywatch, #luxurylifestyle, #watchcollector",7229,65,586,FALSE,13,Almost Certainly a Scam,"Keyword: 'contact', Keyword: 'luxury', Keyword: 'watch', Hashtag: '#watch', Hashtag: '#watches', Hashtag: '#luxury'","BUY-SELL-TRADE 100% Authentic timepieces & Handbags
16850 Collins Ave #106 Sunny Isles, FL",,3924,179.4K,N/A
2026-07-21 21:44:07,ajwatchz,RM055 Yas Marina Circuit with custom light blue rubber strap #richardmille #watches #watch,https://www.tiktok.com/@ajwatchz/video/7632158989052153109?is_from_webapp=1&sender_device=pc,"#richardmille, #watches, #watch",21.3K,319,673,FALSE,6,Probable Scam,"Keyword: 'watch', Keyword: 'dm', Hashtag: '#watch', Hashtag: '#watches'",No bio yet.,,588,83.8K,N/A
2026-07-21 21:46:07,langtuo.crystal,"Dulu saya fikir gelang crystal boleh terus membawa semua perkara baik kepada saya.Kemudian saya sedar, keberuntungan juga datang apabila kita berani mencuba dan menjaga diri dengan baik.Bagi saya, gelang ini bukan janji keajaiban—ia cuma peringatan untuk terus berharap. #SoftPinkMoonlight #GelangPinkLembut #AksesoriMinimalis #GayaBersih #CrystalBraceletMY",https://www.tiktok.com/@langtuo.crystal/video/7663798813878013191?is_from_webapp=1&sender_device=pc,N/A,747,531,127,FALSE,7,Suspicious,Keyword: 'bag',"Langtuo focuses on selecting high-quality natural crystals, cleverly blending the healing energy of nature with modern aesthetic design.",,389,13.1K,N/A
2026-07-21 21:48:07,kanitime,Link in bio🔗 Get 20% off to your first order🎁Free shipping 🚚 #watch #menswatch #skeletonwatch,https://www.tiktok.com/@kanitime/video/7658717415483739414?is_from_webapp=1&sender_device=pc,"#SoftPinkMoonlight, #GelangPinkLembut, #AksesoriMinimalis, #GayaBersih, #CrystalBraceletMY, #watch, #menswatch, #skeletonwatch",198,3,31,FALSE,13,Almost Certainly a Scam,"Keyword: 'link in bio', Keyword: 'watch', Keyword: 'link', Hashtag: '#watch'","Free Worldwide shipping 🚚
Get 20% off for your first order! 🎁
👇SHOP HERE👇",https://www.tiktok.com/link/v2?aid=1988&lang=en&scene=bio_url&target=https%3A%2F%2Fkanitime.com%2F%3Futm_source%3Dtiktok%26utm_medium%3Dsocial%26utm_campaign%3Dspring_launch%26utm_content%3Dhook_test_1,649,39.3K,N/A
2026-07-21 21:51:16,apexwatches_,"Big Bang Unico Blue Ceramic — Where cutting-edge mechanics meet pure visual poetry. 🌠Look at that open-worked dial: a mechanical labyrinth that turns every second into a performance. The deep blue ceramic bezel, paired with the iconic titanium case, delivers an aggressive yet sophisticated edge.It's not just a timekeeper; it's a statement of fusion. Dynamic, bold, and unapologetically luxury.#Watch #LuxuryWatches #ApexWatches #WatchCollector",https://www.tiktok.com/@apexwatches_/video/7660890573628329238?is_from_webapp=1&sender_device=pc,N/A,34,1,Share,FALSE,19,Almost Certainly a Scam,"Keyword: 'luxury', Keyword: 'watch', Phone number in bio","Luxury watches from China. ✈️Global delivery, 💎Quality 1:1
📞WA:+8613070766567",,722,4901,N/A
2026-07-21 21:53:16,serenecrystal4,"Merah memang tak pernah gagal bagi aura berani, manis dan penuh seri ❤️✨ #GelangAgate #RedAgateBracelet #GelangKristalMalaysia #KristalMerah #gelangpembawarejeki",https://www.tiktok.com/@serenecrystal4/video/7662293732850486548?is_from_webapp=1&sender_device=pc,"#GelangAgate, #RedAgateBracelet, #GelangKristalMalaysia, #KristalMerah, #gelangpembawarejeki",516,411,103,FALSE,5,Suspicious,Keyword: 'bag',"Handmade crystal bracelets·Positive aura🧵
Stones with gentle healing energy🔮",,253,7702,N/A
2026-07-21 21:55:15,mr.junaidusa4,automatic haircut machine in future amazing transmission #technology #haircuttransformation #haircut #automatic #future,https://www.tiktok.com/@mr.junaidusa4/video/7662782497306021134?is_from_webapp=1&sender_device=pc,"#technology, #haircuttransformation, #haircut, #automatic, #future",101.1K,572,2207,FALSE,0,Clean,N/A,N/A,N/A,N/A,N/A,N/A
2026-07-21 21:55:31,serenecrystal4,"Sesuai untuk dipakai ke sekolah, kerja, atau temu janji, ia sentiasa menjadi teman yang sempurna untuk hari anda. 💖 #strawberryquartz #crystalhealing #selflove #calmingcrystal #emotionalhealing",https://www.tiktok.com/@serenecrystal4/video/7664544529898409237?is_from_webapp=1&sender_device=pc,"#haircuttransformation, #haircut, #automatic, #future, #strawberryquartz, #crystalhealing, #selflove, #calmingcrystal, #emotionalhealing",473,324,123,FALSE,3,Low Risk,N/A,"Handmade crystal bracelets·Positive aura🧵
Stones with gentle healing energy🔮",,253,7704,N/A
2026-07-21 21:55:50,oi42618,#Patek #watch #wristwatch #popular #fyp,https://www.tiktok.com/@oi42618/video/7652349325481168150?is_from_webapp=1&sender_device=pc,"#Patek, #watch, #wristwatch, #popular, #fyp",1167,34,73,FALSE,5,Suspicious,"Keyword: 'watch', Hashtag: '#watch', Phone number in bio","✈️Global delivery and shipment

☎️+86 15551777446",,8547,52.3K,N/A
2026-07-21 21:58:59,serenecrystal4,Kuarza Jernih + Amazonite Bracelet→ Fokus • Komunikasi • Ketenangan #crystallover #jewelrytok #lifestyleaccessories #calmaestheticjewelry #dailywearaccessories,https://www.tiktok.com/@serenecrystal4/video/7663495711069195541?is_from_webapp=1&sender_device=pc,"#crystallover, #jewelrytok, #lifestyleaccessories, #calmaestheticjewelry, #dailywearaccessories",338,229,50,FALSE,3,Low Risk,N/A,"Handmade crystal bracelets·Positive aura🧵
Stones with gentle healing energy🔮",,253,7705,N/A
2026-07-21 21:59:18,netdepthoigian_777,Alexander Ferros model 6312S là mẫu đồng hồ nổi bật dành cho quý ông yêu thích phong cách thể thao. Đây là lựa chọn hoàn hảo cho những ai muốn khẳng định cá tính. #lucyluxe #alexanderferros #luxury #dongho #luxurywatch,https://www.tiktok.com/@netdepthoigian_777/video/7638955787020274964?is_from_webapp=1&sender_device=pc,"#lucyluxe, #alexanderferros, #luxury, #dongho, #luxurywatch",19.9K,99,1016,FALSE,9,Probable Scam,"Keyword: 'luxury', Keyword: 'watch', Hashtag: '#luxury', Phone number in bio","ALEXANDER FERROS
For Work : 08322 71 777",https://www.tiktok.com/link/v2?aid=1988&lang=en&scene=bio_url&target=https%3A%2F%2Fwww.facebook.com%2Fshare%2F1EEnWmjCJa%2F%3Fmibextid%3DwwXIfr,8304,290.4K,N/A
2026-07-21 22:01:18,langtuo,"Gelang Merah Agat & Kuarza Jernih ini adalah azimat tenaga untuk tarik nasib baik, kekayaan & perlindungan. #viraljewelry #trendingaccessories #musthavejewelry #fypmalaysia #foryoumalaysia",https://www.tiktok.com/@langtuo/video/7663834068735249684?is_from_webapp=1&sender_device=pc,"#viraljewelry, #trendingaccessories, #musthavejewelry, #fypmalaysia, #foryoumalaysia",415,347,78,FALSE,1,Low Risk,N/A,"Selamat datang ke LangTuo Kristal, usia generasi 00 yang pakar dalam produk kristal",,161,4238,N/A
2026-07-21 22:01:38,crowncraftwatch,Top 5 Men Watches Under €250. Which one would you choose? 🤔 #watches #menwatch #crowncraft #affordablewatches #wristwatch,https://www.tiktok.com/@crowncraftwatch/video/7662092890159680791?is_from_webapp=1&sender_device=pc,"#watches, #menwatch, #crowncraft",145,0,2,FALSE,9,Almost Certainly a Scam,"Keyword: 'watch', Hashtag: '#watch', Hashtag: '#watches'",Earn Your Crown.,https://www.tiktok.com/link/v2?aid=1988&lang=en&scene=bio_url&target=crowncraftwatch.com,35.7K,841.1K,N/A
2026-07-21 22:03:37,nima.ahmed34,Gender revelation:revealed in Advance 😭😭 #genderreveal #fail #babylove #foryoupage,https://www.tiktok.com/@nima.ahmed34/video/7647161464473619742?is_from_webapp=1&sender_device=pc,"#watches, #menwatch, #crowncraft, #affordablewatches, #wristwatch, #genderreveal, #fail, #babylove, #foryoupage",1.9M,3368,23.2K,FALSE,2,Suspicious,"Hashtag: '#watch', Hashtag: '#watches'",No bio yet.,,36.8K,2.7M,N/A
2026-07-21 22:05:07,luxunery.shop,RD Verde Esmeralda 💚 Worldwide Shipping 🌎 Movimiento japonés 🇯🇵 Garantía 12 meses #luxurywatch #watchesoftiktok #reloj #watches #green,https://www.tiktok.com/@luxunery.shop/video/7633523268271623444?is_from_webapp=1&sender_device=pc,"#luxurywatch, #watchesoftiktok, #reloj, #watches, #green",3437,35,258,FALSE,21,Almost Certainly a Scam,"Keyword: 'luxury', Keyword: 'watch', Keyword: 'shop', Hashtag: '#watch', Hashtag: '#watches', Hashtag: '#luxury', Phone number in bio",WhatsApp +573164476088 to order 🛍️ Luxury Watches Worldwide⌚ Dm to order 🌎,https://www.tiktok.com/link/v2?aid=1988&lang=en&scene=bio_url&target=luxuneryshop.com,35.9K,713.4K,N/A
2026-07-21 22:07:07,ontoself,See 11:11. Close your eyes. Manifest your wish to the universe. ✨ #1111 #manifestation #crystaltok #amethyst #clearquartz,https://www.tiktok.com/@ontoself/video/7656747376287288594?is_from_webapp=1&sender_device=pc,"#1111, #manifestation, #crystaltok, #amethyst, #clearquartz",501,398,132,FALSE,5,Suspicious,Keyword: '1:1',"Jewellery for becoming her
Self-growth • Confidence • Intention
Designed in Australia 🇦🇺",https://www.tiktok.com/link/v2?aid=1988&lang=en&scene=bio_url&target=https%3A%2F%2Fontoself.com,1178,36.5K,N/A
2026-07-21 22:09:07,lavv.giota,Go nowhere. #fypppppppppppppp #mpesfyp #goviral #holidays #lefkadagreece,https://www.tiktok.com/@lavv.giota/video/7662763401256488214?is_from_webapp=1&sender_device=pc,"#fypppppppppppppp, #mpesfyp, #goviral, #holidays, #lefkadagreece",745.7K,360,93.5K,FALSE,0,Clean,N/A,N/A,N/A,N/A,N/A,N/A
2026-07-21 22:09:23,serenecrystal4,Merah menyala yang terus menaikkan seri dan semangat ❤️✨ #GelangRedAgate #RedAgateMalaysia #RacunTikTokMY #TikTokShopMalaysia #fypmalaysia,https://www.tiktok.com/@serenecrystal4/video/7663019325384576277?is_from_webapp=1&sender_device=pc,"#GelangRedAgate, #RedAgateMalaysia, #RacunTikTokMY, #TikTokShopMalaysia, #fypmalaysia",349,288,68,FALSE,5,Suspicious,Keyword: 'shop',"Handmade crystal bracelets·Positive aura🧵
Stones with gentle healing energy🔮",,253,7709,N/A
2026-07-21 22:11:23,momentum_dial,Solo un simple reloj dicen… 🤔 #seiko #relojes #hombre #elegancia #relojeria,https://www.tiktok.com/@momentum_dial/video/7655685657204968726?is_from_webapp=1&sender_device=pc,"#seiko, #relojes, #hombre, #elegancia, #relojeria",1204,14,52,FALSE,5,Low Risk,N/A,"DM me for more information !
Escríbeme al Dm para más información !",,1189,32K,N/A
2026-07-21 22:14:32,netdepthoigian_777,"Nhâm nhi ly cà phê, lắng nghe nhịp sống - và để Alexander Ferros 9081R-08 kể câu chuyện tinh tế bằng nhịp kim #lucyluxe #alexanderferros #luxury #dongho #luxurywatch",https://www.tiktok.com/@netdepthoigian_777/video/7637156454981504277?is_from_webapp=1&sender_device=pc,"#lucyluxe, #alexanderferros, #luxury, #dongho, #luxurywatch",50.9K,217,3718,FALSE,9,Probable Scam,"Keyword: 'luxury', Keyword: 'watch', Hashtag: '#luxury', Phone number in bio","ALEXANDER FERROS
For Work : 08322 71 777",https://www.tiktok.com/link/v2?aid=1988&lang=en&scene=bio_url&target=https%3A%2F%2Fwww.facebook.com%2Fshare%2F1EEnWmjCJa%2F%3Fmibextid%3DwwXIfr,8304,290.4K,N/A
2026-07-21 22:16:32,ontoself,It keeps your aura bright as you chase your goals softly💛 #crystalhealing #crystaltok #crystals #manifestation #goodvibes,https://www.tiktok.com/@ontoself/video/7659005441715866898?is_from_webapp=1&sender_device=pc,"#crystalhealing, #crystaltok, #crystals, #manifestation, #goodvibes",535,397,114,FALSE,3,Low Risk,N/A,"Jewellery for becoming her
Self-growth • Confidence • Intention
Designed in Australia 🇦🇺",https://www.tiktok.com/link/v2?aid=1988&lang=en&scene=bio_url&target=https%3A%2F%2Fontoself.com,1178,36.5K,N/A
2026-07-21 22:16:51,kimberly_burleson,First baby in the family so we had to break out this old trend! @TrystNett,https://www.tiktok.com/@kimberly_burleson/video/7648114524083473677?is_from_webapp=1&sender_device=pc,N/A,4.4M,3246,158K,FALSE,0,Clean,N/A,N/A,N/A,N/A,N/A,N/A
2026-07-21 22:17:07,doctorunk13,Tudor black bay Gmt 🇺🇸 colors #watch #tudor #watchtok #iykyk #america,https://www.tiktok.com/@doctorunk13/video/7636555723417160974?is_from_webapp=1&sender_device=pc,"#watch, #tudor, #watchtok, #iykyk, #america",3423,126,152,FALSE,3,Suspicious,"Keyword: 'watch', Hashtag: '#watch'",more pew on my insta @adickted1 https://youtube.com/@adickted1?si=uc_h4tUKUqlFZlqO,,1371,53K,N/A
2026-07-21 22:18:45,swissmadeofficial,"The $1,100,000.00 @jacobandco Caviar Tourbillon Blue Sapphires 44mm is a masterpiece where haute horlogerie meets high jewelry.Set with 710 natural blue sapphires totaling 36.77 ct, every angle reveals a new explosion of color, while the flying tourbillon reminds you this is far more than a watch.",https://www.tiktok.com/@swissmadeofficial/video/7660499462782995745?is_from_webapp=1&sender_device=pc,N/A,2126,21,100,FALSE,8,Suspicious,"Keyword: 'watch', Phone number in bio","For watches use only 🇮🇹
On IG 1.900.000 followers",https://www.tiktok.com/link/v2?aid=1988&lang=en&scene=bio_url&target=https%3A%2F%2Fwww.instagram.com%2Fvertigo1983%3Figsh%3DMXJydjVuY253c3N2OA%253D%253D%26utm_source%3Dqr,92.7K,1.7M,N/A
2026-07-21 22:20:45,serenecrystal4,"The $1,100,000.00 @jacobandco Caviar Tourbillon Blue Sapphires 44mm is a masterpiece where haute horlogerie meets high jewelry.Set with 710 natural blue sapphires totaling 36.77 ct, every angle reveals a new explosion of color, while the flying tourbillon reminds you this is far more than a watch.",https://www.tiktok.com/@serenecrystal4/video/7663107418792004884?is_from_webapp=1&sender_device=pc,"#GelangBlackObsidian, #BlackObsidianMY, #BarangViralMY, #TikTokShopMalaysia, #fypmalaysia",1156,786,212,FALSE,4,Suspicious,Keyword: 'watch',"Handmade crystal bracelets·Positive aura🧵
Stones with gentle healing energy🔮",,253,7712,N/A
2026-07-21 22:22:44,d7123041wa2,This divine fluorite unicorn clears anxiety and calms your restless mind.DM for custom carved crystalpieces. #crystals #crystalhealing #crystalshop #manifestation #positiveenergy,https://www.tiktok.com/@d7123041wa2/video/7660541012426722580?is_from_webapp=1&sender_device=pc,"#crystals, #crystalhealing, #crystalshop, #manifestation, #positiveenergy",1274,780,158,FALSE,4,Probable Scam,"Keyword: 'dm', Keyword: 'shop'",🧿Your does of calm & positive energyo🔮 Healing & manifestation Crystals ✨ Believe in the powder of belief,,65,1503,N/A
2026-07-21 22:24:44,momentum_dial,Seiko GMT el reloj perfecto . #seiko #watchcollectors #luxurywatches #reloj #hombre,https://www.tiktok.com/@momentum_dial/video/7648662765464194326?is_from_webapp=1&sender_device=pc,"#positiveenergy, #seiko, #watchcollectors, #luxurywatches, #reloj, #hombre",691,14,43,FALSE,12,Almost Certainly a Scam,"Keyword: 'luxury', Keyword: 'watch', Hashtag: '#watch', Hashtag: '#luxury'","DM me for more information !
Escríbeme al Dm para más información !",,1189,32K,N/A
2026-07-21 22:26:44,jayfayrob67,thank you haskell #fyp #twins #glife,https://www.tiktok.com/@jayfayrob67/video/7650356400266202399?is_from_webapp=1&sender_device=pc,"#fyp, #twins, #glife",1.7M,7583,146.5K,FALSE,0,Clean,N/A,N/A,N/A,N/A,N/A,N/A
2026-07-21 22:28:08,,,,N/A,,,,FALSE,3,Suspicious,N/A,N/A,N/A,N/A,N/A,N/A
2026-07-21 22:29:42,,,,N/A,,,,FALSE,3,Suspicious,N/A,N/A,N/A,N/A,N/A,N/A
2026-07-21 22:32:40,ontoself,"If this found you at 11:11, don’t ignore it. ✨Take a deep breath. Set one intention. Trust that what’s meant for you is already making its way to you. 🌙 #1111 #crystaltok #aesthetic #Manifestation #crystalhealing",https://www.tiktok.com/@ontoself/video/7663862334514908423?is_from_webapp=1&sender_device=pc,"#1111, #crystaltok, #aesthetic, #Manifestation, #crystalhealing",308,203,69,FALSE,5,Suspicious,Keyword: '1:1',"Jewellery for becoming her
Self-growth • Confidence • Intention
Designed in Australia 🇦🇺",https://www.tiktok.com/link/v2?aid=1988&lang=en&scene=bio_url&target=https%3A%2F%2Fontoself.com,1178,36.5K,N/A
2026-07-21 22:34:40,crowncraftwatch,Which one would you choose? Let us know in the comments! #watches #watchlover #affordablewatch #menwatch #crowncraft,https://www.tiktok.com/@crowncraftwatch/video/7660969087530437910?is_from_webapp=1&sender_device=pc,"#crystalhealing, #watches, #watchlover, #affordablewatch, #menwatch",101,1,1,FALSE,9,Almost Certainly a Scam,"Keyword: 'watch', Hashtag: '#watch', Hashtag: '#watches'",Earn Your Crown.,https://www.tiktok.com/link/v2?aid=1988&lang=en&scene=bio_url&target=crowncraftwatch.com,35.7K,841.1K,N/A
2026-07-21 22:36:39,momentum_dial,Este reloj realmente te hará destacar . ⌚️Estás de acuerdo ? #seiko #relojes #hombre #elegancia #relojeria,https://www.tiktok.com/@momentum_dial/video/7657603587450735894?is_from_webapp=1&sender_device=pc,"#watches, #watchlover, #affordablewatch, #menwatch, #crowncraft, #seiko, #relojes, #hombre, #elegancia, #relojeria",715,7,19,FALSE,8,Probable Scam,"Hashtag: '#watch', Hashtag: '#watches'","DM me for more information !
Escríbeme al Dm para más información !",,1189,32K,N/A
2026-07-21 22:38:39,langtuo.crystal,"💰 Attract Success. Wear Confidence. 🐅This stunning bracelet combines Tiger Eye, Citrine, Smoky Quartz and Obsidian—a timeless blend inspired by confidence, courage and abundance.✨ Designed to inspire positive energy💰 A symbol of growth and opportunity🖤 An elegant everyday accessory with meaningful styleEvery goal begins with one decision: believe in yourself. Wear this bracelet as your daily reminder to stay focused, embrace every opportunity and keep moving toward your dreams. #TigerEye #Citrine #CrystalBracelet #LuckyBracelet #Manifestation",https://www.tiktok.com/@langtuo.crystal/video/7663126109680110866?is_from_webapp=1&sender_device=pc,N/A,746,546,124,FALSE,5,Low Risk,N/A,"Langtuo focuses on selecting high-quality natural crystals, cleverly blending the healing energy of nature with modern aesthetic design.",,390,13.1K,N/A
2026-07-21 22:40:39,xueafp,"funny , prank , scare , lmao : #prank #scared #funny #lmao #fyp",https://www.tiktok.com/@xueafp/video/7644592092915780894?is_from_webapp=1&sender_device=pc,"#TigerEye, #Citrine, #CrystalBracelet, #LuckyBracelet, #Manifestation, #prank, #scared, #funny, #lmao, #fyp",9314,70,296,FALSE,0,Clean,N/A,N/A,N/A,N/A,N/A,N/A
2026-07-21 22:42:04,momentum_dial,Seiko la marca que te hará cambiar de opinión . #seiko #relojes #hombre #elegancia #relojeria,https://www.tiktok.com/@momentum_dial/video/7662382398298000662?is_from_webapp=1&sender_device=pc,"#seiko, #relojes, #hombre, #elegancia, #relojeria",1299,20,90,FALSE,0,Clean,N/A,N/A,N/A,N/A,N/A,N/A
2026-07-21 22:42:20,laicaicrystal,Manifest your desires with energy healing crystal bracelet! 11:11 energy good luck 🍀 #crystalhealing #zodiac #crystals #manifestation #affirmations,https://www.tiktok.com/@laicaicrystal/video/7635812145115958541?is_from_webapp=1&sender_device=pc,"#crystalhealing, #zodiac, #crystals, #manifestation",637,444,169,FALSE,5,Suspicious,Keyword: '1:1',I love crystals,https://www.tiktok.com/link/v2?aid=1988&lang=en&scene=bio_url&target=https%3A%2F%2Flaicaicrystal.com,1975,82.5K,N/A
2026-07-21 22:44:20,momentum_dial,Con cual te quedas ? Comenta tu favorito 😉 #seiko #relojes #hombre #elegancia #relojeria,https://www.tiktok.com/@momentum_dial/video/7662765884473396483?is_from_webapp=1&sender_device=pc,"#crystalhealing, #zodiac, #crystals, #manifestation, #affirmations, #seiko, #relojes, #hombre, #elegancia, #relojeria",228,6,2,FALSE,7,Suspicious,N/A,"DM me for more information !
Escríbeme al Dm para más información !",,1189,32.1K,N/A
2026-07-21 22:46:20,daoyuanlustre,"✨Stop Wearing Crystals Blindly! A Complete Guide to Crystal Bracelets for Your Reference ▫️Clear Quartz | Purifies negative energy, boosts concentration, eases mental exhaustion and insomnia, a must-have for students and office workers ▫️Rose Quartz | Attracts genuine love gently, enhances interpersonal luck and resolves social conflicts, ideal for singles and socially anxious people ▫️Smoky Quartz | Shields against schemers and disputes, relieves anxiety and stress, safeguards those who often stay up late or go out frequently ▫️Aquamarine | Calms irritable tempers, improves communication skills and removes obstacles during negotiations and conversations ▫️Citrine | The Stone of Wealth, draws legitimate financial opportunities and brings fortune for promotions and entrepreneurship 💡Tips for Crystal Newbies to Avoid Pitfalls Natural crystals naturally contain internal fractures and inclusions; cheap flawless pieces are mostly synthetic imitations Choose crystals based on your personal needs—random mismatches will disrupt your personal energy field All crystals in our store have been blessed, setting them apart from ordinary mass-produced goods 💌Interact to Attract Good Luck Like and save this post to lock in blessings for the whole year Comment 【1111】to collectively attract wealth, popularity and safety Type ""wealth"" for financial luck, ""love"" for romance, ""peace"" for stability to find out which crystal suits you best 🛒Direct Purchase Access If you want custom lucky crystal bracelets or crystal ornaments, search the independent website https://www.daoyuanstore.com/ daoyuan Store offers hand-blessed crystal jewelry, perfect for personal use or gifting #daoyuanstore #CrystalHealing #EnergyProtection #LuckyCrystals #HealingCrystal #CrystalBlessing #CrystalEnergy #healingcrystal #SpiritualJewelry #GoodVibes #lucky #fyp",https://www.tiktok.com/@daoyuanlustre/video/7662668586753854751?is_from_webapp=1&sender_device=pc,N/A,172,154,66,FALSE,5,Suspicious,Keyword: 'ws',"refined details & timeless glow ✨
shop ➡️ https://daoyuanstore.com/",,493,6629,N/A
2026-07-21 22:48:19,janadelgado85,"✨Stop Wearing Crystals Blindly! A Complete Guide to Crystal Bracelets for Your Reference ▫️Clear Quartz | Purifies negative energy, boosts concentration, eases mental exhaustion and insomnia, a must-have for students and office workers ▫️Rose Quartz | Attracts genuine love gently, enhances interpersonal luck and resolves social conflicts, ideal for singles and socially anxious people ▫️Smoky Quartz | Shields against schemers and disputes, relieves anxiety and stress, safeguards those who often stay up late or go out frequently ▫️Aquamarine | Calms irritable tempers, improves communication skills and removes obstacles during negotiations and conversations ▫️Citrine | The Stone of Wealth, draws legitimate financial opportunities and brings fortune for promotions and entrepreneurship 💡Tips for Crystal Newbies to Avoid Pitfalls Natural crystals naturally contain internal fractures and inclusions; cheap flawless pieces are mostly synthetic imitations Choose crystals based on your personal needs—random mismatches will disrupt your personal energy field All crystals in our store have been blessed, setting them apart from ordinary mass-produced goods 💌Interact to Attract Good Luck Like and save this post to lock in blessings for the whole year Comment 【1111】to collectively attract wealth, popularity and safety Type ""wealth"" for financial luck, ""love"" for romance, ""peace"" for stability to find out which crystal suits you best 🛒Direct Purchase Access If you want custom lucky crystal bracelets or crystal ornaments, search the independent website https://www.daoyuanstore.com/ daoyuan Store offers hand-blessed crystal jewelry, perfect for personal use or gifting #daoyuanstore #CrystalHealing #EnergyProtection #LuckyCrystals #HealingCrystal #CrystalBlessing #CrystalEnergy #healingcrystal #SpiritualJewelry #GoodVibes #lucky #fyp",https://www.tiktok.com/@janadelgado85/video/7664722268047641869?is_from_webapp=1&sender_device=pc,"#daoyuanstore, #CrystalHealing, #EnergyProtection, #LuckyCrystals, #HealingCrystal, #CrystalBlessing, #CrystalEnergy, #healingcrystal, #SpiritualJewelry, #GoodVibes, #lucky, #fyp, #CapCut, #pyfツviral_❤",8959,91,3925,FALSE,2,Suspicious,Keyword: 'ws',Cada día es una oportunidad para empezar.👌✨,,928.3K,18.1M,N/A
2026-07-21 22:49:47,serenecrystal4,"Kuning hangat + merah jambu, aura tenang & rezeki melimpah ✨ #crystalbraceletmalaysia #gelangkristal #luckycharmmalaysia #kristalnatural #goodluckcrystal",https://www.tiktok.com/@serenecrystal4/video/7661897245238856980?is_from_webapp=1&sender_device=pc,"#crystalbraceletmalaysia, #gelangkristal, #luckycharmmalaysia, #kristalnatural, #goodluckcrystal",513,452,109,FALSE,3,Low Risk,N/A,"Handmade crystal bracelets·Positive aura🧵
Stones with gentle healing energy🔮",,253,7724,N/A
2026-07-21 22:50:07,crowncraftwatch,Every man should own at least one of these four watches. #wristwatch #watch #affordablewatch,https://www.tiktok.com/@crowncraftwatch/video/7661626477078646038?is_from_webapp=1&sender_device=pc,"#wristwatch, #watch, #affordablewatch",54,2,1,FALSE,8,Probable Scam,"Keyword: 'watch', Hashtag: '#watch'",Earn Your Crown.,https://www.tiktok.com/link/v2?aid=1988&lang=en&scene=bio_url&target=crowncraftwatch.com,35.7K,841.1K,N/A
2026-07-21 22:52:07,serenecrystal4,"Seperti warna senja yang disimpan dalam satu gelang—hangat, tenang dan penuh pesona 🤎🌅 #GelangDailyWear #FesyenWanitaMY #InspirasiGayaMY #TikTokStyleMalaysia #fypmalaysia",https://www.tiktok.com/@serenecrystal4/video/7663774995780259092?is_from_webapp=1&sender_device=pc,"#wristwatch, #watch, #affordablewatch, #GelangDailyWear, #FesyenWanitaMY, #InspirasiGayaMY, #TikTokStyleMalaysia, #fypmalaysia",423,314,52,FALSE,4,Suspicious,Hashtag: '#watch',"Handmade crystal bracelets·Positive aura🧵
Stones with gentle healing energy🔮",,253,7724,N/A
2026-07-21 22:54:07,engemannco,How life sound after getting your first Rolex— get it link In bio 👇,https://www.tiktok.com/@engemannco/video/7660562481684958486?is_from_webapp=1&sender_device=pc,N/A,1023,8,53,FALSE,13,Almost Certainly a Scam,"Keyword: 'link in bio', Keyword: 'rolex', Keyword: 'link'","No waitlist ✨ EU Based 🇪🇺 Sourced + Verified ✅ DM/PM 📨

Get your premium watch experience today at",https://www.tiktok.com/link/v2?aid=1988&lang=en&scene=bio_url&target=instagram.com%2Fengemannco_%2F,2330,297.7K,N/A
2026-07-21 22:56:06,chpoogmx,#fyp,https://www.tiktok.com/@chpoogmx/video/7645389429628030239?is_from_webapp=1&sender_device=pc,#fyp,22.9K,268,600,FALSE,0,Clean,N/A,N/A,N/A,N/A,N/A,N/A
2026-07-21 22:57:34,serenecrystal4,"Kalau suka aksesori yang simple tapi ada aura, gelang ini memang pilihan yang cantik 🖤BlackObsidian #GelangObsidian #GelangHitam #GelangKristal #gelanglelaki",https://www.tiktok.com/@serenecrystal4/video/7663472822840233236?is_from_webapp=1&sender_device=pc,"#GelangObsidian, #GelangHitam, #GelangKristal, #gelanglelaki",364,232,115,FALSE,3,Low Risk,N/A,"Handmade crystal bracelets·Positive aura🧵
Stones with gentle healing energy🔮",,253,7726,N/A
2026-07-21 22:57:54,ryehn,A dream come true… #rolex #daytona #watches #fyp #grail,https://www.tiktok.com/@ryehn/video/7636907084180835605?is_from_webapp=1&sender_device=pc,"#rolex, #daytona, #watches, #fyp, #grail",13K,84,1515,FALSE,8,Probable Scam,"Keyword: 'rolex', Keyword: 'watch', Hashtag: '#watch', Hashtag: '#watches'","📸 IG: @ryehn 👆🏻
📧 Business Enquiries:
ryehnong@gmail.com",https://www.tiktok.com/link/v2?aid=1988&lang=en&scene=bio_url&target=https%3A%2F%2Fwww.instagram.com%2Fryehn,9716,440.1K,N/A
2026-07-21 22:59:54,ryehn,Side Questing done right ✅ #watches #rolex #fyp #daytona,https://www.tiktok.com/@ryehn/video/7644874954793962773?is_from_webapp=1&sender_device=pc,"#watches, #rolex, #fyp, #daytona",4024,25,248,FALSE,8,Probable Scam,"Keyword: 'rolex', Keyword: 'watch', Hashtag: '#watch', Hashtag: '#watches'","📸 IG: @ryehn 👆🏻
📧 Business Enquiries:
ryehnong@gmail.com",https://www.tiktok.com/link/v2?aid=1988&lang=en&scene=bio_url&target=https%3A%2F%2Fwww.instagram.com%2Fryehn,9716,440.1K,N/A
2026-07-21 23:01:54,laicaicrystal,Manifest for your desires with energy crystal bracelet! Make a wish with 11:11! It works! #crystals #manifestation #amen🙏 #affirmations #crystaltok🔮,https://www.tiktok.com/@laicaicrystal/video/7651102964408487182?is_from_webapp=1&sender_device=pc,"#crystals, #manifestation, #amen🙏, #affirmations, #crystaltok🔮",1200,889,231,FALSE,4,Suspicious,Keyword: '1:1',I love crystals,https://www.tiktok.com/link/v2?aid=1988&lang=en&scene=bio_url&target=https%3A%2F%2Flaicaicrystal.com,1975,82.5K,N/A
2026-07-21 23:03:53,xueafp,"funny , prank , scare , lmao : #prank #scared #funny #lmao #fyp",https://www.tiktok.com/@xueafp/video/7646820318929095966?is_from_webapp=1&sender_device=pc,"#prank, #scared, #funny, #lmao, #fyp",2411,37,100,FALSE,0,Clean,N/A,N/A,N/A,N/A,N/A,N/A
2026-07-21 23:05:19,ryehn,Send this to someone you believe in 👆 #rolex #fyp #watches #watchtok #watchesoftiktok,https://www.tiktok.com/@ryehn/video/7656693205471202580?is_from_webapp=1&sender_device=pc,"#rolex, #fyp, #watches, #watchtok, #watchesoftiktok",4043,51,339,FALSE,8,Probable Scam,"Keyword: 'rolex', Keyword: 'watch', Hashtag: '#watch', Hashtag: '#watches'","📸 IG: @ryehn 👆🏻
📧 Business Enquiries:
ryehnong@gmail.com",https://www.tiktok.com/link/v2?aid=1988&lang=en&scene=bio_url&target=https%3A%2F%2Fwww.instagram.com%2Fryehn,9716,440.1K,N/A
2026-07-21 23:07:20,laicaicrystal,Make a wish with 11:11 energy crystal bracelets #crystals #manifestation #amen🙏 #affirmations #crystaltok🔮,https://www.tiktok.com/@laicaicrystal/video/7651619003038797070?is_from_webapp=1&sender_device=pc,"#crystals, #manifestation, #amen🙏, #affirmations, #crystaltok🔮",719,535,150,FALSE,5,Suspicious,Keyword: '1:1',I love crystals,https://www.tiktok.com/link/v2?aid=1988&lang=en&scene=bio_url&target=https%3A%2F%2Flaicaicrystal.com,1975,82.5K,N/A
2026-07-21 23:09:20,buythewatch,I finnaly got the call #rolex,https://www.tiktok.com/@buythewatch/video/7649441065203666207?is_from_webapp=1&sender_device=pc,#rolex,1415,112,16,FALSE,14,Probable Scam,"Keyword: 'rolex', Keyword: 'watch', Keyword: 'buy'","BuyTheWatch™
Reviews | Tips | Stories
BuyTheWatch.com",https://www.tiktok.com/link/v2?aid=1988&lang=en&scene=bio_url&target=BuyTheWatch.com,1619,36.1K,N/A
2026-07-21 23:11:20,langtuo,"Dengan warna emas dan coklat yang elegan, gelang ini sesuai dipakai ke kerja, mesyuarat, atau acara penting. #crystaltok #crystaltiktok #tiktokshopmalaysia #viralcrystal #trendingjewelry",https://www.tiktok.com/@langtuo/video/7663801683155143957?is_from_webapp=1&sender_device=pc,"#crystaltok, #crystaltiktok, #tiktokshopmalaysia, #viralcrystal, #trendingjewelry",364,303,84,FALSE,3,Suspicious,Keyword: 'shop',"Selamat datang ke LangTuo Kristal, usia generasi 00 yang pakar dalam produk kristal",,162,4278,N/A
2026-07-21 23:11:41,richard_vision,Power of Ego 🧠 #FYP #ForYou #ForYouPage #Viral #Trending,https://www.tiktok.com/@richard_vision/video/7652306505072446733?is_from_webapp=1&sender_device=pc,"#FYP, #ForYou, #ForYouPage, #Viral, #Trending",708.7K,5195,22.2K,FALSE,0,Clean,N/A,N/A,N/A,N/A,N/A,N/A
2026-07-21 23:13:07,connor.langley,AP SKELETONS 💀🔥Audemars Piguet Royal Oak Double Balance Wheel Openworked 15407st & Tourbillon 26735st #audemarspiguet #audemarspiguetroyaloak #swatch #luxury #timepiece,https://www.tiktok.com/@connor.langley/video/7644288978069310751?is_from_webapp=1&sender_device=pc,N/A,4873,111,220,FALSE,4,Probable Scam,"Keyword: 'luxury', Keyword: 'watch'","IG @Clocks
YouTube: Connor Langley",,20.2K,629.6K,N/A
2026-07-21 23:15:07,langtuo.crystal,💰 Attract abundance.🐅 Stay fearless.🖤 Protect your peace.The energy you carry shapes the life you create. #TigerEye #Citrine #Obsidian #SmokyQuartz #CrystalBracelet,https://www.tiktok.com/@langtuo.crystal/video/7663342563369258258?is_from_webapp=1&sender_device=pc,"#audemarspiguet, #audemarspiguetroyaloak, #swatch, #luxury, #timepiece, #TigerEye, #Citrine, #Obsidian, #SmokyQuartz, #CrystalBracelet",649,513,182,FALSE,6,Suspicious,Hashtag: '#luxury',"Langtuo focuses on selecting high-quality natural crystals, cleverly blending the healing energy of nature with modern aesthetic design.",,391,13.1K,N/A
2026-07-21 23:17:07,serenecrystal4,"Gelang Citrine, Tiger’s Eye & Smoky Quartz ini adalah senjata rahsia anda untuk berjaya! #crystaltokmalaysia #tiktokshopmalaysia #viralcrystal #trendingjewelry #musthaveaccessories",https://www.tiktok.com/@serenecrystal4/video/7664506244983459092?is_from_webapp=1&sender_device=pc,"#Citrine, #Obsidian, #SmokyQuartz, #CrystalBracelet, #crystaltokmalaysia, #tiktokshopmalaysia, #viralcrystal, #trendingjewelry, #musthaveaccessories",322,260,61,FALSE,5,Suspicious,Keyword: 'shop',"Handmade crystal bracelets·Positive aura🧵
Stones with gentle healing energy🔮",,253,7737,N/A
2026-07-21 23:19:07,etherfiels,"🌙 Gorgeous Faceted Crystal Bracelets 🌙When beauty meets purpose, every facet becomes a reminder that healing can be both powerful and elegant #manifestation #crystals #affirmations #amen🙏 #crystaltok",https://www.tiktok.com/@etherfiels/video/7659429353821916429?is_from_webapp=1&sender_device=pc,"#manifestation, #crystals, #affirmations, #amen🙏",7204,4520,918,FALSE,0,Clean,N/A,N/A,N/A,N/A,N/A,N/A
2026-07-21 23:19:22,sillvento.germany,You won't find a better watch for this price.,https://www.tiktok.com/@sillvento.germany/video/7641961102619790624?is_from_webapp=1&sender_device=pc,"#manifestation, #crystals, #affirmations, #amen🙏, #crystaltok",349,8,28,FALSE,10,Probable Scam,Keyword: 'watch',"🔥Daily Watch Aesthetics
🎁Free shipping + gifts
📸IG: sillvento.official
❗️Giveaway on IG",https://www.tiktok.com/link/v2?aid=1988&lang=en&scene=bio_url&target=sillventowatches.com,3411,68.6K,N/A
2026-07-21 23:22:34,serenecrystal4,"Bukan sekadar gelang, tetapi sentuhan kecil yang membuatkan penampilan terasa lebih istimewa 🌷 #GelangLove #GelangHealing #GelangKristalMalaysia #GelangElegan #aksesorifeminin",https://www.tiktok.com/@serenecrystal4/video/7663455814530649365?is_from_webapp=1&sender_device=pc,"#GelangLove, #GelangHealing, #GelangKristalMalaysia, #GelangElegan, #aksesorifeminin",409,286,56,FALSE,3,Low Risk,N/A,"Handmade crystal bracelets·Positive aura🧵
Stones with gentle healing energy🔮",,253,7741,N/A
2026-07-21 23:22:54,minh1988mod,- NGHE BEZEL KÊU A EM NHÉ #MINHWATCH #seiko,https://www.tiktok.com/@minh1988mod/video/7650766412159470869?is_from_webapp=1&sender_device=pc,"#MINHWATCH, #seiko",2135,15,125,FALSE,4,Suspicious,"Keyword: 'watch', Phone number in bio","CHUYÊN BÁN ĐH MOD & LẮP RÁP
DÉP LÀO - 📞0326985565-📞0968075329 -TƯ VẤN 24/7
- PHỞ BÒ - MINH MẠNH MẼ",,20.5K,209.1K,N/A
2026-07-21 23:24:54,gairacrystals,🌸Spring on my wrist. Sun-kissed crystals and tiny flowers blooming with every move. Details in bio💌 #fyp #crystals #crystaltok #crystalhealing #crystalbracelets,https://www.tiktok.com/@gairacrystals/video/7662794929562717470?is_from_webapp=1&sender_device=pc,"#fyp, #crystals, #crystaltok, #crystalhealing, #crystalbracelets",246,217,53,FALSE,1,Low Risk,N/A,"Modern Crystal Jewelry🔮
Designed with Meaning.
Made to Be Worn Daily.
🛒: gairacrystals.com",,294,3606,N/A
2026-07-21 23:25:14,paganidesignofficial,PD-1645 Blue ⌚💎 Sapphire Crystal with Anti-Reflective Treatment🛠️ 316L Surgical Stainless Steel⚙️ Automatic MovementWhy choose us❓✔️ 3-Year Full Warranty🚚 Worldwide Shipping🔒 Secure PaymentsTap the link in bio to shop yours. #PaganiDesign #Watch #LuxuryWatch #rolex,https://www.tiktok.com/@paganidesignofficial/video/7646460462313377046?is_from_webapp=1&sender_device=pc,N/A,579,4,36,FALSE,16,Almost Certainly a Scam,"Keyword: 'link in bio', Keyword: 'luxury', Keyword: 'rolex', Keyword: 'watch', Keyword: 'link', Keyword: 'shop'","Pagani Design® Official Store
IG: @pagani_design_official",https://www.tiktok.com/link/v2?aid=1988&lang=en&scene=bio_url&target=paganidesign.com,9173,42.9K,N/A
2026-07-21 23:27:13,richard_vision,men's ego #FYP #ForYou #ForYouPage #Viral #Trending,https://www.tiktok.com/@richard_vision/video/7663429998333807885?is_from_webapp=1&sender_device=pc,"#PaganiDesign, #Watch, #LuxuryWatch, #rolex, #FYP, #ForYou, #ForYouPage, #Viral, #Trending",209.7K,3864,4786,FALSE,2,Suspicious,"Hashtag: '#watch', Hashtag: '#luxury'",Bio,,241.3K,20.5M,N/A
2026-07-21 23:28:43,timepieceboutique,one day 🙏🏿 #rolex #daydate #apxswatch #swatch #ap,https://www.tiktok.com/@timepieceboutique/video/7638492499526405394?is_from_webapp=1&sender_device=pc,"#rolex, #daydate, #apxswatch, #swatch, #ap",2427,18,171,FALSE,6,Probable Scam,"Keyword: 'rolex', Keyword: 'watch'","Sydney • Melbourne • Hong Kong
Private watch dealer ⏱
Authenticity guaranteed ✅
Let’s talk watches ⏱️🤝",,8927,79.4K,N/A
2026-07-21 23:30:43,langtuo,Korang rasa gelang ni lebih sesuai untuk diri sendiri atau hadiahkan pada orang tersayang? #GelangKristalPink #GelangWanitaMalaysia #KristalPink #PinkCrystalBracelet #aurakasihsayang,https://www.tiktok.com/@langtuo/video/7662344843255041301?is_from_webapp=1&sender_device=pc,"#GelangKristalPink, #GelangWanitaMalaysia, #KristalPink, #PinkCrystalBracelet, #aurakasihsayang",372,318,84,FALSE,1,Low Risk,N/A,"Selamat datang ke LangTuo Kristal, usia generasi 00 yang pakar dalam produk kristal",,162,4286,N/A
2026-07-21 23:31:04,laicaicrystal,Manifest your desires with energy crystal bracelet! 11:11 Good luck 🍀 It works! #crystals #manifestation #amen🙏 #crystaltok🔮 #1111,https://www.tiktok.com/@laicaicrystal/video/7641229946442108174?is_from_webapp=1&sender_device=pc,"#crystals, #manifestation, #amen🙏, #crystaltok🔮",1068,749,226,FALSE,4,Suspicious,Keyword: '1:1',I love crystals,https://www.tiktok.com/link/v2?aid=1988&lang=en&scene=bio_url&target=https%3A%2F%2Flaicaicrystal.com,1975,82.5K,N/A
2026-07-21 23:33:03,loro.ca,"Sixty years of cinematic history, captured in 42mm of pure horological mastery. The Omega Seamaster 300m James Bond 60th Anniversary Edition isn’t just a watch; it’s a tribute to the world’s most famous spy.From the iconic “moiré” effect animation on the caseback to the sleek blue oxalic anodized aluminum dial, this piece perfectly balances vintage 007 vibes with modern precision.Try it on at the Toronto Omega Boutique at L’ORO 📍 CF Sherway GardensOr L’ORO Markham 📍8545 McCowan Road",https://www.tiktok.com/@loro.ca/video/7652075273134886164?is_from_webapp=1&sender_device=pc,"#crystals, #manifestation, #amen🙏, #crystaltok🔮, #1111",3805,17,617,FALSE,10,Suspicious,Keyword: 'watch',"Toronto’s go to family owned luxury watch & jewelry shop for over 40 years
⌚️25+ brands 💎 Diamond Engagment Rings
📍 Shop 3 locations & online",https://www.tiktok.com/link/v2?aid=1988&lang=en&scene=bio_url&target=https%3A%2F%2Floro.ca%2F%3Futm_source%3Dtiktok%26utm_medium%3Dprofilelink%26utm_campaign%3Dorganic,3799,59.9K,N/A
2026-07-21 23:35:03,rosssmith,"Sixty years of cinematic history, captured in 42mm of pure horological mastery. The Omega Seamaster 300m James Bond 60th Anniversary Edition isn’t just a watch; it’s a tribute to the world’s most famous spy.From the iconic “moiré” effect animation on the caseback to the sleek blue oxalic anodized aluminum dial, this piece perfectly balances vintage 007 vibes with modern precision.Try it on at the Toronto Omega Boutique at L’ORO 📍 CF Sherway GardensOr L’ORO Markham 📍8545 McCowan Road",https://www.tiktok.com/@rosssmith/video/7653978493004434701?is_from_webapp=1&sender_device=pc,"#travel, #relationships, #couple",371.3K,6630,97.6K,FALSE,4,Suspicious,Keyword: 'watch',"Here to make the world laugh
IG/ Snap/ YT: @rosssmith
📧: rsmithteam@gmail.com",https://www.tiktok.com/link/v2?aid=1988&lang=en&scene=bio_url&target=https%3A%2F%2Falibabacocreate.com%2Fpitch%2Fapply-form%3Fsrc%3Dp_eventpitch_ttkol_rosssmith,25M,498.5M,N/A
2026-07-21 23:38:12,tyler.nomad,"A brand new look for my Submariner! Went with a black rubber strap for a more understated look. And the best part, the curved-end design that cleans up the gap between the case and strap. Really changes the whole feel of the watch. #watchcollector #WatchCollection #watchesoftiktok #watchstrap #rolexsub",https://www.tiktok.com/@tyler.nomad/video/7642935342563183892?is_from_webapp=1&sender_device=pc,N/A,4144,26,222,FALSE,10,Probable Scam,"Keyword: 'rolex', Keyword: 'watch'","Exploring life’s journey through
my watch collection.

Nomad Watch Works",https://www.tiktok.com/link/v2?aid=1988&lang=en&scene=bio_url&target=linktr.ee%2Ftimewithtyler,15.1K,378.8K,N/A
2026-07-21 23:40:12,serenecrystal4,"A brand new look for my Submariner! Went with a black rubber strap for a more understated look. And the best part, the curved-end design that cleans up the gap between the case and strap. Really changes the whole feel of the watch. #watchcollector #WatchCollection #watchesoftiktok #watchstrap #rolexsub",https://www.tiktok.com/@serenecrystal4/video/7664572263542525205?is_from_webapp=1&sender_device=pc,"#watchcollector, #WatchCollection, #watchesoftiktok, #watchstrap, #rolexsub, #crystaltok, #crystaltiktok, #tiktokshopmalaysia, #viralcrystal, #trendingjewelry",353,239,52,FALSE,9,Almost Certainly a Scam,"Keyword: 'rolex', Keyword: 'watch', Hashtag: '#watch', Hashtag: '#watches'","Handmade crystal bracelets·Positive aura🧵
Stones with gentle healing energy🔮",,253,7746,N/A
2026-07-21 23:42:12,laicaicrystal,Make a wish with energy crystal bracelet for luck 🍀 11:11! It works! #crystals #manifestation #crystalbracelets #affirmations #amen🙏,https://www.tiktok.com/@laicaicrystal/video/7638050427061292301?is_from_webapp=1&sender_device=pc,"#crystals, #manifestation, #crystalbracelets",988,690,223,FALSE,5,Suspicious,Keyword: '1:1',I love crystals,https://www.tiktok.com/link/v2?aid=1988&lang=en&scene=bio_url&target=https%3A%2F%2Flaicaicrystal.com,1975,82.5K,N/A
2026-07-21 23:44:12,dailydeluxe.official,All Black Skeleton Daytona with gold accents customized by Blaken ⚫️💀They customized this amazing piece for one of their clients and I had the chance to try it on during Geneva Watch Days,https://www.tiktok.com/@dailydeluxe.official/video/7663762004674448672?is_from_webapp=1&sender_device=pc,"#crystals, #manifestation, #crystalbracelets, #affirmations, #amen🙏",8659,69,966,FALSE,8,Suspicious,Keyword: 'watch',"Luxury Watch magazine/ Content creator
Instagram: Dailydeluxe (370.000)
The Watches are not mine and not for Sale!
I only create the Videos",https://www.tiktok.com/link/v2?aid=1988&lang=en&scene=bio_url&target=https%3A%2F%2Fwww.instagram.com%2Fdailydeluxe,25.8K,572.1K,N/A
2026-07-21 23:46:12,funnyclip9837,#BalliBotMogis #TrendingReels #TrendingReels #Foryoupage # #FYP #FYP #ViralTikTok #MillionViews #TechMagic #SmartBot #AITrend #RobotVibes #Innovation,https://www.tiktok.com/@funnyclip9837/video/7643511294770957599?is_from_webapp=1&sender_device=pc,"#BalliBotMogis, #TrendingReels, #TrendingReels, #Foryoupage, #FYP, #FYP, #ViralTikTok, #MillionViews, #TechMagic, #SmartBot, #AITrend, #RobotVibes, #Innovation",15.3K,1103,6754,FALSE,2,Suspicious,Keyword: 'ws',"🇬🇧
I find the stuff that makes Brits laugh 😂
Follow before my acc gets cooked 👇",,20.2K,790.7K,N/A
2026-07-21 23:47:41,laicaicrystal,Make a with with energy health crystal bracelet 11:11! #crystals #manifestation #lawofattraction #amen🙏 #affirmations,https://www.tiktok.com/@laicaicrystal/video/7640683818340371725?is_from_webapp=1&sender_device=pc,"#crystals, #manifestation, #lawofattraction, #amen🙏, #affirmations",641,454,142,FALSE,5,Suspicious,Keyword: '1:1',I love crystals,https://www.tiktok.com/link/v2?aid=1988&lang=en&scene=bio_url&target=https%3A%2F%2Flaicaicrystal.com,1975,82.5K,N/A
2026-07-21 23:49:41,paganidesignofficial,PD-YS008 ⌚💎 Sapphire Crystal with anti-reflective treatment🛠️ 316L Surgical Stainless Steel⚙️ Japanese VK63 Quartz MovementWhy choose us❓✔️ 3-Year Full Warranty🚚 Worldwide Shipping🔒 Secure PaymentsTap the link in bio to shop yours. #PaganiDesign #WatchCollector #LuxuryWatch #Quartz,https://www.tiktok.com/@paganidesignofficial/video/7636805058989968662?is_from_webapp=1&sender_device=pc,#affirmations,4005,46,323,FALSE,12,Almost Certainly a Scam,"Keyword: 'link in bio', Keyword: 'luxury', Keyword: 'watch', Keyword: 'link', Keyword: 'shop'","Pagani Design® Official Store
IG: @pagani_design_official",https://www.tiktok.com/link/v2?aid=1988&lang=en&scene=bio_url&target=paganidesign.com,9173,42.9K,N/A
2026-07-21 23:51:41,watch_flow_,"A Rolex look, without spending the Rolex money🤩 This is the Seiko 5 Sport GMT “Bruce Wayne” SSK001K1🖤🩶 #watchflow #seiko #watches",https://www.tiktok.com/@watch_flow_/video/7661304198327307552?is_from_webapp=1&sender_device=pc,"#PaganiDesign, #WatchCollector, #LuxuryWatch, #Quartz, #watchflow, #seiko, #watches",1997,100,87,FALSE,9,Almost Certainly a Scam,"Keyword: 'rolex', Keyword: 'watch', Hashtag: '#watch', Hashtag: '#watches', Hashtag: '#luxury'","Weekly Watch Content⏱️
Based In The Netherlands🇳🇱
Seiko Reseller
Follow For More
Instagram: watch_flow",,660,21.8K,N/A
2026-07-21 23:53:40,armstrongthomas5659,help you stay away from anxiety #handmadejewelry #crystalhealing #manifestation #crystal #fyp,https://www.tiktok.com/@armstrongthomas5659/video/7634725277846818061?is_from_webapp=1&sender_device=pc,"#handmadejewelry, #crystalhealing, #manifestation, #crystal, #fyp",2897,2007,580,FALSE,4,Suspicious,Keyword: 'dm',"Crystal Energy & Healing Jewelry
Elevate your vibe.
Shop now: dingxun.shop",,1544,45.9K,N/A
2026-07-21 23:55:40,prank.funny73,#prank #funny #funnyvideo #fun,https://www.tiktok.com/@prank.funny73/video/7649315772296072478?is_from_webapp=1&sender_device=pc,"#prank, #funny, #funnyvideo, #fun",69.3K,750,1549,FALSE,0,Clean,N/A,N/A,N/A,N/A,N/A,N/A
2026-07-21 23:57:04,spring_crystals7,Angel time 11:11 #1111 #crystal #crystalsforsale #crystalhealing #bracelet,https://www.tiktok.com/@spring_crystals7/video/7663819032725867796?is_from_webapp=1&sender_device=pc,"#1111, #crystal, #crystalsforsale, #crystalhealing, #bracelet",7097,2033,590,FALSE,2,Suspicious,Keyword: '1:1',No bio yet.,,508,10.1K,N/A
2026-07-21 23:57:23,luxustimers,"Miami attitude. Geneva craftsmanship Limited to just 15 pieces, this exclusive collaboration between Franck Muller and @juwelier_becker captures the vibrant energy of Ocean Drive with a forged carbon case, turquoise strap, and bold pink accents. A watch that refuses to blend in.Not made to tell time quietly. Made to make a statement.",https://www.tiktok.com/@luxustimers/video/7647827424880626977?is_from_webapp=1&sender_device=pc,N/A,1185,10,78,FALSE,9,Suspicious,Keyword: 'watch',"Watches are my passion ⌚💎
I'm selling watches, anyone

20% off your first watch 👇
https://replicauhren.kaufen/",https://www.tiktok.com/link/v2?aid=1988&lang=en&scene=bio_url&target=https%3A%2F%2Flinktr.ee%2FLuxustimers,1050,101.6K,N/A
2026-07-21 23:59:23,laicaicrystal,"Miami attitude. Geneva craftsmanship Limited to just 15 pieces, this exclusive collaboration between Franck Muller and @juwelier_becker captures the vibrant energy of Ocean Drive with a forged carbon case, turquoise strap, and bold pink accents. A watch that refuses to blend in.Not made to tell time quietly. Made to make a statement.",https://www.tiktok.com/@laicaicrystal/video/7636998791219940622?is_from_webapp=1&sender_device=pc,"#crystals, #manifestation, #crystalbracelets, #amen🙏, #affirmations",877,555,212,FALSE,5,Suspicious,Keyword: 'watch',I love crystals,https://www.tiktok.com/link/v2?aid=1988&lang=en&scene=bio_url&target=https%3A%2F%2Flaicaicrystal.com,1975,82.5K,N/A
2026-07-22 0:01:23,phntm.daily,Seiko 5 sports GMT Bruce Wayne #seiko #seiko5gmt #seiko5 #watch,https://www.tiktok.com/@phntm.daily/video/7639894608062860574?is_from_webapp=1&sender_device=pc,"#affirmations, #seiko, #seiko5gmt, #seiko5, #watch",3410,104,306,FALSE,5,Suspicious,"Keyword: 'watch', Hashtag: '#watch'","fitness | fashion | lifestyle
⚡️👻
✉️ phntmdaily@outlook.com",,118.4K,2.2M,N/A
2026-07-22 0:03:23,prank.clip5,"Wahh! @DA7.Valen berhasil bikin semua terpukau dan terharu🤩 salfok, para juri emang TOP banget selalu kasih perhatian ke Academia🥹✨ . . #IndosiarBawaDangdutBerkelasBerkualitas #DAcademy7Indosiar #DAcademyIndosiar #fyp #prank",https://www.tiktok.com/@prank.clip5/video/7642672882769825038?is_from_webapp=1&sender_device=pc,"#IndosiarBawaDangdutBerkelasBerkualitas, #DAcademy7Indosiar, #DAcademyIndosiar, #fyp, #prank",36K,395,1304,FALSE,0,Clean,N/A,N/A,N/A,N/A,N/A,N/A
2026-07-22 0:04:48,laicaicrystal,Manifest your desires #crystals #manifestation #crystalbracelets #amen🙏 #affirmations,https://www.tiktok.com/@laicaicrystal/video/7638410908896595213?is_from_webapp=1&sender_device=pc,"#crystals, #manifestation, #crystalbracelets, #amen🙏, #affirmations",832,568,201,FALSE,3,Low Risk,N/A,I love crystals,https://www.tiktok.com/link/v2?aid=1988&lang=en&scene=bio_url&target=https%3A%2F%2Flaicaicrystal.com,1975,82.5K,N/A
2026-07-22 0:05:08,momentum_dial,Estás de acuerdo ? 😳 #seiko #relojes #hombre #elegancia #relojeria,https://www.tiktok.com/@momentum_dial/video/7658681598191127830?is_from_webapp=1&sender_device=pc,"#seiko, #relojes, #hombre, #elegancia, #relojeria",695,10,56,FALSE,6,Suspicious,N/A,"DM me for more information !
Escríbeme al Dm para más información !",,1189,32.1K,N/A
2026-07-22 0:07:07,swissmadeofficial,"The Rolex Daytona 116589SACI is one of the most exclusive expressions of the iconic chronograph.Crafted in 18k white gold, featuring a mother-of-pearl dial, a bezel set with 24 baguette-cut sodalite gemstones, and powered by the legendary Calibre 4130 with a 72-hour power reserve.A rare configuration, created for collectors who appreciate exceptional craftsmanship and understated luxury.Priced: $250,000.00",https://www.tiktok.com/@swissmadeofficial/video/7658592829412740385?is_from_webapp=1&sender_device=pc,N/A,5792,29,563,FALSE,12,Probable Scam,"Keyword: 'bag', Keyword: 'luxury', Keyword: 'rolex', Phone number in bio","For watches use only 🇮🇹
On IG 1.900.000 followers",https://www.tiktok.com/link/v2?aid=1988&lang=en&scene=bio_url&target=https%3A%2F%2Fwww.instagram.com%2Fvertigo1983%3Figsh%3DMXJydjVuY253c3N2OA%253D%253D%26utm_source%3Dqr,92.7K,1.7M,N/A
2026-07-22 0:09:07,engemannco,"We JUST got our hands on this!! super exclusive AP Royal oak with braguettes, iced out. Available now in bio 👇",https://www.tiktok.com/@engemannco/video/7662421468625620246?is_from_webapp=1&sender_device=pc,N/A,1859,9,174,FALSE,7,Low Risk,N/A,"No waitlist ✨ EU Based 🇪🇺 Sourced + Verified ✅ DM/PM 📨

Get your premium watch experience today at",https://www.tiktok.com/link/v2?aid=1988&lang=en&scene=bio_url&target=instagram.com%2Fengemannco_%2F,2329,297.8K,N/A
2026-07-22 0:11:07,auracristal.mx,11:11🔮 #crystaltok #fypage #crystals #healingcrystals #crystal,https://www.tiktok.com/@auracristal.mx/video/7648139659289038101?is_from_webapp=1&sender_device=pc,"#crystaltok, #fypage, #crystals, #healingcrystals, #crystal",2173,1202,315,FALSE,2,Suspicious,Keyword: '1:1',"Pulseras de cristal ✨
Energía, estilo y buena vibra | MX🔮",,2201,122.4K,N/A
2026-07-22 0:12:37,laicaicrystal,Make a wish with energy crystal bracelet! 11:11! It works #crystals #manifestation #crystaltok🔮 #affirmations #energyhealing,https://www.tiktok.com/@laicaicrystal/video/7649774718970514701?is_from_webapp=1&sender_device=pc,"#crystals, #manifestation, #crystaltok🔮, #affirmations, #energyhealing",Like,Comments,Share,FALSE,7,Probable Scam,Keyword: '1:1',I love crystals,https://www.tiktok.com/link/v2?aid=1988&lang=en&scene=bio_url&target=https%3A%2F%2Flaicaicrystal.com,1975,82.5K,N/A
2026-07-22 0:14:36,paganidesignofficial,PD-YS020 ⌚📏 Ultra-slim 7mm Case Thickness💎 Scratch-resistant Sapphire Crystal🛠️ 316L Surgical Stainless Steel⚙️ Japanese Quartz MovementWhy choose us❓✔️ 3-Year Full Warranty🚚 Worldwide Shipping🔒 Secure PaymentsTap the link in bio to shop yours. #PaganiDesign #Watch #WatchCollector #luxury,https://www.tiktok.com/@paganidesignofficial/video/7649022732838948118?is_from_webapp=1&sender_device=pc,N/A,2637,23,144,FALSE,12,Almost Certainly a Scam,"Keyword: 'link in bio', Keyword: 'luxury', Keyword: 'watch', Keyword: 'link', Keyword: 'shop'","Pagani Design® Official Store
IG: @pagani_design_official",https://www.tiktok.com/link/v2?aid=1988&lang=en&scene=bio_url&target=paganidesign.com,9174,42.9K,N/A
2026-07-22 0:16:36,flor.joyas,11:11🔮 #crystalhealing #fypage #fypシ #crystals #crystaltok,https://www.tiktok.com/@flor.joyas/video/7652648669560311048?is_from_webapp=1&sender_device=pc,"#PaganiDesign, #Watch, #WatchCollector, #luxury, #crystalhealing, #fypage, #fypシ, #crystals, #crystaltok",1953,1000,305,FALSE,4,Probable Scam,"Keyword: '1:1', Hashtag: '#watch', Hashtag: '#luxury'","Sin etiquetas, desbloquea inspiración diversa para tus outfits ✨
Diseños exclusivos | Máxima calidad | Consigue el vibe perfecto al instante 💫",,1700,118K,N/A
2026-07-22 0:18:37,capricornio849,#CapCut 👌💯🙌❤️🤗😊🥰💋,https://www.tiktok.com/@capricornio849/video/7651815422152510751?is_from_webapp=1&sender_device=pc,#CapCut,40.4K,244,13.1K,FALSE,0,Clean,N/A,N/A,N/A,N/A,N/A,N/A
2026-07-22 0:18:52,adam.digital,Comment PROMPT & I’ll send it to you. Seedance 2.0 is too powerful . I used it to create Product Commercial Ads. SMB is now live in Lovart. Purchase Pro or higher membership to enjoy 7 days of fast SMB generation with 0 credits! Up to 57% OFF & Unlock Now! #BuiltWithLovart #AiDesign #AIBranding @LovartAI,https://www.tiktok.com/@adam.digital/video/7655218492416822548?is_from_webapp=1&sender_device=pc,"#BuiltWithLovart, #AiDesign, #AIBranding",169,12,Share,TRUE,3,Suspicious,N/A,"🔥AI educator for Entrepreneurs/ Creators
📧hello@adamgodigital.com
Work with us ⬇️",https://www.lovart.ai/?sourceid=910397&utm_source=tiktok&utm_campaign=ZT_WZ_910397_Lovart_pc_TT_260714_T1_web_kol_shi_tcpa_purchase&utm_id=1870698485830849&utm_medium=paid_social&af_adset=T1-spark-purchase-02&af_adset_id=1870703164884002&utm_content=KOL_adam.godigital&af_ad_id=1870703164886418&placement=__PLACEMENT&creative=Comment%20PROMPT%20%26%20I%E2%80%99ll%20send%20it%20to%20you.%20Seedance%202.0%20is%20too%20powerful%20.%20I%20used%20it%20to%20create%20Product%20Commercial%20Ads.%20SMB%20is%20now%20live%20in%20Lovart.%20Purchase%20Pro%20or%20higher%20membership%20to%20enjoy%207%20days%20of%20fast%20SMB%20generation%20with%200%20credits%21%20Up%20to%2057%25%20OFF%20%26%20Unlock%20Now%21%20%23BuiltWithLovart%20%23AiDesign%20%23AIBranding%20%40LovartAI%20_KOL_adam.godigital&ttclid=E_C_P_CtMBy1W8Q70tIwqAAlFwq-7rRi1hlcmlWYmKOSHLaav5eugpnSwmS6cpJ-WFIbD94xefmryb0G1rTxZHe89V8M8VWMwpbun_inGvi5U0YIFitqRXN9q55PytYXtTzZJKTQImKEJqXwCtPId-UCHg8QhRh-kCqg6lnff_zJIUEyRgOO7cG81KpsoUv3Wy_d40VDV_Au_j5g0FKKhUxsAabY5b-JDopIPxzzMV-PnCf6YHfZK-_vDBF826HaF4syUq-maOIjAIVV-uDJxyvar2DHR6V86_iBIEdjIuMA,533.1K,3.6M,N/A
2026-07-22 0:20:22,momentum_dial,Lo mejorará? 🤔 #seiko #relojes #hombre #elegancia #relojeria,https://www.tiktok.com/@momentum_dial/video/7656100062765878550?is_from_webapp=1&sender_device=pc,"#seiko, #relojes, #hombre, #elegancia, #relojeria",1146,5,86,FALSE,5,Low Risk,N/A,"DM me for more information !
Escríbeme al Dm para más información !",,1189,32.1K,N/A
2026-07-22 0:22:21,gairacrystals,✨11:11 wish activated! 🇧🇪🇪🇸Sending winning vibrations to these two sides as they spin in the bowl. #fyp #crystals #crystaltok #crystalbracelets #crystalhealing,https://www.tiktok.com/@gairacrystals/video/7660936520081181983?is_from_webapp=1&sender_device=pc,"#fyp, #crystals, #crystaltok, #crystalbracelets, #crystalhealing",175,165,38,FALSE,3,Suspicious,Keyword: '1:1',"Modern Crystal Jewelry🔮
Designed with Meaning.
Made to Be Worn Daily.
🛒: gairacrystals.com",,295,3608,N/A
2026-07-22 0:22:41,auracristal.mx,11:11🔮 #crystaltok #fypage #crystals #healingcrystals #crystal,https://www.tiktok.com/@auracristal.mx/video/7651815962903170325?is_from_webapp=1&sender_device=pc,"#crystaltok, #fypage, #crystals, #healingcrystals, #crystal",4500,2278,540,FALSE,2,Suspicious,Keyword: '1:1',"Pulseras de cristal ✨
Energía, estilo y buena vibra | MX🔮",,2201,122.4K,N/A
2026-07-22 0:23:01,alexander.ferros,Tiffany - Gam màu Trending mọi thời đại. Alexander Ferros biến 8272S/13 trở thành biểu tượng của vẻ đẹp bền vững #alexanderferros #tiffany #donghonam #dongho #xuhuong,https://www.tiktok.com/@alexander.ferros/video/7653472527926267154?is_from_webapp=1&sender_device=pc,"#alexanderferros, #tiffany, #donghonam, #dongho, #xuhuong",4302,120,265,FALSE,0,Clean,N/A,N/A,N/A,N/A,N/A,N/A
2026-07-22 0:23:17,lesportifdudimanche,Do not put your Rolex in the water ! #rolex #daytona,https://www.tiktok.com/@lesportifdudimanche/video/7636415396811197718?is_from_webapp=1&sender_device=pc,"#rolex, #daytona",2931,63,112,FALSE,2,Suspicious,Keyword: 'rolex',BRELOQUE,,638,192.8K,N/A
2026-07-22 0:24:46,auracristal.mx,11:11🔮 #crystaltok #fypage #crystals #healingcrystals #crystal,https://www.tiktok.com/@auracristal.mx/video/7649579487344069909?is_from_webapp=1&sender_device=pc,"#crystaltok, #fypage, #crystals, #healingcrystals, #crystal",3009,1580,481,FALSE,2,Suspicious,Keyword: '1:1',"Pulseras de cristal ✨
Energía, estilo y buena vibra | MX🔮",,2201,122.4K,N/A
2026-07-22 0:25:06,gioielli.poletti,"➡️Longines Master Collection in promozione. Per maggiori informazioni o foto puoi scriverci anche tramite WhatsApp 334/6552547 con spedizione in tutta Italia. Ti aspettiamo in gioielleria o visita il nostro shop online Gioielleria Poletti 📍 Via Vittorio Emanuele 39, Vimercate (MonzaBrianza)☎️ 039 668476📲 Whatsapp 334 6552547 📧 info@poletti.info 🌐shop.gioielleriapoletti.it #longines #monza #orologio #milano #luxurywatches",https://www.tiktok.com/@gioielli.poletti/video/7659397186110721312?is_from_webapp=1&sender_device=pc,N/A,433,13,18,FALSE,18,Almost Certainly a Scam,"Keyword: 'whatsapp', Keyword: 'luxury', Keyword: 'watch', Keyword: 'shop', Phone number in description, Phone number in bio","Whatsapp 334 6552547
@gioielli.poletti
shop.gioielleriapoletti.it
Vimercate (MB)",,1033,20.6K,N/A
2026-07-22 0:27:06,policejustice79,"➡️Longines Master Collection in promozione. Per maggiori informazioni o foto puoi scriverci anche tramite WhatsApp 334/6552547 con spedizione in tutta Italia. Ti aspettiamo in gioielleria o visita il nostro shop online Gioielleria Poletti 📍 Via Vittorio Emanuele 39, Vimercate (MonzaBrianza)☎️ 039 668476📲 Whatsapp 334 6552547 📧 info@poletti.info 🌐shop.gioielleriapoletti.it #longines #monza #orologio #milano #luxurywatches",https://www.tiktok.com/@policejustice79/video/7650060414088252702?is_from_webapp=1&sender_device=pc,"#longines, #monza, #orologio, #milano, #luxurywatches, #Tiktok, #us, #movie, #trailer, #fyp",11.7K,50,125,FALSE,11,Almost Certainly a Scam,"Keyword: 'whatsapp', Keyword: 'luxury', Keyword: 'watch', Keyword: 'shop', Hashtag: '#luxury', Phone number in description","👮🏻‍♂️👮👮🏻‍♂️🚔🚔🚔
2️⃣0️⃣",,30.6K,220.9K,N/A
2026-07-22 0:29:06,ontoself,"Positive pink healing energy all coming your way, claim it in the comment section 💗 #1111 #crystaltok #crystalhealing #Manifestation #claimit",https://www.tiktok.com/@ontoself/video/7664563573372374279?is_from_webapp=1&sender_device=pc,"#1111, #crystaltok, #crystalhealing, #Manifestation, #claimit",213,117,32,FALSE,3,Low Risk,N/A,"Jewellery for becoming her
Self-growth • Confidence • Intention
Designed in Australia 🇦🇺",https://www.tiktok.com/link/v2?aid=1988&lang=en&scene=bio_url&target=https%3A%2F%2Fontoself.com,1178,36.5K,N/A
2026-07-22 0:29:26,alexander.ferros,Thanh lịch trong từng khoảng khắc đeo Alexander Ferros 6122R-08 #alexanderferros #donghonam #dongho #watches #xuhuong,https://www.tiktok.com/@alexander.ferros/video/7652356580138044690?is_from_webapp=1&sender_device=pc,"#alexanderferros, #donghonam, #dongho, #watches, #xuhuong",2494,29,71,FALSE,6,Probable Scam,"Keyword: 'watch', Hashtag: '#watch', Hashtag: '#watches'",Khẳng định thương hiệu theo thời gian,https://www.tiktok.com/link/v2?aid=1988&lang=en&scene=bio_url&target=https%3A%2F%2Falexanderferros.com,85.9K,877.1K,N/A
2026-07-22 0:32:36,dailydeluxe.official,The AROLLA by Artisans De Geneve Look at the blue sapphire bezel and the skeleton dial 💙,https://www.tiktok.com/@dailydeluxe.official/video/7657829877394984224?is_from_webapp=1&sender_device=pc,N/A,10.8K,41,1146,FALSE,0,Clean,N/A,N/A,N/A,N/A,N/A,N/A
2026-07-22 0:32:52,langtuo.crystal,"11：11💗 Wear Love. Wear Light. Wear Confidence. ✨A beautiful blend of Strawberry Quartz, Amethyst and Clear Quartz, created for those who believe in love, positive energy and new beginnings.🤍 A reminder to protect your peace💗 A symbol of love and happiness💜 A touch of elegance for every dayThe most beautiful relationship you'll ever have is the one you build with yourself. Everything else will follow. #CrystalBracelet #StrawberryQuartz #Amethyst #LoveEnergy #SelfLove",https://www.tiktok.com/@langtuo.crystal/video/7663076947676712199?is_from_webapp=1&sender_device=pc,N/A,691,549,133,FALSE,5,Low Risk,N/A,"Langtuo focuses on selecting high-quality natural crystals, cleverly blending the healing energy of nature with modern aesthetic design.",,394,13.2K,N/A
2026-07-22 0:34:51,vontrawatch,Mod watches aren't REAL watches.,https://www.tiktok.com/@vontrawatch/video/7651911644464827662?is_from_webapp=1&sender_device=pc,"#CrystalBracelet, #StrawberryQuartz, #Amethyst, #LoveEnergy, #SelfLove",1659,31,65,FALSE,6,Suspicious,Keyword: 'watch',"🌏 Free Worldwide Shipping!
SHOP NOW! ⬇️",https://www.tiktok.com/link/v2?aid=1988&lang=en&scene=bio_url&target=Vontrawatch.com,51.7K,499.1K,N/A
2026-07-22 0:36:52,auracristal.mx,11:11🔮 #crystaltok #fypage #crystals #healingcrystals #crystal,https://www.tiktok.com/@auracristal.mx/video/7650323909203774740?is_from_webapp=1&sender_device=pc,"#crystaltok, #fypage, #crystals, #healingcrystals, #crystal",3613,1952,347,FALSE,2,Suspicious,Keyword: '1:1',"Pulseras de cristal ✨
Energía, estilo y buena vibra | MX🔮",,2201,122.4K,N/A
2026-07-22 0:37:12,mbxbewpjk246,#theexpendables #usa #jasonstatham #sylvesterstallone #movie,https://www.tiktok.com/@mbxbewpjk246/video/7652360651553197343?is_from_webapp=1&sender_device=pc,"#theexpendables, #usa, #jasonstatham, #sylvesterstallone, #movie",331,2,Share,FALSE,3,Suspicious,N/A,No bio yet.,,12K,34.3K,N/A
2026-07-22 0:38:43,netdepthoigian_777,"Alexander Ferros 5052 là chiếc đồng hồ đại diện cho tinh thần bản lĩnh Việt kết hợp tinh hoa chế tác Thụy Sĩ – Nhật Bản, mang đến sự cân bằng giữa cổ điển và hiện đại.Mẫu đồng hồ có kích thước 38mm nhỏ gọn, phù hợp với cổ tay nam giới Á Đông, mang lại cảm giác vừa vặn và thanh lịch. Bộ vỏ chế tác từ thép không gỉ 316L, thiết kế tròn cổ điển, kết hợp dây thép cùng khóa gập cánh bướm chắc chắn.Mặt số có nhiều phiên bản màu khác nhau, được trang bị kim dạng Baton và cọc số nổi rõ nét, giúp tăng khả năng hiển thị và mang lại phong thái sang trọng.Trái tim của đồng hồ là bộ máy Automatic bền bỉ, kết hợp mặt kính sapphire chống xước, cùng khả năng chống nước 5 ATM, đủ đáp ứng nhu cầu sử dụng hàng ngày. #lucyluxe #donghonam #alexanderferros #nguyenduywatch #donghochinhhang",https://www.tiktok.com/@netdepthoigian_777/video/7652939211502390548?is_from_webapp=1&sender_device=pc,N/A,12.3K,105,447,FALSE,6,Suspicious,"Keyword: 'watch', Phone number in bio","ALEXANDER FERROS
For Work : 08322 71 777",https://www.tiktok.com/link/v2?aid=1988&lang=en&scene=bio_url&target=https%3A%2F%2Fwww.facebook.com%2Fshare%2F1EEnWmjCJa%2F%3Fmibextid%3DwwXIfr,8303,290.5K,N/A
2026-07-22 0:40:43,orientalcrystal2,"11:11 ✨This is for the people who have been carrying too much lately.The business owners.The professionals constantly traveling for work.The ones showing up every day,even when they’re emotionally exhausted.The ones who smile,while quietly feeling drained inside.☀️ Sunstone is often associated with:✨ confidence✨ optimism✨ motivation✨ positive energySometimes you don’t need to push harder.Sometimes you need something that reminds youto reconnect with your own light.Take a moment for yourself today 🤍 #orientalcrystal #Wealth #Health #Happiness #SelfLove",https://www.tiktok.com/@orientalcrystal2/video/7648638117972331789?is_from_webapp=1&sender_device=pc,"#lucyluxe, #donghonam, #alexanderferros, #nguyenduywatch, #donghochinhhang",7231,4143,1071,FALSE,6,Suspicious,Keyword: '1:1',"✨ Premium crystals for wealth, health & happiness
🔮 Handpicked healing stones
🌿 Elevate your energy | Shop below ⬇️",https://www.tiktok.com/link/v2?aid=1988&lang=en&scene=bio_url&target=https%3A%2F%2Forientalcrystal.com,2291,114K,N/A
2026-07-22 0:42:43,greenmovie5,#fyp #movie #foryou #fypシ,https://www.tiktok.com/@greenmovie5/video/7649390142980918558?is_from_webapp=1&sender_device=pc,"#orientalcrystal, #Wealth, #Health, #Happiness, #SelfLove, #fyp, #movie, #foryou, #fypシ",70.8K,272,639,FALSE,0,Clean,N/A,N/A,N/A,N/A,N/A,N/A
2026-07-22 0:42:58,auracristal.mx,11:11🔮 #crystaltok #crystals #crystalshop #fypage #healingcrystals,https://www.tiktok.com/@auracristal.mx/video/7647007863021260052?is_from_webapp=1&sender_device=pc,"#crystaltok, #crystals, #crystalshop, #fypage, #healingcrystals",6164,2955,796,FALSE,4,Probable Scam,"Keyword: 'shop', Keyword: '1:1'","Pulseras de cristal ✨
Energía, estilo y buena vibra | MX🔮",,2201,122.4K,N/A
2026-07-22 0:44:58,hieuvu.authentic,"Tissot Seastar 1000 bản đời mới size 40mm rất đẹp và dễ đeo, phù hợp ae tay vừa và nhỏ. Dial xanh chuyển sắc với các vân chải xước độc đáo. Chống nước 300m đi bơi lặn thoải mái, niềng xoay ceramic chống xước. #donghochinhhang #hieuvuauthentic #donghocu #tissot #tissotseastar",https://www.tiktok.com/@hieuvu.authentic/video/7647462144379833616?is_from_webapp=1&sender_device=pc,"#donghochinhhang, #hieuvuauthentic, #donghocu, #tissot, #tissotseastar",1072,45,111,FALSE,0,Clean,N/A,N/A,N/A,N/A,N/A,N/A
2026-07-22 0:46:24,timeseller_com,Jacques lemans,https://www.tiktok.com/@timeseller_com/video/7632204699772456200?is_from_webapp=1&sender_device=pc,N/A,658,14,65,FALSE,6,Suspicious,Phone number in bio,"WhatsApp +996703245996📞
Гум 1этаж островок оа26
Доставка по всему СНГ 🇰🇬🇰🇿🇷🇺🇦🇲🇧🇾",,183.6K,3.6M,N/A
2026-07-22 0:48:24,langtuo.crystal,"Ramai kaitkan warna hijau dengan pertumbuhan, harapan dan rezeki yang baik.Sebab tu gelang ni bukan sahaja cantik, tapi juga ada positive vibes tersendiri. #PencintaHijau #GreenLoverMY #KoleksiGelang #WarnaAlam #NatureInspiredStyle",https://www.tiktok.com/@langtuo.crystal/video/7662739957311687943?is_from_webapp=1&sender_device=pc,"#PencintaHijau, #GreenLoverMY, #KoleksiGelang, #WarnaAlam, #NatureInspiredStyle",722,560,177,FALSE,5,Low Risk,N/A,"Langtuo focuses on selecting high-quality natural crystals, cleverly blending the healing energy of nature with modern aesthetic design.",,394,13.2K,N/A
2026-07-22 0:50:24,auracristal.mx,11:11🔮 #crystal #crystalhealing #crystaltok #crystals #fypageシ,https://www.tiktok.com/@auracristal.mx/video/7646743980666817812?is_from_webapp=1&sender_device=pc,"#crystal, #crystalhealing, #crystaltok, #crystals, #fypageシ",1088,691,220,FALSE,2,Suspicious,Keyword: '1:1',"Pulseras de cristal ✨
Energía, estilo y buena vibra | MX🔮",,2201,122.5K,N/A
2026-07-22 0:50:44,lucawatchesinv,The best sound -Contact us today!- #watchesinvestments #luxurywatch #luxurylifestyle #watchcollector,https://www.tiktok.com/@lucawatchesinv/video/7655717605910547725?is_from_webapp=1&sender_device=pc,"#watchesinvestments, #luxurywatch, #luxurylifestyle, #watchcollector",1436,20,204,FALSE,13,Almost Certainly a Scam,"Keyword: 'contact', Keyword: 'luxury', Keyword: 'watch', Hashtag: '#watch', Hashtag: '#watches', Hashtag: '#luxury'","BUY-SELL-TRADE 100% Authentic timepieces & Handbags
16850 Collins Ave #106 Sunny Isles, FL",,3925,179.5K,N/A
2026-07-22 0:52:44,jwyuqqo523,,https://www.tiktok.com/@jwyuqqo523/video/7643074098960092448?is_from_webapp=1&sender_device=pc,#watchcollector,3450,16,127,FALSE,9,Low Risk,"Hashtag: '#watch', Phone number in bio","🛍️whatsapp:86:country code +86(China)17746055604
Chinese luxury goods factory!!
@Geniue This is my main account!",https://www.tiktok.com/link/v2?aid=1988&lang=en&scene=bio_url&target=https%3A%2F%2Fnumber-top1.x.yupoo.com%2F.,8460,130.5K,N/A
2026-07-22 11:26:39,auracristal.mx,11:11 🔮 #crystal #crystalhealing #crystaltok #crystals #fypageシ,https://www.tiktok.com/@auracristal.mx/video/7652650943237934356?is_from_webapp=1&sender_device=pc,"#crystal, #crystalhealing, #crystaltok, #crystals, #fypageシ",1764,1028,264,FALSE,2,Suspicious,Keyword: '1:1',"Pulseras de cristal ✨
Energía, estilo y buena vibra | MX🔮",,2212,122.8K,N/A
2026-07-22 11:27:03,munich_watch_lover,Omega Seamaster Diver 300M Chronograph 007 First Light #jamesbond #omega #seamaster #chronograph,https://www.tiktok.com/@munich_watch_lover/video/7642750856495893792?is_from_webapp=1&sender_device=pc,"#jamesbond, #omega, #seamaster, #chronograph",163.6K,1321,21K,FALSE,2,Suspicious,Keyword: 'watch',"The best of Horology hands-on!
My own 🎥
Instagram: 520k
YouTube: 330k",,469.4K,7.2M,N/A
2026-07-22 11:27:24,sophia.hobbs,i can’t with this #football,https://www.tiktok.com/@sophia.hobbs/video/7664282359235153174?is_from_webapp=1&sender_device=pc,"#jamesbond, #omega, #seamaster, #chronograph, #football",464.5K,189,25.6K,FALSE,0,Clean,N/A,N/A,N/A,N/A,N/A,N/A
2026-07-22 11:27:40,auracristal.mx,11:11🔮 #crystal #crystalhealing #crystaltok #crystals #fypageシ,https://www.tiktok.com/@auracristal.mx/video/7650454316276256020?is_from_webapp=1&sender_device=pc,"#crystal, #crystalhealing, #crystaltok, #crystals, #fypageシ",1453,878,292,FALSE,2,Suspicious,Keyword: '1:1',"Pulseras de cristal ✨
Energía, estilo y buena vibra | MX🔮",,2212,122.8K,N/A
2026-07-22 11:28:00,watchizen.kaz,Те самые часы😍,https://www.tiktok.com/@watchizen.kaz/video/7633310165818789121?is_from_webapp=1&sender_device=pc,N/A,20.2K,156,1391,FALSE,8,Suspicious,"Keyword: 'watch', Phone number in bio","Те самые часы, которые ты искал
Kaspi 0•0•24
Доставка по всему миру
+7 771 341 1007 ватсап",https://www.tiktok.com/link/v2?aid=1988&lang=en&scene=bio_url&target=https%3A%2F%2Ft.me%2F%2B6vXfXvFyBL0yMTVi,1694,45.6K,N/A
2026-07-22 11:31:10,puraauracrystal,11:11🔮healingcrystalsWelcome to our crystal shop → PureAuraCryst.com #jewelry #gelang #crystaltok,https://www.tiktok.com/@puraauracrystal/video/7664230378055503105?is_from_webapp=1&sender_device=pc,"#jewelry, #gelang, #crystaltok",556,334,142,FALSE,5,Probable Scam,"Keyword: 'shop', Keyword: '1:1'","PureAuraCryst.com
Zodiac natural crystal bracelets, worldwide shipping ✨",,271,9718,N/A
2026-07-22 11:33:10,misterelectronic_orologi,Non servono migliaia di euro per avere stile #orologi #seiko #casio #citizen #promaster,https://www.tiktok.com/@misterelectronic_orologi/video/7655755012705979681?is_from_webapp=1&sender_device=pc,"#orologi, #seiko, #casio, #citizen, #promaster",1213,12,59,FALSE,3,Low Risk,N/A,La tua Orologeria di fiducia a Torino📍,https://www.tiktok.com/link/v2?aid=1988&lang=en&scene=bio_url&target=Www.misterelectronic.it,10.2K,80.8K,N/A
2026-07-22 11:33:30,swissmadeofficial,"Inside a crazy $22,000,000.00 @Jacob & Co. Watch Vault 🤯",https://www.tiktok.com/@swissmadeofficial/video/7663796499762957601?is_from_webapp=1&sender_device=pc,N/A,12.5K,104,1272,FALSE,8,Suspicious,"Keyword: 'watch', Phone number in bio","For watches use only 🇮🇹
On IG 1.900.000 followers",https://www.tiktok.com/link/v2?aid=1988&lang=en&scene=bio_url&target=https%3A%2F%2Fwww.instagram.com%2Fvertigo1983%3Figsh%3DMXJydjVuY253c3N2OA%253D%253D%26utm_source%3Dqr,92.9K,1.7M,N/A
2026-07-22 11:35:31,gillians.bliss.crystals,POV: you finally got this natural fluorite Angel figure and make a wish upon it 🪽 #crystals #crystalhealing #crystalshop #fluorite #manifestation,https://www.tiktok.com/@gillians.bliss.crystals/video/7643478552737811720?is_from_webapp=1&sender_device=pc,"#crystals, #crystalhealing, #crystalshop, #fluorite, #manifestation",32.3K,20.7K,5708,FALSE,2,Suspicious,Keyword: 'shop',"🧿Your daily dose of calm & positive energy.
🔮Healing & manifestation crystals
✨Believe in the power of belief",,6167,132.9K,N/A
2026-07-22 11:35:52,momentum_dial,4 relojes baratos que todo hombre debe tener 🤩 #seiko #relojes #elegancia #hombre #coleccion,https://www.tiktok.com/@momentum_dial/video/7633750605982371094?is_from_webapp=1&sender_device=pc,"#seiko, #relojes, #elegancia, #hombre, #coleccion",1361,50,67,FALSE,0,Clean,N/A,N/A,N/A,N/A,N/A,N/A
2026-07-22 11:37:17,dailydeluxe.official,"The 66g by Artisans De Geneve for Mr.V.A.: Mr. V.A., an automotive tuner from the racing circuits of the 1970s, entrusted Artisans de Genève for the personalization of his timepiece, inspired by his pursuit of lightness and mechanical precision. He wished to apply the same level of rigor to his project, resulting in a timepiece weighing 66 grams stripped down to its essentials, where every removal of material answers both a mechanical necessity and a philosophy. To reduce the original weight, the original case was reworked to integrate an external Grade 5 Titanium®️ structure, while the yellow gold rotor was skeletonized, hand-beveled and circular-brushed to reduce weight. A Titalyt®️ treatment was applied, an electrochemical oxidation process that gives the metal a deep matte anthracite finish, while ensuring enhanced long-term durability.Artisans de Genève is an independent workshop customizing watches at the request of their owners. Not affiliated with or authorized by any watch brand. Trademarks are used solely for descriptive purposes in relation to the original watches; all modifications are made independently and without any approval from the original brand. Each customized watch is for private use only. The work presented was commissioned by a client and reflects our know-how only; it does not constitute an offer.",https://www.tiktok.com/@dailydeluxe.official/video/7660787973281058081?is_from_webapp=1&sender_device=pc,N/A,3486,5,237,FALSE,11,Probable Scam,"Keyword: 'watch', Keyword: 'shop'","Luxury Watch magazine/ Content creator
Instagram: Dailydeluxe (370.000)
The Watches are not mine and not for Sale!
I only create the Videos",https://www.tiktok.com/link/v2?aid=1988&lang=en&scene=bio_url&target=https%3A%2F%2Fwww.instagram.com%2Fdailydeluxe,26.2K,585K,N/A
2026-07-22 11:39:17,orientalcrystal2,11:11 ✨This is for the people who have forgotten how to be gentle with themselves.The ones who keep giving love…but rarely receive it.🍓 Strawberry QuartzA gentle reminder that healing beginswhen you choose yourself.Love yourself first.Everything else will follow. 💗Find your energy at OrientalCrystal. #orientalcrystal #happiness #wealth #health #selflove,https://www.tiktok.com/@orientalcrystal2/video/7657924452398681358?is_from_webapp=1&sender_device=pc,N/A,2129,984,359,FALSE,6,Suspicious,Keyword: '1:1',"✨ Premium crystals for wealth, health & happiness
🔮 Handpicked healing stones
🌿 Elevate your energy | Shop below ⬇️",https://www.tiktok.com/link/v2?aid=1988&lang=en&scene=bio_url&target=https%3A%2F%2Forientalcrystal.com,2296,114.7K,N/A
2026-07-22 11:41:18,jwyuqqo523,TheOG unboxing #watch #Casio #Seiko #timex #pretty,https://www.tiktok.com/@jwyuqqo523/video/7662372756943654176?is_from_webapp=1&sender_device=pc,"#orientalcrystal, #happiness, #wealth, #health, #selflove, #watch, #Casio, #Seiko, #timex, #pretty",3638,14,231,FALSE,12,Probable Scam,"Keyword: 'watch', Hashtag: '#watch', Phone number in bio","🛍️whatsapp:86:country code +86(China)17746055604
Chinese luxury goods factory!!
@Geniue This is my main account!",https://www.tiktok.com/link/v2?aid=1988&lang=en&scene=bio_url&target=https%3A%2F%2Fnumber-top1.x.yupoo.com%2F.,8463,130.7K,N/A
2026-07-22 11:43:18,orientalcrystal2,11:11 ✨This is for the people building a life they once only dreamed about.The ones working late.Making difficult decisions.Trying to stay positive…Even when things feel uncertain.💛 CitrineA reminder to believe in your abundance.To take action with confidence.To keep moving toward the life you’re creating.💜 AmethystA reminder that success means nothing without peace.Slow your thoughts.Rest your mind.Protect your energy.🌿You don’t have to choose between chasing your dreams and taking care of yourself.You deserve both.✨ Wealth.✨ Wisdom.✨ Peace.Which energy do you need most today?👇 Tell me below.Find the energy that resonates with you at OrientalCrystal. #orientalcrystal #happiness #wealth #health #selflove,https://www.tiktok.com/@orientalcrystal2/video/7655696921054563598?is_from_webapp=1&sender_device=pc,N/A,2286,1160,416,FALSE,6,Suspicious,Keyword: '1:1',"✨ Premium crystals for wealth, health & happiness
🔮 Handpicked healing stones
🌿 Elevate your energy | Shop below ⬇️",https://www.tiktok.com/link/v2?aid=1988&lang=en&scene=bio_url&target=https%3A%2F%2Forientalcrystal.com,2297,114.7K,N/A
2026-07-22 11:45:18,hahahaha111161,#DAcademy7Indosiar #dacademyindosiar,https://www.tiktok.com/@hahahaha111161/video/7663557294189202718?is_from_webapp=1&sender_device=pc,"#orientalcrystal, #happiness, #wealth, #health, #selflove, #DAcademy7Indosiar, #dacademyindosiar",8754,69,342,FALSE,0,Clean,N/A,N/A,N/A,N/A,N/A,N/A
2026-07-22 11:46:44,auracristal.mx,11:11🔮 #crystal #crystalhealing #crystaltok #crystals #fypageシ,https://www.tiktok.com/@auracristal.mx/video/7648158128210562325?is_from_webapp=1&sender_device=pc,"#crystal, #crystalhealing, #crystaltok, #crystals, #fypageシ",1994,1073,235,FALSE,2,Suspicious,Keyword: '1:1',"Pulseras de cristal ✨
Energía, estilo y buena vibra | MX🔮",,2213,122.8K,N/A
2026-07-22 11:47:04,luxunery.shop,Naranja Mecánica 🍊⚙️Worldwide Shipping 🌎 No necesita batería Garantía 12 meses #orange #watches #relojesdelujo #reloj #luxuryliving,https://www.tiktok.com/@luxunery.shop/video/7632726181254647061?is_from_webapp=1&sender_device=pc,"#orange, #watches, #relojesdelujo, #reloj, #luxuryliving",3490,35,159,FALSE,21,Almost Certainly a Scam,"Keyword: 'luxury', Keyword: 'watch', Keyword: 'shop', Hashtag: '#watch', Hashtag: '#watches', Hashtag: '#luxury', Phone number in bio",WhatsApp +573164476088 to order 🛍️ Luxury Watches Worldwide⌚ Dm to order 🌎,https://www.tiktok.com/link/v2?aid=1988&lang=en&scene=bio_url&target=luxuneryshop.com,36K,715.7K,N/A
2026-07-22 11:49:04,capricornio849,😅😂🤫🤪,https://www.tiktok.com/@capricornio849/video/7664508224254594335?is_from_webapp=1&sender_device=pc,N/A,6976,115,1332,FALSE,0,Clean,N/A,N/A,N/A,N/A,N/A,N/A
2026-07-22 11:49:20,orientalcrystal2,Maybe you don’t need more…Maybe you just need the right energy.💗 Rose Quartz — Love yourself.💜 Amethyst — Protect your peace.💛 Citrine — Create your abundance.Three crystals.Three intentions.One beautiful journey.✨ Which energy is calling you today?Explore more at OrientalCrystal.com #orientalcrystal #happiness #wealth #health #selflove,https://www.tiktok.com/@orientalcrystal2/video/7662949050982993165?is_from_webapp=1&sender_device=pc,N/A,783,393,164,FALSE,5,Low Risk,N/A,"✨ Premium crystals for wealth, health & happiness
🔮 Handpicked healing stones
🌿 Elevate your energy | Shop below ⬇️",https://www.tiktok.com/link/v2?aid=1988&lang=en&scene=bio_url&target=https%3A%2F%2Forientalcrystal.com,2297,114.7K,N/A
2026-07-22 11:51:20,breitling,"Known for his ice-cold composure on the pitch, @Erling Haaland pairs it perfectly with an ice-blue dial to match.The Chronomat B01 42 in ice blue with a platinum bezel.",https://www.tiktok.com/@breitling/video/7655072794060852502?is_from_webapp=1&sender_device=pc,"#orientalcrystal, #happiness, #wealth, #health, #selflove",11K,113,726,FALSE,0,Clean,N/A,N/A,N/A,N/A,N/A,N/A
2026-07-22 11:52:48,langtuo.crystal,"Rama-rama sering dikaitkan dengan perubahan dan permulaan baru 🦋Sebab tu gelang ni bukan saja nampak manis, tapi juga penuh makna.Pakai macam bawa satu reminder kecil untuk terus berkembang jadi versi diri yang lebih baik. #NewBeginningsMY #ButterflyMeaning #GelangBermakna #PositiveEnergyStyle #GlowUpBracelet",https://www.tiktok.com/@langtuo.crystal/video/7664173239802907911?is_from_webapp=1&sender_device=pc,N/A,465,323,78,FALSE,5,Low Risk,N/A,"Langtuo focuses on selecting high-quality natural crystals, cleverly blending the healing energy of nature with modern aesthetic design.",,405,14K,N/A
2026-07-22 11:54:49,alexander.ferros,"Người chơi đồng hồ thường dành nhiều thời gian để quan sát mặt số hơn bất kỳ chi tiết nào khác.Bởi đây là nơi phản ánh rõ nhất năng lực hoàn thiện của một thương hiệu: từ độ sắc nét của họa tiết, sự đồng đều trong bề mặt, độ chính xác khi đặt cọc số, cho đến từng bộ kim được căn chỉnh tuyệt đối. #alexanderferros #dongho #donghonam #watches #xuhuong",https://www.tiktok.com/@alexander.ferros/video/7660887021459672338?is_from_webapp=1&sender_device=pc,"#NewBeginningsMY, #ButterflyMeaning, #GelangBermakna, #PositiveEnergyStyle, #GlowUpBracelet",1265,46,98,FALSE,4,Suspicious,Keyword: 'watch',Khẳng định thương hiệu theo thời gian,https://www.tiktok.com/link/v2?aid=1988&lang=en&scene=bio_url&target=https%3A%2F%2Falexanderferros.com,85.9K,877.6K,N/A
2026-07-22 11:56:48,alma.film831,#fyp #foryou #viral,https://www.tiktok.com/@alma.film831/video/7654927498463038751?is_from_webapp=1&sender_device=pc,"#alexanderferros, #dongho, #donghonam, #watches, #xuhuong, #fyp, #foryou, #viral",1797,6,48,FALSE,3,Suspicious,"Hashtag: '#watch', Hashtag: '#watches'",No bio yet.,,13K,192.5K,N/A
2026-07-22 11:57:09,laicaicrystal,Manifest your desires in the morning! You will receive luck 🍀 #crystals #manifestation #amen🙏 #affirmations #energyhealing,https://www.tiktok.com/@laicaicrystal/video/7635635742785457421?is_from_webapp=1&sender_device=pc,"#crystals, #manifestation, #amen🙏, #affirmations",538,345,153,FALSE,3,Low Risk,N/A,I love crystals,https://www.tiktok.com/link/v2?aid=1988&lang=en&scene=bio_url&target=https%3A%2F%2Flaicaicrystal.com,1976,82.7K,N/A
2026-07-22 11:58:46,prestigiousjewellersuk,"Rolex GMT Master II REF: 126720VTNR, 2025. Oyster or Jubilee? #rolex #gmt #rolexgmt #sprite #watchcollectors",https://www.tiktok.com/@prestigiousjewellersuk/video/7637900723686116631?is_from_webapp=1&sender_device=pc,"#rolex, #gmt, #rolexgmt, #sprite, #watchcollectors",1073,18,110,FALSE,11,Probable Scam,"Keyword: 'rolex', Keyword: 'watch', Hashtag: '#watch', Phone number in bio","Jewellery/Watches.
Leeds City Centre UK🇬🇧
100% Authentic 💯
☎️ 01132445001",https://www.tiktok.com/link/v2?aid=1988&lang=en&scene=bio_url&target=Prestigiousjewellers.com,102.8K,2.8M,N/A
2026-07-22 12:00:46,orientalcrystal2,"11:11 ✨soft thoughts.ocean energy.a little sweetness for the soul ☁️🩵kyanite for inner balance,aquamarine for calm and clarity.maybe healingcan feel this gentle too.shop your energy ✨orientalcrystal.com #orientalcrystal #Wealth #Health #happiness #SelfLove",https://www.tiktok.com/@orientalcrystal2/video/7644941260146461966?is_from_webapp=1&sender_device=pc,N/A,1604,941,349,FALSE,8,Probable Scam,"Keyword: 'shop', Keyword: '1:1'","✨ Premium crystals for wealth, health & happiness
🔮 Handpicked healing stones
🌿 Elevate your energy | Shop below ⬇️",https://www.tiktok.com/link/v2?aid=1988&lang=en&scene=bio_url&target=https%3A%2F%2Forientalcrystal.com,2297,114.7K,N/A
2026-07-22 12:02:47,lunascrystallab,Pink opal&Rhodochrosite&Rose quartz💗 #CrystalBracelets #manifestation #fyp #CrystalHealing #CrystalJewelry,https://www.tiktok.com/@lunascrystallab/video/7659702826456616212?is_from_webapp=1&sender_device=pc,"#orientalcrystal, #Wealth, #Health, #happiness, #SelfLove, #CrystalBracelets, #manifestation, #fyp, #CrystalHealing, #CrystalJewelry",4281,2542,620,FALSE,0,Clean,N/A,N/A,N/A,N/A,N/A,N/A
2026-07-22 12:03:02,birsa.kg,,https://www.tiktok.com/@birsa.kg/video/7651281628089797908?is_from_webapp=1&sender_device=pc,N/A,5307,46,175,FALSE,0,Clean,N/A,N/A,N/A,N/A,N/A,N/A
2026-07-22 12:03:19,nicolrivera531,#CapCutMotivacional #CapCut,https://www.tiktok.com/@nicolrivera531/video/7661722792567557383?is_from_webapp=1&sender_device=pc,"#CapCutMotivacional, #CapCut",246.4K,737,23K,FALSE,0,Clean,N/A,N/A,N/A,N/A,N/A,N/A
2026-07-22 12:04:44,laicaicrystal,Drop your wish and let energy healing crystal bracelet handle the rest #crystals #manifestation #amen🙏 #affirmations #handmadebracelet,https://www.tiktok.com/@laicaicrystal/video/7634922336889605390?is_from_webapp=1&sender_device=pc,"#crystals, #manifestation, #amen🙏, #affirmations",1291,798,298,FALSE,4,Suspicious,Keyword: 'dm',I love crystals,https://www.tiktok.com/link/v2?aid=1988&lang=en&scene=bio_url&target=https%3A%2F%2Flaicaicrystal.com,1976,82.7K,N/A
2026-07-22 12:06:44,pizza46328,Casio watch⌚️ #watch #Casio #Tissot #casiowatch #Rolex,https://www.tiktok.com/@pizza46328/video/7663862885218585869?is_from_webapp=1&sender_device=pc,"#crystals, #manifestation, #amen🙏, #affirmations, #handmadebracelet, #watch, #Casio, #Tissot, #casiowatch, #Rolex",2188,19,132,FALSE,11,Probable Scam,"Keyword: 'rolex', Keyword: 'watch', Hashtag: '#watch', Phone number in bio","🛍️whatsapp:86:country code +86(China)17746055604
Chinese luxury goods factory!!
@Geniue This is my main account!",,2093,37.8K,N/A
2026-07-22 12:08:44,richard_vision,You can't control love 💔 But... Money can control that 💸 #Money #MoneyTok #MoneyTalks #FYP #ForYou,https://www.tiktok.com/@richard_vision/video/7652367387160841485?is_from_webapp=1&sender_device=pc,"#Money, #MoneyTok, #MoneyTalks, #FYP, #ForYou",33.1K,571,1636,FALSE,0,Clean,N/A,N/A,N/A,N/A,N/A,N/A
2026-07-22 12:08:59,auracristal.mx,11:11🔮 #crystaltok #fypage #crystals #healingcrystals #crystal,https://www.tiktok.com/@auracristal.mx/video/7648118327210020116?is_from_webapp=1&sender_device=pc,"#crystaltok, #fypage, #crystals, #healingcrystals, #crystal",2674,1476,318,FALSE,2,Suspicious,Keyword: '1:1',"Pulseras de cristal ✨
Energía, estilo y buena vibra | MX🔮",,2214,122.8K,N/A
2026-07-22 12:09:20,valori__oficial,"🔵⌚ Timex Marlin Chronograph TW2Y66500 — a elegância dos anos 60 reinterpretada para os dias de hoje.Poucos relógios conseguem transmitir tanta personalidade logo no primeiro olhar.O Marlin Chronograph carrega a herança de uma das coleções mais importantes da história da Timex, inspirada nos clássicos americanos que marcaram a era de ouro da relojoaria nas décadas de 1950 e 1960.O mostrador azul celeste com efeito radial cria um contraste impressionante com os submostradores pretos, remetendo diretamente aos lendários cronógrafos de automobilismo do passado.✔️ Cronógrafo com inspiração vintage✔️ Mostrador azul celeste com efeito radial✔️ Submostradores de alto contraste✔️ Caixa clássica de 40mm✔️ Cristal abaulado retrô✔️ Pulseira estilo Jubilee com troca rápida✔️ Calendário integrado✔️ Ponteiro indicador de 24 horasE para os apaixonados por história, um detalhe especial: o caseback traz o mapa da América do Norte, homenageando as origens da Timex e sua trajetória na relojoaria americana.Mais do que um cronógrafo.Uma peça que conecta passado, design e personalidade no mesmo pulso. #Timex #TimexMarlin #MarlinChronograph #RelogioCronografo #RelogioMasculino",https://www.tiktok.com/@valori__oficial/video/7649909758975167765?is_from_webapp=1&sender_device=pc,N/A,3120,17,180,FALSE,0,Clean,N/A,N/A,N/A,N/A,N/A,N/A
2026-07-22 12:10:46,dkwatchesltd,"Rolex GMT Master 2Yellow Gold & Stainless Steel-£9,995 Box & Papers 2017- #116713ln #rolex #gmtmaster2 #gmt -🖤 DKWatches 🖤📍 495 Lord Street, Southport📞 075 77 495 495 🔗 Visit our website to discover more!🚛 UK next day delivery✈️ 2-3 Day world wide deliveryInfo@DKWatches.co.ukwww.DKWatches.co.ukWe are not affiliated with the brands we sell.",https://www.tiktok.com/@dkwatchesltd/video/7654200490317729056?is_from_webapp=1&sender_device=pc,"#116713ln, #rolex, #gmtmaster2, #gmt",2371,38,238,FALSE,12,Probable Scam,"Keyword: 'rolex', Keyword: 'watch', Phone number in description, Phone number in bio","- Luxury watch dealer⌚️
- Southport 📍
- 075 77 495 495 📞
- www.dkwatches.co.uk
👇FOLLOW US ON IG👇",,10.7K,159.1K,N/A
2026-07-22 12:12:46,daoyuanlustre,"#peace #calm #healing #CrystalHealing #EnergyProtection #LuckyCrystals #HealingCrystal #SpiritualJewelry The Healing Power of Crystals: Achieve Peace and Calm Crystals have been used for centuries for their healing properties and ability to promote peace and calm in our lives. With their unique energy vibrations, they can help balance our emotional and spiritual well-being. This article explores the different ways crystals can aid in healing and energy protection, making them essential tools for spiritual growth. **Understanding the Healing Power of Crystals** Crystals such as amethyst, rose quartz, and clear quartz are known for their specific healing benefits. Amethyst is often associated with calming energy, making it ideal for reducing stress and fostering tranquility. Rose quartz, on the other hand, is famous for promoting love and emotional healing. Clear quartz amplifies energy, making it a versatile crystal for various healing practices. **Energy Protection with Crystals** In addition to healing, many individuals use crystals for energy protection. Black tourmaline and obsidian are popular choices for shielding against negative energy. Carrying or wearing these stones can create a protective barrier, promoting a feeling of safety and security in one’s environment. **Lucky Crystals** Certain crystals are deemed ""lucky"" due to their reputed ability to attract positive energy and opportunities. Citrine, for example, is often referred to as a stone of abundance, believed to manifest wealth and prosperity. Integrating lucky crystals into your daily routine can enhance your chances of success and happiness. **Spiritual Jewelry** Crystals can also be transformed into beautiful pieces of jewelry, combining aesthetics with functionality. Spiritual jewelry not only serves as a fashion statement but also acts as a constant reminder of the positive energies and healing properties associated with specific stones. Wearing crystal bracelets or necklaces allows individuals to carry the soothing energy of crystals wherever they go. In conclusion, incorporating crystals into your life can pave the way for healing, protection, and an overall sense of peace. Whether through meditation, wearing spiritual jewelry, or simply keeping crystals in your living space, these powerful stones can profoundly impact your emotional and spiritual health. Embrace the healing journey with crystals and experience the calmness they can bring to your life. Keywords: healing powers of crystals, energy protection with crystals, lucky crystals for wellness, spiritual jewelry benefits, calmness through crystal healing, best healing crystals, using crystals for peace, crystal healing techniques, energy protection stones, benefits of spiritual jewelry",https://www.tiktok.com/@daoyuanlustre/video/7661180363267378463?is_from_webapp=1&sender_device=pc,"#gmtmaster2, #gmt, #peace, #calm, #healing, #CrystalHealing, #EnergyProtection, #LuckyCrystals, #HealingCrystal, #SpiritualJewelry",206,209,61,FALSE,7,Probable Scam,"Keyword: 'fashion', Keyword: 'ws'","refined details & timeless glow ✨
shop ➡️ https://daoyuanstore.com/",,499,6760,N/A
2026-07-22 12:14:47,witwhaleedits,"POWER TEST"" 🥶🔥 | POLICE ACADEMY | LOUCURA LETAL (slowed) #trending #shorts",https://www.tiktok.com/@witwhaleedits/video/7654826330965429518?is_from_webapp=1&sender_device=pc,"#trending, #shorts",84.2K,183,1062,FALSE,0,Clean,N/A,N/A,N/A,N/A,N/A,N/A
2026-07-22 12:15:12,luxustimers,The Sub belongs in the ocean and I can still take it to meetings100 #rolex #submariner #luxurywatch #divewatch ...,https://www.tiktok.com/@luxustimers/video/7646400768915918112?is_from_webapp=1&sender_device=pc,"#rolex, #submariner, #luxurywatch, #divewatch",667,21,33,FALSE,14,Almost Certainly a Scam,"Keyword: 'luxury', Keyword: 'rolex', Keyword: 'watch', Hashtag: '#luxury'","Watches are my passion ⌚💎
I'm selling watches, anyone

20% off your first watch 👇
https://replicauhren.kaufen/",https://www.tiktok.com/link/v2?aid=1988&lang=en&scene=bio_url&target=https%3A%2F%2Flinktr.ee%2FLuxustimers,1050,101.6K,N/A
2026-07-22 12:18:22,flor.joyas,11:11🔮 #crystalhealing #crystaltok #crystals #fypage #tiktokmexico,https://www.tiktok.com/@flor.joyas/video/7649211836075724050?is_from_webapp=1&sender_device=pc,"#crystalhealing, #crystaltok, #crystals, #fypage, #tiktokmexico",2835,1413,310,FALSE,2,Suspicious,Keyword: '1:1',"Sin etiquetas, desbloquea inspiración diversa para tus outfits ✨
Diseños exclusivos | Máxima calidad | Consigue el vibe perfecto al instante 💫",,1701,118.2K,N/A
2026-07-22 12:18:42,old_crowns,Sometimes the best part is in the smallest details.www.old-crowns.com #rolex #rolexdatejust #vintagerolex #oldcrowns,https://www.tiktok.com/@old_crowns/video/7656028941718670614?is_from_webapp=1&sender_device=pc,"#rolex, #rolexdatejust, #vintagerolex",4970,37,333,FALSE,8,Suspicious,Keyword: 'rolex',Custom Rolex-fit cases and rare vintage parts to create your own timeless watch.,https://www.tiktok.com/link/v2?aid=1988&lang=en&scene=bio_url&target=www.old-crowns.com,4468,53.3K,N/A
2026-07-22 12:20:42,orientalcrystal2,"11:11… ✨Friday morning…If your heart and mind feel a little restless or heavy,This Blue Crystal + Aquamarine bracelet found you todayas a gentle reminder:It’s time to calm your emotions,speak your truth softly,and return to inner peace.Take a deep breath…and let the soothing blue energy flow through you. #orientalcrystal #Wealth #Health #happiness #SelfLove",https://www.tiktok.com/@orientalcrystal2/video/7642715131402636558?is_from_webapp=1&sender_device=pc,#vintagerolex,2896,1314,481,FALSE,6,Suspicious,Keyword: '1:1',"✨ Premium crystals for wealth, health & happiness
🔮 Handpicked healing stones
🌿 Elevate your energy | Shop below ⬇️",https://www.tiktok.com/link/v2?aid=1988&lang=en&scene=bio_url&target=https%3A%2F%2Forientalcrystal.com,2297,114.8K,N/A
2026-07-22 12:22:42,jwyuqqo523,TheOG unboxing #watch #tissot #tissotwatch #timex #pretty,https://www.tiktok.com/@jwyuqqo523/video/7650106471786515744?is_from_webapp=1&sender_device=pc,"#orientalcrystal, #Wealth, #Health, #happiness, #SelfLove, #watch, #tissot, #tissotwatch, #timex, #pretty",1405,6,87,FALSE,12,Probable Scam,"Keyword: 'watch', Hashtag: '#watch', Phone number in bio","🛍️whatsapp:86:country code +86(China)17746055604
Chinese luxury goods factory!!
@Geniue This is my main account!",https://www.tiktok.com/link/v2?aid=1988&lang=en&scene=bio_url&target=https%3A%2F%2Fnumber-top1.x.yupoo.com%2F.,8463,130.7K,N/A
2026-07-22 12:24:43,dafi.time,Double Madness during Monaco F1 Grandprix 🏎️ -⌚️Patek Philippe Nautilus Flyback Chrono Travel Time in Rose Gold with Blue Dial | Ref.5990/1R-001⌚️ Rolex Yacht master 42 in White Gold on Oysterflex Strap | Ref. 226659 -🛍️ DAFI.nl | Largest Hermès stock of NL- #Patek #Rolex #patekphilippenautilus #f1monaco #5990 /1R-001,https://www.tiktok.com/@dafi.time/video/7648956934657264928?is_from_webapp=1&sender_device=pc,N/A,18.1K,156,940,FALSE,10,Suspicious,Keyword: 'rolex',"We buy & sell luxury watches & Hermès bags 🧡
🇳🇱 Largest Hermès stock in NL
📍Maastricht | ✈️ Global | 💯Authentic
🛍️: Dafi.nl",,51.3K,2.2M,N/A
2026-07-22 12:27:53,daoyuanlustre,"✨Stop Wearing Crystals Blindly! A Complete Guide to Crystal Bracelets for Your Reference ▫️Clear Quartz | Purifies negative energy, boosts concentration, eases mental exhaustion and insomnia, a must-have for students and office workers ▫️Rose Quartz | Attracts genuine love gently, enhances interpersonal luck and resolves social conflicts, ideal for singles and socially anxious people ▫️Smoky Quartz | Shields against schemers and disputes, relieves anxiety and stress, safeguards those who often stay up late or go out frequently ▫️Aquamarine | Calms irritable tempers, improves communication skills and removes obstacles during negotiations and conversations ▫️Citrine | The Stone of Wealth, draws legitimate financial opportunities and brings fortune for promotions and entrepreneurship 💡Tips for Crystal Newbies to Avoid Pitfalls Natural crystals naturally contain internal fractures and inclusions; cheap flawless pieces are mostly synthetic imitations Choose crystals based on your personal needs—random mismatches will disrupt your personal energy field All crystals in our store have been blessed, setting them apart from ordinary mass-produced goods 💌Interact to Attract Good Luck Like and save this post to lock in blessings for the whole year Comment 【1111】to collectively attract wealth, popularity and safety Type ""wealth"" for financial luck, ""love"" for romance, ""peace"" for stability to find out which crystal suits you best 🛒Direct Purchase Access If you want custom lucky crystal bracelets or crystal ornaments, search the independent website https://www.daoyuanstore.com/ daoyuan Store offers hand-blessed crystal jewelry, perfect for personal use or gifting #daoyuanstore #CrystalHealing #EnergyProtection #LuckyCrystals #HealingCrystal #CrystalBlessing #CrystalEnergy #healingcrystal #spiritualjewelry💫 #GoodVibes #lucky #fyp",https://www.tiktok.com/@daoyuanlustre/video/7664874308677700894?is_from_webapp=1&sender_device=pc,N/A,156,133,26,FALSE,5,Suspicious,Keyword: 'ws',"refined details & timeless glow ✨
shop ➡️ https://daoyuanstore.com/",,499,6763,N/A
2026-07-22 12:29:53,swissmadeofficial,"✨Stop Wearing Crystals Blindly! A Complete Guide to Crystal Bracelets for Your Reference ▫️Clear Quartz | Purifies negative energy, boosts concentration, eases mental exhaustion and insomnia, a must-have for students and office workers ▫️Rose Quartz | Attracts genuine love gently, enhances interpersonal luck and resolves social conflicts, ideal for singles and socially anxious people ▫️Smoky Quartz | Shields against schemers and disputes, relieves anxiety and stress, safeguards those who often stay up late or go out frequently ▫️Aquamarine | Calms irritable tempers, improves communication skills and removes obstacles during negotiations and conversations ▫️Citrine | The Stone of Wealth, draws legitimate financial opportunities and brings fortune for promotions and entrepreneurship 💡Tips for Crystal Newbies to Avoid Pitfalls Natural crystals naturally contain internal fractures and inclusions; cheap flawless pieces are mostly synthetic imitations Choose crystals based on your personal needs—random mismatches will disrupt your personal energy field All crystals in our store have been blessed, setting them apart from ordinary mass-produced goods 💌Interact to Attract Good Luck Like and save this post to lock in blessings for the whole year Comment 【1111】to collectively attract wealth, popularity and safety Type ""wealth"" for financial luck, ""love"" for romance, ""peace"" for stability to find out which crystal suits you best 🛒Direct Purchase Access If you want custom lucky crystal bracelets or crystal ornaments, search the independent website https://www.daoyuanstore.com/ daoyuan Store offers hand-blessed crystal jewelry, perfect for personal use or gifting #daoyuanstore #CrystalHealing #EnergyProtection #LuckyCrystals #HealingCrystal #CrystalBlessing #CrystalEnergy #healingcrystal #spiritualjewelry💫 #GoodVibes #lucky #fyp",https://www.tiktok.com/@swissmadeofficial/video/7664253932570414368?is_from_webapp=1&sender_device=pc,"#daoyuanstore, #CrystalHealing, #EnergyProtection, #LuckyCrystals, #HealingCrystal, #CrystalBlessing, #CrystalEnergy, #healingcrystal, #spiritualjewelry💫, #GoodVibes, #lucky, #fyp",5303,47,366,FALSE,8,Suspicious,"Keyword: 'ws', Phone number in bio","For watches use only 🇮🇹
On IG 1.900.000 followers",https://www.tiktok.com/link/v2?aid=1988&lang=en&scene=bio_url&target=https%3A%2F%2Fwww.instagram.com%2Fvertigo1983%3Figsh%3DMXJydjVuY253c3N2OA%253D%253D%26utm_source%3Dqr,92.9K,1.7M,N/A
2026-07-22 12:31:53,vookum.watches4,#rolex #richardmillewatch #relojesdelujo #diamond #miami CRM watch Jewelers en Español,https://www.tiktok.com/@vookum.watches4/video/7643627169977044254?is_from_webapp=1&sender_device=pc,"#rolex, #richardmillewatch, #relojesdelujo, #diamond, #miami",49.5K,250,2028,FALSE,6,Probable Scam,"Keyword: 'rolex', Keyword: 'watch', Keyword: 'dm'","I am new on tiktok, please support
me 🙏🏻🥺",,18.9K,283.5K,N/A
2026-07-22 12:33:53,orientalcrystal2,"11:11 ✨This is for the people whose minds never seem to rest.The students preparing for exams.The entrepreneurs building something from nothing.The professionals carrying responsibilities every day.The ones who look calm on the outside,but are constantly thinking about the next problem to solve.💜 Amethyst has long been associated with:✨ mental clarity✨ emotional balance✨ peaceful energy✨ better rest✨ wisdom and focusSometimes success isn’t about working harder.Sometimes it’s about finding a moment of peacein the middle of a busy life.Take care of your energy too 🌙shop your energy ✨orientalcrystal.com #orientalcrystal #Wealth #Health #Happiness #SelfLove",https://www.tiktok.com/@orientalcrystal2/video/7649395222576696589?is_from_webapp=1&sender_device=pc,N/A,18.2K,11.7K,2942,FALSE,8,Probable Scam,"Keyword: 'shop', Keyword: '1:1'","✨ Premium crystals for wealth, health & happiness
🔮 Handpicked healing stones
🌿 Elevate your energy | Shop below ⬇️",https://www.tiktok.com/link/v2?aid=1988&lang=en&scene=bio_url&target=https%3A%2F%2Forientalcrystal.com,2297,114.8K,N/A
2026-07-22 12:35:53,marktilbury,You CAN’T Buy A Rolex 😳 #rolex #watch #shopping,https://www.tiktok.com/@marktilbury/video/7641252515702525206?is_from_webapp=1&sender_device=pc,"#orientalcrystal, #Wealth, #Health, #Happiness, #SelfLove, #rolex, #watch, #shopping",219.1K,680,1998,FALSE,11,Almost Certainly a Scam,"Keyword: 'rolex', Keyword: 'watch', Keyword: 'buy', Keyword: 'shop', Hashtag: '#watch'","💸SELF-MADE MILLIONAIRE
💰Follow for Money & Success Tips
⬇️ I'm better on YouTube",https://www.tiktok.com/link/v2?aid=1988&lang=en&scene=bio_url&target=https%3A%2F%2Fyoutube.com%2F%40marktilbury,7.9M,125.9M,N/A
2026-07-22 12:39:04,orientalcrystal2,"11:11 ✨amethyst & clear quartz —for calm thoughts, clear energy,and softer mornings 🌙☁️sometimes healing is simplyallowing yourself to feel safe again 🧸✨orientalcrystal.com #orientalcrystal #Wealth #Health #happiness #SelfLove",https://www.tiktok.com/@orientalcrystal2/video/7645665579835084046?is_from_webapp=1&sender_device=pc,"#orientalcrystal, #Wealth, #Health",2046,996,411,FALSE,6,Suspicious,Keyword: '1:1',"✨ Premium crystals for wealth, health & happiness
🔮 Handpicked healing stones
🌿 Elevate your energy | Shop below ⬇️",https://www.tiktok.com/link/v2?aid=1988&lang=en&scene=bio_url&target=https%3A%2F%2Forientalcrystal.com,2297,114.8K,N/A
2026-07-22 12:41:04,dafi.time,Monaco F1 🏎️ -⌚️Richard Mille Split Seconds Chronograph Rm65-01 -🛍️ DAFI.nl | Largest Hermès stock of NL- #richardmille #rm6501 #richardmilleclub #richardmillewatch #rm65,https://www.tiktok.com/@dafi.time/video/7648647602619141409?is_from_webapp=1&sender_device=pc,"#orientalcrystal, #Wealth, #Health, #happiness, #SelfLove, #richardmille",1392,10,73,FALSE,13,Probable Scam,"Keyword: 'watch', Keyword: 'dm'","We buy & sell luxury watches & Hermès bags 🧡
🇳🇱 Largest Hermès stock in NL
📍Maastricht | ✈️ Global | 💯Authentic
🛍️: Dafi.nl",,51.3K,2.2M,N/A
2026-07-22 12:43:05,ontoself,May the energy of purple crystals hear your sincere prayers right now. 🔮 #crystalbracelets #crystalhealing #crystaltok #crystals #manifestation,https://www.tiktok.com/@ontoself/video/7655294255874772231?is_from_webapp=1&sender_device=pc,"#richardmille, #rm6501, #richardmilleclub, #richardmillewatch, #rm65, #crystalbracelets, #crystalhealing, #crystaltok, #crystals, #manifestation",767,602,170,FALSE,3,Low Risk,N/A,"Jewellery for becoming her
Self-growth • Confidence • Intention
Designed in Australia 🇦🇺",https://www.tiktok.com/link/v2?aid=1988&lang=en&scene=bio_url&target=https%3A%2F%2Fontoself.com,1179,36.6K,N/A
2026-07-22 12:43:25,langtuo,Gelang Merah Agate + Strawberry Quartz ini azimat tuah anda! #musthaveaccessories #fypmalaysia #foryoumalaysia #tiktokfashion #malaysiacrystal,https://www.tiktok.com/@langtuo/video/7664829155590114580?is_from_webapp=1&sender_device=pc,"#musthaveaccessories, #fypmalaysia, #foryoumalaysia, #tiktokfashion, #malaysiacrystal",266,232,41,FALSE,3,Suspicious,Keyword: 'fashion',"Selamat datang ke LangTuo Kristal, usia generasi 00 yang pakar dalam produk kristal",,169,4717,N/A
2026-07-22 12:43:45,jwyuqqo523,TheOG unboxing #watch #Casio #Seiko #timex #pretty,https://www.tiktok.com/@jwyuqqo523/video/7643074579774164256?is_from_webapp=1&sender_device=pc,"#watch, #Casio, #Seiko, #timex, #pretty",1286,12,49,FALSE,12,Probable Scam,"Keyword: 'watch', Hashtag: '#watch', Phone number in bio","🛍️whatsapp:86:country code +86(China)17746055604
Chinese luxury goods factory!!
@Geniue This is my main account!",https://www.tiktok.com/link/v2?aid=1988&lang=en&scene=bio_url&target=https%3A%2F%2Fnumber-top1.x.yupoo.com%2F.,8463,130.7K,N/A
2026-07-22 12:46:54,langtuo.crystal,"💜 Wear Grace. Embrace Your Journey. 🦋Crafted with elegant Amethyst and White Chalcedony, this bracelet is inspired by calm, confidence and personal growth.🤍 A symbol of peace and balance💜 Elegant enough for every day🦋 A meaningful gift for yourself or someone you loveEvery new beginning starts with believing in yourself. Wear this bracelet as a gentle reminder to stay true to who you are, embrace every change, and let your inner light shine. #Amethyst #CrystalBracelet #ButterflyBracelet #SelfLove #PositiveEnergy",https://www.tiktok.com/@langtuo.crystal/video/7663473904979135751?is_from_webapp=1&sender_device=pc,N/A,479,376,104,FALSE,5,Low Risk,N/A,"Langtuo focuses on selecting high-quality natural crystals, cleverly blending the healing energy of nature with modern aesthetic design.",,406,14K,N/A
2026-07-22 12:48:58,swissmadeofficial,"The pinnacle of the Epic X collection: here we are with the jaw dropping $1,320,000.00 @jacobandco Epic X Chrono Tourbillon Baguette. The high complication chronograph tourbillon movement is housed in a rose gold case and held together by a white gold bracelet. And they’re drowning in baguette-cut diamonds.Limited Edition to just 36 pieces worldwide",https://www.tiktok.com/@swissmadeofficial/video/7660898078957882656?is_from_webapp=1&sender_device=pc,N/A,6069,68,307,FALSE,8,Suspicious,"Keyword: 'bag', Phone number in bio","For watches use only 🇮🇹
On IG 1.900.000 followers",https://www.tiktok.com/link/v2?aid=1988&lang=en&scene=bio_url&target=https%3A%2F%2Fwww.instagram.com%2Fvertigo1983%3Figsh%3DMXJydjVuY253c3N2OA%253D%253D%26utm_source%3Dqr,92.9K,1.7M,N/A
2026-07-22 12:50:58,daoyuanlustre,"The pinnacle of the Epic X collection: here we are with the jaw dropping $1,320,000.00 @jacobandco Epic X Chrono Tourbillon Baguette. The high complication chronograph tourbillon movement is housed in a rose gold case and held together by a white gold bracelet. And they’re drowning in baguette-cut diamonds.Limited Edition to just 36 pieces worldwide",https://www.tiktok.com/@daoyuanlustre/video/7660070181913267486?is_from_webapp=1&sender_device=pc,"#peace, #calm, #healing, #CrystalHealing, #EnergyProtection, #LuckyCrystals, #HealingCrystal, #SpiritualJewelry, #fyp",201,174,39,FALSE,5,Suspicious,Keyword: 'bag',"refined details & timeless glow ✨
shop ➡️ https://daoyuanstore.com/",,500,6766,N/A
2026-07-22 12:52:58,nicovanderhorst,A luxury watch for under $3K? #watches #Luxury #fyp,https://www.tiktok.com/@nicovanderhorst/video/7642365365929905430?is_from_webapp=1&sender_device=pc,"#SpiritualJewelry, #fyp, #watches, #Luxury, #fyp",72.5K,458,615,FALSE,13,Almost Certainly a Scam,"Keyword: 'luxury', Keyword: 'watch', Hashtag: '#watch', Hashtag: '#watches', Hashtag: '#luxury'","That Watch Guy from YouTube⌚️

Socialmedia@prideandpinion.com",https://www.tiktok.com/link/v2?aid=1988&lang=en&scene=bio_url&target=https%3A%2F%2Flinktr.ee%2Fnicoleonard,1.4M,35.8M,N/A
2026-07-22 12:54:58,bpthedev,"I put the new Grok 4.5 model head to head with Opus 4.8... Comment ""Cursor"" and I'll DM you a link for 50% off your first month, plus double Grok 4.5 usage for the first week. I pretty much exclusively code with Claude models, but whenever a new model drops I like to try it out. I was surprised by how much I enjoyed the Cursor experience, and SpaceX's new model, Grok 4.5, is really impressive. @trycursor #Cursor #cursorcreator",https://www.tiktok.com/@bpthedev/video/7662888371471027477?is_from_webapp=1&sender_device=pc,N/A,35.7K,116,64,TRUE,8,Probable Scam,"Keyword: 'dm', Keyword: 'link'","💻 developer | ai | business
📲 building @linkrrstore & @yourkind.io
📩 bpthedev@gmail.com",https://cursor.com/grok-4-5?utm_source=tiktok_paid&utm_medium=paid&utm_campaign=%5BPurchase%5D_Prospecting_Evergreen_Max-Conversions%20-%20%5BCore%20T1%5D%20-%20%5BGrok%204.5%5D&utm_content=I%20put%20the%20new%20Grok%204.5%20model%20head%20to%20head%20with%20Opus%204.8...%20%20Comment%20%22Cursor%22%20and%20I%27ll%20DM%20you%20a%20link%20for%2050%25%20off%20your%20first%20month%2C%20plus%20double%20Grok%204.5%20usage%20for%20the%20first%20week.%20I%20pretty%20much%20exclusively%20code%20with%20Claude%20models%2C%20but%20whenever%20a%20new%20model%20drops%20I%20like%20to%20try%20it%20out.%20I%20was%20surprised%20by%20how%20much%20I%20enjoyed%20the%20Cursor%20experience%2C%20and%20SpaceX%27s%20new%20model%2C%20Grok%204.5%2C%20is%20really%20impressive.%20%40trycursor%20%23Cursor%20%23cursorcreator%20_%5B262%5D%20-%20UGC%20-%20Partnership%20-%20Bailey%20Parker%20-%20Opus%204.8%20vs%20Grok%204.5%20-%20App%20Speech%20t&cc_adgroupid=1871265180558802&cc_adid=1871265211465906&utm_id=1871265131709585&cc_term=Purchase_Prospecting_Competitors_US%7CCA%7CUK&ttclid=E_C_P_CtYBtncxFNPWpalRYzGGqK9_qI4Gb0Q5GszUz3KEY773m3pXEii5Rz3hlP_GAuwhXHFJtDKqvOh1P37Drl8rvvQ5WqY3t1f68NMdipVshMW-sEaAIb5P2Pnk3MZJHYkF4iKFZTpyfoN-14Eolaz8tWqWPtZx9bnZ9aa12XG7Jyy6peYKFOpiQrdIQwehzc2av_9gDmZokj6A5pxt0gy5ZGeRuZY9PSqcRUyPhN1vC3RrwfsUYhxVSG6yXuq8FwmTBV-HBcMkjog76MRasrKE1FwgS1iTwgNFIBIEdjIuMA,9586,130.6K,N/A
2026-07-22 12:58:08,ontoself,"11:11 wish, seven crystals bring all blessings✨ #1111 #crystalbracelets #crystalhealing #crystaltok #crystals",https://www.tiktok.com/@ontoself/video/7654074749676457234?is_from_webapp=1&sender_device=pc,"#1111, #crystalbracelets, #crystalhealing, #crystaltok, #crystals",1053,717,228,FALSE,4,Suspicious,Keyword: '1:1',"Jewellery for becoming her
Self-growth • Confidence • Intention
Designed in Australia 🇦🇺",https://www.tiktok.com/link/v2?aid=1988&lang=en&scene=bio_url&target=https%3A%2F%2Fontoself.com,1179,36.6K,N/A
2026-07-22 13:00:09,crmluxury,Empresario vende su RELOJ de lujo - 2,https://www.tiktok.com/@crmluxury/video/7646313541590469901?is_from_webapp=1&sender_device=pc,N/A,43.5K,292,461,FALSE,6,Suspicious,Keyword: 'luxury',"Cuenta OFICIAL de clips de @Carlos Marcelin Amantes de lo exclusivo, Oro, Rolex 💸🪙 Fan de CRM",https://www.tiktok.com/link/v2?aid=1988&lang=en&scene=bio_url&target=crmjewelers.com,258K,4.6M,N/A
2026-07-22 13:02:10,lucytimepieces.comm,Every second counts. Every detail matters.The Daytona 4130 with its bold blue dial is built to stand apart. #timepieces #luxury #watches #luxurywatches #lucytimepieces,https://www.tiktok.com/@lucytimepieces.comm/video/7663124276349979924?is_from_webapp=1&sender_device=pc,"#timepieces, #luxury, #watches, #luxurywatches, #lucytimepieces",80.2K,181,4075,FALSE,11,Almost Certainly a Scam,"Keyword: 'luxury', Keyword: 'watch', Hashtag: '#watch', Hashtag: '#watches', Hashtag: '#luxury'","Watchess Details
Things most people miss
🌐 inf.o us",https://www.tiktok.com/link/v2?aid=1988&lang=en&scene=bio_url&target=http%3A%2F%2Flucytimepieces.com%2Fcollections,68.7K,2.1M,N/A
2026-07-22 13:04:14,swissmadeofficial,"The craziest $22,000,000.00 @Jacob & Co. Watch vault 🤯",https://www.tiktok.com/@swissmadeofficial/video/7662922653312879905?is_from_webapp=1&sender_device=pc,#lucytimepieces,6022,60,666,FALSE,8,Suspicious,"Keyword: 'watch', Phone number in bio","For watches use only 🇮🇹
On IG 1.900.000 followers",https://www.tiktok.com/link/v2?aid=1988&lang=en&scene=bio_url&target=https%3A%2F%2Fwww.instagram.com%2Fvertigo1983%3Figsh%3DMXJydjVuY253c3N2OA%253D%253D%26utm_source%3Dqr,92.9K,1.7M,N/A
2026-07-22 13:06:15,orientalcrystal2,"11:11 ✨This is for the people who always seem strong.The ones who overthink every conversation.The ones who care deeply about others,but rarely talk about how they’re feeling.The ones who quietly carry stress,anxiety,and emotional weight every day.🍓 Strawberry Quartz is often associated with:✨ self-love✨ emotional healing✨ inner peace✨ confidence✨ positive energyA gentle reminder that you deserve the same love,care,and understanding that you give to everyone else.Take a moment for yourself today 🤍 #orientalcrystal #Wealth #Health #Happiness #SelfLove",https://www.tiktok.com/@orientalcrystal2/video/7649024690882743565?is_from_webapp=1&sender_device=pc,N/A,14.6K,7885,1864,FALSE,6,Suspicious,Keyword: '1:1',"✨ Premium crystals for wealth, health & happiness
🔮 Handpicked healing stones
🌿 Elevate your energy | Shop below ⬇️",https://www.tiktok.com/link/v2?aid=1988&lang=en&scene=bio_url&target=https%3A%2F%2Forientalcrystal.com,2299,114.8K,N/A
2026-07-22 13:09:27,langtuo.crystal,"💛 Wear Confidence. Welcome New Opportunities.Crafted with Tiger Eye, Citrine and Smoky Quartz, this bracelet is inspired by courage, ambition and a positive mindset.A timeless piece for dreamers, achievers and anyone embracing new beginnings. #TigerEye #Citrine #SmokyQuartz #CrystalBracelet #CrystalJewelry",https://www.tiktok.com/@langtuo.crystal/video/7664199455951899911?is_from_webapp=1&sender_device=pc,N/A,435,348,99,FALSE,5,Low Risk,N/A,"Langtuo focuses on selecting high-quality natural crystals, cleverly blending the healing energy of nature with modern aesthetic design.",,407,14K,N/A
2026-07-22 13:11:28,calf.watches,"Seis relógios da Jacob & Co somam mais de US$ 33,3 milhões em um único encontro de colecionadores com Jacob Arabo 💸🔥➡️ Recentemente, Jacob Arabo compartilhou em seu perfil um registro impressionante de um encontro entre colecionadores da marca. Juntas, as seis peças exibidas ultrapassam US$ 33,3 milhões, reunindo algumas das criações mais raras e complexas da Jacob & Co.🔹 Jacob & Co Billionaire Yellow Diamonds — US$ 20.000.000 ➡️ Tourbillon totalmente cravejado com diamantes amarelos fancy, uma das peças mais exclusivas já produzidas pela marca.🔹 Jacob & Co Billionaire III White Diamonds — US$ 3.300.000 ➡️ Versão em diamantes brancos da coleção Billionaire, combinando alta relojoaria com centenas de diamantes lapidados.🔹 Jacob & Co Boutique Watch VII White Diamonds — US$ 600.000 ➡️ Modelo joalheiro totalmente pavé, desenvolvido para destacar a lapidação e o brilho dos diamantes.🔹 Jacob & Co The Mystery Tourbillon Diamonds — US$ 1.430.000 ➡️ Relógio com tourbillon central e mostrador artístico, cercado por diamantes e esmeraldas.🔹 Jacob & Co Billionaire II White Diamonds — US$ 7.000.000 ➡️ Uma das versões mais icônicas da linha Billionaire, inteiramente cravejada com diamantes de altíssima qualidade.🔹 Jacob & Co Astronomia Everest — US$ 973.280 ➡️ Inspirado no Monte Everest, traz o famoso movimento tridimensional da coleção Astronomia e uma escultura da montanha no centro do relógio.🔹 Qual desses você colocaria no pulso se pudesse escolher apenas um? 👀⌚ #JacobAndCo #JacobArabo #LuxuryWatches #HauteHorlogerie #WatchCollection",https://www.tiktok.com/@calf.watches/video/7662960612640623893?is_from_webapp=1&sender_device=pc,"#TigerEye, #Citrine, #SmokyQuartz, #CrystalBracelet, #CrystalJewelry",941,5,32,FALSE,14,Almost Certainly a Scam,"Keyword: 'luxury', Keyword: 'watch', Phone number in description","Watch spotting & alta relojoaria 🕰️💙
🔹 1M+ followers • 1B+ views 🇧🇷🌎
🔹 contato@calfwatches.com 📧",https://www.tiktok.com/link/v2?aid=1988&lang=en&scene=bio_url&target=https%3A%2F%2Fyoutube.com%2F%40calf_watches,255.8K,2.5M,N/A
2026-07-22 13:13:28,swissmadeofficial,"Not just a watch. A symphony of power, legacy, and craftsmanship.With a single touch, the legendary @jacobandco Godfather melody comes to life, while over 600 components move in perfect harmony beneath 18K rose gold. A masterpiece where haute horlogerie meets cinematic history.Time doesn’t simply pass. It performs",https://www.tiktok.com/@swissmadeofficial/video/7653399582163995926?is_from_webapp=1&sender_device=pc,"#JacobAndCo, #JacobArabo, #LuxuryWatches, #HauteHorlogerie, #WatchCollection",14.3K,189,871,FALSE,10,Probable Scam,"Keyword: 'watch', Hashtag: '#watch', Hashtag: '#luxury', Phone number in bio","For watches use only 🇮🇹
On IG 1.900.000 followers",https://www.tiktok.com/link/v2?aid=1988&lang=en&scene=bio_url&target=https%3A%2F%2Fwww.instagram.com%2Fvertigo1983%3Figsh%3DMXJydjVuY253c3N2OA%253D%253D%26utm_source%3Dqr,92.9K,1.7M,N/A
2026-07-22 13:15:28,auracristal.mx,11:11🔮 #crystaltok #crystals #crystalshop #fypage #healingcrystals,https://www.tiktok.com/@auracristal.mx/video/7645131715459009812?is_from_webapp=1&sender_device=pc,"#crystaltok, #crystals, #crystalshop, #fypage, #healingcrystals",1772,947,149,FALSE,4,Probable Scam,"Keyword: 'shop', Keyword: '1:1'","Pulseras de cristal ✨
Energía, estilo y buena vibra | MX🔮",,2214,122.8K,N/A
2026-07-22 13:17:28,alrwatches,Most watch damage happens at home.Not at the gym.Not on holiday.✔ Wind clockwise✔ Always screw the crown down✔ Put the watch crown side up✔ Use a microfiber clothSmall mistakes become expensive repairs.Take care of the watch.#alrwatches #watchadvice #watchcare #luxurywatches,https://www.tiktok.com/@alrwatches/video/7657617640424344855?is_from_webapp=1&sender_device=pc,N/A,5764,165,411,FALSE,8,Probable Scam,"Keyword: 'luxury', Keyword: 'watch'",Luxury & Vintage watch specialist,,860,14.8K,N/A
2026-07-22 13:20:38,chenmuze_fiveelements,If this bracelet found you. it’s a reminder to pause and find peace within #makeawish #1111 #manifestation #bodhi #malaysia,https://www.tiktok.com/@chenmuze_fiveelements/video/7651520624065613076?is_from_webapp=1&sender_device=pc,"#makeawish, #1111, #manifestation, #bodhi, #malaysia",8277,3249,1078,FALSE,0,Clean,N/A,N/A,N/A,N/A,N/A,N/A
2026-07-22 13:20:54,vacherontok,"POV: You finally spent $180,000 on your first tourbillon.Would you choose this Vacheron Constantin... or buy something else with the money? #VacheronConstantin #WatchTok #Tourbillon #HauteHorlogerie #WatchCollector",https://www.tiktok.com/@vacherontok/video/7652262952476724502?is_from_webapp=1&sender_device=pc,N/A,2646,53,108,FALSE,4,Probable Scam,"Keyword: 'watch', Keyword: 'buy'","⌚ The internet's Vacheron Constantin obsession.
Overseas • Patrimony • Historiques • Traditionnelle",,486,6072,N/A
2026-07-22 13:22:54,nicos_reactions,Is this Really the Worst Watch Unboxing Video on TikTok! #expert #reacts #watches #collection #unboxing,https://www.tiktok.com/@nicos_reactions/video/7665040294097816854?is_from_webapp=1&sender_device=pc,"#VacheronConstantin, #WatchTok, #Tourbillon, #HauteHorlogerie, #WatchCollector, #expert, #reacts, #watches, #collection, #unboxing",15.7K,52,79,FALSE,9,Probable Scam,"Keyword: 'watch', Hashtag: '#watch', Hashtag: '#watches', Hashtag: '#unboxing'","Anything and Everything About Watches
More Content Here 👇",https://www.tiktok.com/link/v2?aid=1988&lang=en&scene=bio_url&target=https%3A%2F%2Fwww.facebook.com%2Fshare%2F1AWVTDoCp2%2F%3Fmibextid%3DwwXIfr,146.4K,3.9M,N/A
2026-07-22 13:24:54,nanacrystal66,🔮11:11 #crystalhealing #crystal #fypage #fypageシ #crystalpalace,https://www.tiktok.com/@nanacrystal66/video/7658899680297848085?is_from_webapp=1&sender_device=pc,"#expert, #reacts, #watches, #collection, #unboxing, #crystalhealing, #crystal, #fypage, #fypageシ, #crystalpalace",2221,1374,273,FALSE,7,Probable Scam,"Keyword: '1:1', Hashtag: '#watch', Hashtag: '#watches', Hashtag: '#unboxing', Phone number in bio","可塘源頭批發市場|中高端天然水晶
美學設計師|支持新馬台出貨|新幣報價
五行生肖專屬訂製:@NANA水晶定製Crystal
購買先➕賴:nana080777
WA:13923592341",,598,21.8K,N/A
2026-07-22 13:26:54,lucytimepieces.comm,A darker shade of sophistication.Crafted for those who appreciate confidence without compromise #timepieces #luxury #watches #luxurywatches,https://www.tiktok.com/@lucytimepieces.comm/video/7664253080145480981?is_from_webapp=1&sender_device=pc,"#timepieces, #luxury, #watches, #luxurywatches",5113,10,243,FALSE,12,Almost Certainly a Scam,"Keyword: 'luxury', Keyword: 'watch', Hashtag: '#watch', Hashtag: '#watches', Hashtag: '#luxury'","Watchess Details
Things most people miss
🌐 inf.o us",https://www.tiktok.com/link/v2?aid=1988&lang=en&scene=bio_url&target=http%3A%2F%2Flucytimepieces.com%2Fcollections,68.7K,2.1M,N/A
2026-07-22 13:30:04,orientalcrystal2,"11:11 ✨This is for the people who have been carrying too much lately.The ones trying to stay positive,even when life feels heavy.The ones who keep showing up for everyone else,while quietly neglecting themselves.The ones who smile,say “I’m fine,”and keep moving forward.Even when they’re exhausted.Even when they’re overwhelmed.Even when nobody notices.🌿 Sometimes we don’t need to become someone new.We simply need to reconnect with ourselves.Each crystal carries a different energy.✨ abundance✨ emotional healing✨ confidence✨ inner peace✨ clarity✨ self-love✨ happiness✨ growth✨ new beginningsMaybe the crystal you’re drawn tois exactly what your soul needs right now.Which one are you choosing? ✨👇 Tell me in the comments. #orientalcrystal #happiness #wealth #health #selflove",https://www.tiktok.com/@orientalcrystal2/video/7653473600384666893?is_from_webapp=1&sender_device=pc,N/A,2472,1304,395,FALSE,6,Suspicious,Keyword: '1:1',"✨ Premium crystals for wealth, health & happiness
🔮 Handpicked healing stones
🌿 Elevate your energy | Shop below ⬇️",https://www.tiktok.com/link/v2?aid=1988&lang=en&scene=bio_url&target=https%3A%2F%2Forientalcrystal.com,2300,114.9K,N/A
2026-07-22 13:32:04,lucytimepieces.comm,"Just 8.6mm thick, crafted with exceptional finishing. #timepieces #luxury #watches #luxurywatches #lucytimepieces",https://www.tiktok.com/@lucytimepieces.comm/video/7661641354937765141?is_from_webapp=1&sender_device=pc,"#orientalcrystal, #happiness, #wealth, #health, #selflove, #timepieces, #luxury, #watches, #luxurywatches, #lucytimepieces",9097,21,428,FALSE,11,Almost Certainly a Scam,"Keyword: 'luxury', Keyword: 'watch', Hashtag: '#watch', Hashtag: '#watches', Hashtag: '#luxury'","Watchess Details
Things most people miss
🌐 inf.o us",https://www.tiktok.com/link/v2?aid=1988&lang=en&scene=bio_url&target=http%3A%2F%2Flucytimepieces.com%2Fcollections,68.7K,2.1M,N/A
2026-07-22 13:34:04,nicovanderhorst,Woke nonsense 🤦‍♂️ #watches #Luxury #fyp,https://www.tiktok.com/@nicovanderhorst/video/7639715609223400727?is_from_webapp=1&sender_device=pc,"#watches, #Luxury, #fyp",81.9K,601,715,FALSE,13,Almost Certainly a Scam,"Keyword: 'luxury', Keyword: 'watch', Hashtag: '#watch', Hashtag: '#watches', Hashtag: '#luxury'","That Watch Guy from YouTube⌚️

Socialmedia@prideandpinion.com",https://www.tiktok.com/link/v2?aid=1988&lang=en&scene=bio_url&target=https%3A%2F%2Flinktr.ee%2Fnicoleonard,1.4M,35.8M,N/A
2026-07-22 13:36:05,lucytimepieces.comm,A bold fusion of Skeleton aesthetics and Carbon TPT performance. #luxury #watches #timepieces #luxurywatches #lifestyle,https://www.tiktok.com/@lucytimepieces.comm/video/7660897895687671061?is_from_webapp=1&sender_device=pc,"#luxury, #watches, #timepieces, #luxurywatches, #lifestyle",57.5K,294,3899,FALSE,11,Almost Certainly a Scam,"Keyword: 'luxury', Keyword: 'watch', Hashtag: '#watch', Hashtag: '#watches', Hashtag: '#luxury'","Watchess Details
Things most people miss
🌐 inf.o us",https://www.tiktok.com/link/v2?aid=1988&lang=en&scene=bio_url&target=http%3A%2F%2Flucytimepieces.com%2Fcollections,68.7K,2.1M,N/A
2026-07-22 13:39:23,gillians.bliss.crystals,"Just made this beautiful amethyst grid for manifestation 💜Amethyst can boost your wisdom, calms your mind and clears negative energy. Hope it works for all of you 🥰 #crystals #crystalhealing #manifestation #crystalshop #crystaltok",https://www.tiktok.com/@gillians.bliss.crystals/video/7644594053086137608?is_from_webapp=1&sender_device=pc,"#crystals, #crystalhealing, #manifestation",3711,2507,712,FALSE,2,Suspicious,Keyword: 'shop',"🧿Your daily dose of calm & positive energy.
🔮Healing & manifestation crystals
✨Believe in the power of belief",,6172,133K,N/A
2026-07-22 13:39:44,nicovanderhorst,What makes a watch maker? #watches #fyp #Luxury,https://www.tiktok.com/@nicovanderhorst/video/7649023320532208918?is_from_webapp=1&sender_device=pc,"#crystals, #crystalhealing, #manifestation, #crystalshop, #crystaltok, #watches, #fyp, #Luxury",60.5K,133,368,FALSE,13,Almost Certainly a Scam,"Keyword: 'luxury', Keyword: 'watch', Hashtag: '#watch', Hashtag: '#watches', Hashtag: '#luxury'","That Watch Guy from YouTube⌚️

Socialmedia@prideandpinion.com",https://www.tiktok.com/link/v2?aid=1988&lang=en&scene=bio_url&target=https%3A%2F%2Flinktr.ee%2Fnicoleonard,1.4M,35.8M,N/A
2026-07-22 13:41:45,laicaicrystal,Make a wish with energy crystal bracelet 11:11 Good luck 🍀 #crystals #manifestation #crystaltok #1111 #energyhealing,https://www.tiktok.com/@laicaicrystal/video/7635292802204601613?is_from_webapp=1&sender_device=pc,"#crystals, #manifestation, #crystaltok, #1111, #energyhealing",1059,701,245,FALSE,4,Suspicious,Keyword: '1:1',I love crystals,https://www.tiktok.com/link/v2?aid=1988&lang=en&scene=bio_url&target=https%3A%2F%2Flaicaicrystal.com,1975,82.7K,N/A
2026-07-22 13:43:52,ontoself,Soft purple crystal ✨ Peace & gentle energy 💜 #CrystalTok #AmethystBracelet #CrystalEnergy #Manifestation #PeacefulVibes,https://www.tiktok.com/@ontoself/video/7651442276236807442?is_from_webapp=1&sender_device=pc,"#CrystalTok, #AmethystBracelet, #CrystalEnergy, #Manifestation, #PeacefulVibes",9183,5089,1159,FALSE,0,Clean,N/A,N/A,N/A,N/A,N/A,N/A
2026-07-22 13:44:08,lucytimepieces.comm,No two Mother-of-Pearl dials are ever the same.A masterpiece shaped by nature and refined by craftsmanship. #timepieces #luxury #watches #luxurywatches,https://www.tiktok.com/@lucytimepieces.comm/video/7662752800077532437?is_from_webapp=1&sender_device=pc,"#timepieces, #luxury, #watches, #luxurywatches",1593,6,116,FALSE,8,Almost Certainly a Scam,"Keyword: 'luxury', Keyword: 'watch', Hashtag: '#watch', Hashtag: '#watches', Hashtag: '#luxury'",N/A,N/A,N/A,N/A,N/A
2026-07-24 16:04:55,werger.foiles,"Rolex DatejustBlack / dark grey sunburst dialBaton hour markers + date magnifier (Cyclops lens)Fluted bezelLow-key, but you can tell it’s not ordinary at first glance.The sunburst black dial shifts with light, creating subtle layers.Not loud, but extremely timeless on the wrist. #luxurywatch #timepiece #luxurylifestyle #unbox #fyp",https://www.tiktok.com/@werger.foiles/video/7654889040193293601?is_from_webapp=1&sender_device=pc,N/A,38.1K,96,2297,FALSE,14,Probable Scam,"Keyword: 'luxury', Keyword: 'rolex', Keyword: 'watch'","Which watch fits your vibe? ⌚
👇 Tap to see more: WhatsApp
Link: kernel.bio.link",https://www.tiktok.com/link/v2?aid=1988&lang=en&scene=bio_url&target=Kernel.bio.link,4094,189.4K,N/A
2026-07-24 16:06:56,nicovanderhorst,This Russian is worth watching 🔥 #watches #fyp #Luxury,https://www.tiktok.com/@nicovanderhorst/video/7649021103137901846?is_from_webapp=1&sender_device=pc,"#luxurywatch, #timepiece, #luxurylifestyle, #unbox, #fyp, #watches, #fyp, #Luxury",11.7K,38,217,FALSE,13,Almost Certainly a Scam,"Keyword: 'luxury', Keyword: 'watch', Hashtag: '#watch', Hashtag: '#watches', Hashtag: '#luxury'","That Watch Guy from YouTube⌚️

Socialmedia@prideandpinion.com",https://www.tiktok.com/link/v2?aid=1988&lang=en&scene=bio_url&target=https%3A%2F%2Flinktr.ee%2Fnicoleonard,1.4M,35.8M,N/A
2026-07-24 16:08:57,wetracked,"Rated 4.9/5 out of 1618+ reviews on Trustpilot, Capterra & G2",https://www.tiktok.com/@wetracked/video/7650090376052624662?is_from_webapp=1&sender_device=pc,N/A,4065,15,24,TRUE,2,Suspicious,Keyword: 'ws',"📈 #1 Ad Tracking Software For Ecommerce
👇 Raise Your ROAS by 50% in 1 week",https://www.wetracked.io?utm_source=tiktok&utm_medium=paid&utm_id=1856826214464658&utm_campaign=New%20Conversions%20-%20Subscribe%20%28New%202026%20-%20High%20Perf.%20Countries%29&ttclid=E_C_P_CtMBlsSgucXquTp-vzWPAEGy4E0Jpm1StwTcM-_sUyfDhgqQdQwBa9kEkWRKWxYfuEqYs8FPD5yNl7oLSuGDzUXOK1VMXgnUHb5Pu2iZZL9LXVvmU7QLlTBoBI8ie-U4JcxVNy6OUNj61tm3s4zkEcBTGXcdzRwToBvQ87T4jufUDSwYu9JQIdJl_0iYDZk-qFutKrInFe6YMwSK3GMQEcf3GzUk25wPG1aPd8i1OJnGyO_yeaJCyEnP3qBSF4SDd2WQO6C1eMdX97VWYgNYs3sKveu8hBIEdjIuMA,13.3K,178.6K,N/A
2026-07-24 16:09:17,mywatchkl.com,Owning a TAG Heuer sounds a little like this 😌🕰️ Buy • Sell • Trade Luxury Watches👉🏻Explore more at mywatchkl.com #tagheuer #luxurywatch #menswatch #luxurytimepieces #wristcheck,https://www.tiktok.com/@mywatchkl.com/video/7663845242000477447?is_from_webapp=1&sender_device=pc,#tagheuer,101,13,2,FALSE,13,Almost Certainly a Scam,"Keyword: 'luxury', Keyword: 'watch', Keyword: 'buy', Phone number in bio","🕰️𝘼𝙪𝙩𝙝𝙚𝙣𝙩𝙞𝙘 𝙇𝙪𝙭𝙪𝙮 𝙒𝙖𝙩𝙘𝙝𝙚𝙨 𝙞𝙣 𝙆𝙇
🔗mywatchkl.com
📲Yang +6012-372-8603
🏷️ Trusted Preowned Dealer Since 2020",,108,683,N/A
2026-07-24 16:11:17,jacobandco,Never going to get over that sound #jacobandco #inspiredbytheimpossible #billionaire,https://www.tiktok.com/@jacobandco/video/7652942226472946975?is_from_webapp=1&sender_device=pc,"#tagheuer, #luxurywatch, #menswatch, #luxurytimepieces, #wristcheck, #jacobandco, #inspiredbytheimpossible, #billionaire",92.5K,1156,3725,FALSE,3,Low Risk,Hashtag: '#luxury',Inspired by the Impossible,https://www.tiktok.com/link/v2?aid=1988&lang=en&scene=bio_url&target=https%3A%2F%2Fjacobandco.shop%2Fpages%2Fcollections,6.7M,122.3M,N/A
2026-07-24 16:11:37,auracristal.mx,11:11🔮 #crystaltok #fypage #crystals #healingcrystals #crystal,https://www.tiktok.com/@auracristal.mx/video/7647769548573199637?is_from_webapp=1&sender_device=pc,"#crystaltok, #fypage, #crystals, #healingcrystals, #crystal",734,476,153,FALSE,3,Suspicious,Keyword: '1:1',"Pulseras de cristal ✨
Energía, estilo y buena vibra | MX🔮",,2252,124.4K,N/A
2026-07-24 16:11:58,werger.foiles,"41mm two-tone Datejust with a black sunburst dial and diamond hour markers.The dial shifts subtly under light, revealing a deep layered texture.Fluted bezel paired with the Jubilee braceletcreates the perfect balance between sport and elegance. #luxurywatch #timepiece #luxurylifestyle #unbox #fyp",https://www.tiktok.com/@werger.foiles/video/7655628055670459680?is_from_webapp=1&sender_device=pc,N/A,6481,20,418,FALSE,12,Probable Scam,"Keyword: 'luxury', Keyword: 'watch'","Which watch fits your vibe? ⌚
👇 Tap to see more: WhatsApp
Link: kernel.bio.link",https://www.tiktok.com/link/v2?aid=1988&lang=en&scene=bio_url&target=Kernel.bio.link,4094,189.5K,N/A
2026-07-24 16:14:08,royalticks0,"""Own the prestige, skip the premium.""—free shipping & 60-Day Free Returns!",https://www.tiktok.com/@royalticks0/video/7664819323915095309?is_from_webapp=1&sender_device=pc,N/A,210,12,2,TRUE,5,Suspicious,N/A,No bio yet.,https://order.werico.it.com/?utm_source=tiktok&utm_id=1871292484523169&utm_campaign=WM-4&utm_medium=paid&ttclid=E_C_P_CtMBBfBKx31xIi4MyICc6THYd_E2opjBbOFDSdKcWWRcnly7hnOH5uGjGaPa4Ul4mp5N8v3UrekncS87PDNDb3K82nAUEcbB6t30ubHjI-r0fntA9AN7vmxBQtzg82auw9ScD7VbwWc2h9fSutHxuK82TVQzZZ_oA-6hJeTiq80XkwIKIok5RhZSD78gttYy3B7mIBQx9GeTxP8ZBIEf2TGn5WPLDQsPATTWIbAjChV4qiOcxm4x41XQSKRFidb87owCktJ8nQttuJNln_CcS7JEC5lbDRIEdjIuMA,327,2621,N/A
2026-07-24 16:16:09,watchtraderz,Something inside of this Rolex doesn’t come from Rolex.Don’t miss our eBay live streams every Sunday at 5pm. We auction off the same watches you see in our videos all starting from £1. It sounds hard to believe I know so make sure you’re there so you can see for yourself! #menstoys #rolex #luxurywatch #wimbledon #giftwatch,https://www.tiktok.com/@watchtraderz/video/7644584679810632982?is_from_webapp=1&sender_device=pc,N/A,498,11,8,FALSE,10,Almost Certainly a Scam,"Keyword: 'luxury', Keyword: 'rolex', Keyword: 'watch'","Boutiques Newcastle and Mayfair📍

Community Page",https://www.tiktok.com/link/v2?aid=1988&lang=en&scene=bio_url&target=watchtrader.co.uk,4081,69.4K,N/A
2026-07-24 16:18:10,zackcore15,Rolex datejust wimbledon #rolex #rolexdatejust,https://www.tiktok.com/@zackcore15/video/7651239589872553237?is_from_webapp=1&sender_device=pc,"#menstoys, #rolex, #luxurywatch, #wimbledon, #giftwatch, #rolex, #rolexdatejust",15K,300,991,FALSE,3,Suspicious,"Keyword: 'rolex', Hashtag: '#luxury'",Loading.....,,804,29.7K,N/A
2026-07-24 16:18:31,watcherr341,A watch with a stunningly beautiful appearance.,https://www.tiktok.com/@watcherr341/video/7666052932072213774?is_from_webapp=1&sender_device=pc,N/A,3,1,1,TRUE,7,Probable Scam,Keyword: 'watch',No bio yet.,https://www.hunmkos.com?utm_source=tiktok&utm_id=1871578072874177&utm_campaign=ww.hunmkos.com&utm_medium=paid&ttclid=E_C_P_CtMBW1J_EyvA7m3RJ_L1B4InRoYnCNLwHcSbHh6imDvUfR_wlew8IPhOw5LoM-78Bo3S1RjaL_WjwIJLx_oaiXIgQ2Xem5f85hNeKpWb76s2_Vzzv75XQW9uk4OtLc2Xnc3WGxxHIAFfqalOy-TNi62eGcK9q44a6K06js1sIkRiNqCm0dMoEcrBzRFPevDxii1rW5IFim0R2nzHdHvWXDuymlyNRiCF8imFPk5Voyh1ropuijHESK21jLcFIBGPIacYIKFen2UuPEX-Ufjzbq5tUWTWchIEdjIuMA,30,336,N/A
2026-07-24 16:20:31,norejectionguy,How rich people have to play in luxury game #socialexperiment #social #buying #luxury #watch,https://www.tiktok.com/@norejectionguy/video/7646497863282871574?is_from_webapp=1&sender_device=pc,"#socialexperiment, #social, #buying, #luxury, #watch",104.9K,532,1878,FALSE,10,Almost Certainly a Scam,"Keyword: 'luxury', Keyword: 'watch', Keyword: 'buy', Hashtag: '#watch', Hashtag: '#luxury'","Confidence can take you places🚀🌎 expect unexpected on this channel!

Join my NOREJECTION SCHOOL 😃
.",https://www.tiktok.com/link/v2?aid=1988&lang=en&scene=bio_url&target=https%3A%2F%2Fwww.skool.com%2Fnorejection-community-3571%2Fabout%3Fref%3D8c58ec60ec394c59992f891dbfa21cad,548.3K,39.5M,N/A
2026-07-24 16:22:32,watchyourwristatl,Do you agree with his ratings? #watches #atlanta #fyp,https://www.tiktok.com/@watchyourwristatl/video/7659180229293870350?is_from_webapp=1&sender_device=pc,"#watches, #atlanta, #fyp",3487,77,67,FALSE,10,Probable Scam,"Keyword: 'watch', Hashtag: '#watch', Hashtag: '#watches'","#1 Watch Dealer in Southeast
NO Waitlist - NO Games
Shop Online or In Store⤵️",https://www.tiktok.com/link/v2?aid=1988&lang=en&scene=bio_url&target=https%3A%2F%2Fwww.wywatl.com,26.6K,538.5K,N/A
2026-07-24 16:24:32,mdwatchdne,Premium Handmade Watch Limited Sale,https://www.tiktok.com/@mdwatchdne/video/7665982916073196822?is_from_webapp=1&sender_device=pc,N/A,2,1,1,TRUE,9,Almost Certainly a Scam,"Keyword: 'watch', Keyword: 'dm'",No bio yet.,https://www.giolko.com?utm_source=tiktok&utm_id=1871563843288498&utm_campaign=giolko%20A&utm_medium=paid&ttclid=E_C_P_CtMBaA3CwIukMW7PY9cd-WOE0eGVCcvITci3mYOJHo8TP3SY7oxYTYgPXLyKrRZlWTAqu0lKMaaPL0fctBT5DuYbMwyvqrzySR09wgua6jjGYki2ZWZTrUimQ3NLDJjzl2LBtrdN-k5BaPt8Kr379QsMG4QLk28TJ4D9AmcPBV6MKpuI_XcIGGglXeQpkK50dqkxIA0pzQGfT2dlfDY3KDYBWhcRKHZU68_-G86aLPC19ZduLr_qD3ZaLqf04CO-oSrch6WiWcZNNs9gbXOoWMrOnIxKYRIEdjIuMA,45,876,N/A
2026-07-24 21:25:02,dafi.time,Not your average Daytona spotted during Monaco F1 Grandprix 🏎️ -⌚️Rolex Daytona Le Mans in white gold | Ref. 126529LN-🛍️ DAFI.nl | Largest Hermès stock of NL-# #Rolex #Rolexdaytona #f1monaco #126529LN #grandprixmonaco,,N/A,8174,29,424,FALSE,10,Suspicious,Keyword: 'rolex',"We buy & sell luxury watches & Hermès bags 🧡
🇳🇱 Largest Hermès stock in NL
📍Maastricht | ✈️ Global | 💯Authentic
🛍️: Dafi.nl",,51.4K,2.2M,N/A
2026-07-24 21:27:08,daoyuanlustre,"The Healing Power of Crystals: Achieve Peace and Calm Crystals have been used for centuries for their healing properties and ability to promote peace and calm in our lives. With their unique energy vibrations, they can help balance our emotional and spiritual well-being. Understanding the Healing Power of Crystals Crystals such as amethyst, rose quartz, and clear quartz are known for their specific healing benefits. Amethyst is often associated with calming energy, making it ideal for reducing stress and fostering tranquility. Rose quartz, on the other hand, is famous for promoting love and emotional healing. Clear quartz amplifies energy, making it a versatile crystal for various healing practices. Energy Protection with Crystals In addition to healing, many individuals use crystals for energy protection. Black tourmaline and obsidian are popular choices for shielding against negative energy. Carrying or wearing these stones can create a protective barrier, promoting a feeling of safety and security in one’s environment. Lucky Crystals Certain crystals are deemed ""lucky"" due to their reputed ability to attract positive energy and opportunities. Citrine, for example, is often referred to as a stone of abundance, believed to manifest wealth and prosperity. Integrating lucky crystals into your daily routine can enhance your chances of success and happiness. Spiritual Jewelry Crystals can also be transformed into beautiful pieces of jewelry, combining aesthetics with functionality. Spiritual jewelry not only serves as a fashion statement but also acts as a constant reminder of the positive energies and healing properties associated with specific stones. Wearing crystal bracelets or necklaces allows individuals to carry the soothing energy of crystals wherever they go. In conclusion, incorporating crystals into your life can pave the way for healing, protection, and an overall sense of peace. Whether through meditation, wearing spiritual jewelry, or simply keeping crystals in your living space, these powerful stones can profoundly impact your emotional and spiritual health. Embrace the healing journey with crystals and experience the calmness they can bring to your life. Keywords: healing powers of crystals, energy protection with crystals, lucky crystals for wellness, spiritual jewelry benefits, calmness through crystal healing, best healing crystals, using crystals for peace, crystal healing techniques, energy protection stones, benefits of spiritual jewelry Click https://www.daoyuanstore.com/ to pick your exclusive lucky crystals #peace #calm #healing #CrystalHealing #EnergyProtection #LuckyCrystals #HealingCrystal #SpiritualJewelry #fyp #GoodVibes #CrystalBlessing #CrystalEnergy #lucky #healingcrystal #daoyuanstore",,"#Rolex, #Rolexdaytona, #f1monaco, #126529LN, #grandprixmonaco",162,128,61,FALSE,9,Almost Certainly a Scam,"Keyword: 'fashion', Keyword: 'click', Keyword: 'ws'","refined details & timeless glow ✨
shop ➡️ https://daoyuanstore.com/",,655,8311,N/A
2026-07-24 21:29:08,nicovanderhorst,"The Healing Power of Crystals: Achieve Peace and Calm Crystals have been used for centuries for their healing properties and ability to promote peace and calm in our lives. With their unique energy vibrations, they can help balance our emotional and spiritual well-being. Understanding the Healing Power of Crystals Crystals such as amethyst, rose quartz, and clear quartz are known for their specific healing benefits. Amethyst is often associated with calming energy, making it ideal for reducing stress and fostering tranquility. Rose quartz, on the other hand, is famous for promoting love and emotional healing. Clear quartz amplifies energy, making it a versatile crystal for various healing practices. Energy Protection with Crystals In addition to healing, many individuals use crystals for energy protection. Black tourmaline and obsidian are popular choices for shielding against negative energy. Carrying or wearing these stones can create a protective barrier, promoting a feeling of safety and security in one’s environment. Lucky Crystals Certain crystals are deemed ""lucky"" due to their reputed ability to attract positive energy and opportunities. Citrine, for example, is often referred to as a stone of abundance, believed to manifest wealth and prosperity. Integrating lucky crystals into your daily routine can enhance your chances of success and happiness. Spiritual Jewelry Crystals can also be transformed into beautiful pieces of jewelry, combining aesthetics with functionality. Spiritual jewelry not only serves as a fashion statement but also acts as a constant reminder of the positive energies and healing properties associated with specific stones. Wearing crystal bracelets or necklaces allows individuals to carry the soothing energy of crystals wherever they go. In conclusion, incorporating crystals into your life can pave the way for healing, protection, and an overall sense of peace. Whether through meditation, wearing spiritual jewelry, or simply keeping crystals in your living space, these powerful stones can profoundly impact your emotional and spiritual health. Embrace the healing journey with crystals and experience the calmness they can bring to your life. Keywords: healing powers of crystals, energy protection with crystals, lucky crystals for wellness, spiritual jewelry benefits, calmness through crystal healing, best healing crystals, using crystals for peace, crystal healing techniques, energy protection stones, benefits of spiritual jewelry Click https://www.daoyuanstore.com/ to pick your exclusive lucky crystals #peace #calm #healing #CrystalHealing #EnergyProtection #LuckyCrystals #HealingCrystal #SpiritualJewelry #fyp #GoodVibes #CrystalBlessing #CrystalEnergy #lucky #healingcrystal #daoyuanstore",,"#watches, #fyp, #Luxury",41K,57,170,FALSE,15,Almost Certainly a Scam,"Keyword: 'fashion', Keyword: 'click', Keyword: 'ws', Hashtag: '#watch', Hashtag: '#watches', Hashtag: '#luxury'","That Watch Guy from YouTube⌚️

Socialmedia@prideandpinion.com",https://www.tiktok.com/link/v2?aid=1988&lang=en&scene=bio_url&target=https%3A%2F%2Flinktr.ee%2Fnicoleonard,1.4M,35.8M,N/A
2026-07-24 21:31:09,getautoseo,Put your SEO on Autopilot,,N/A,91,2,31,TRUE,4,Suspicious,N/A,GetAutoSEO.com,https://getautoseo.com/landing-automation?utm_source=tiktokAds&ttclid=E_C_P_CtIBYMgJYEBLXOQVces-zAPctojbOUWugJIQHi2hz_AtaHDoPMUOsse0C1dIvc8ekVCivvbth_SqwxkKjWO8-nZ6OUMrpHYjlcelcGExei4YpAVRsguiSJM4Tlhcb8IAIb6eWusb1txuI-Op-wVtL00N-zg0pArnWYyXL8Dw3_no5GIZxhSDMGl_H1qNoxYPa23sr6QYVTp9RLZTxlgr2wBuX5TTcrX3a_SuprDzE6zwQx2w9MxU2VfW0mDmEyBT7FOzHM1EBQQB0mSTpjz39_oYUPvMEgR2Mi4w,4042,18.9K,N/A
2026-07-24 21:53:21,daoyuanlustre,"Healing Crystals for Peace and Energy ProtectionLead Crystals such as amethyst, rose quartz, clear quartz, black tourmaline, obsidian and citrine are used for calming, emotional healing, energy amplification, protection and attracting abundance. This guide explains each stone’s common uses and simple ways to integrate them into daily life for greater peace, security and spiritual support. Healing crystals and their common benefits - Amethyst: Associated with calming energy to reduce stress and foster tranquility. Use during meditation or place beside your bed to support restful sleep and emotional balance. - Rose quartz: Known for promoting love and emotional healing. Carry a small piece when you need self-compassion or place a larger stone in shared spaces to encourage harmonious relationships. - Clear quartz: An energy amplifier and versatile tool in many healing practices. Use clear quartz to boost intentions, enhance other crystals’ effects, or as a focal point in meditation. Energy protection with crystals - Black tourmaline: Popular for shielding against negative energy. Wear as a pendant or keep a tumbled stone in pockets or workspaces to create a sense of safety. - Obsidian: Offers grounding and protection; effective as a protective barrier when placed near entryways or used during grounding rituals. Lucky crystals and attracting positive opportunities - Citrine: Often called a stone of abundance and manifestation, used to support financial intentions and attract opportunities. Keep citrine in a workspace, wallet, or on an altar to reinforce prosperity-focused intentions. Spiritual jewelry: wearable healing Crystals transformed into bracelets, necklaces and rings combine aesthetics with function. Spiritual jewelry serves as a constant reminder of positive energies and healing properties. Wearing crystal bracelets or necklaces allows you to carry soothing or protective energy throughout the day. Practical ways to use crystals - Meditation: Hold or place chosen crystals nearby to align intentions and deepen calm. - Wearing: Choose spiritual jewelry made from your chosen stones to maintain connection and protection. - Environmental placement: Position stones in bedrooms, living rooms or workspaces to influence the atmosphere. - Carrying: Keep small tumbled stones in pockets or purses for on-the-go support. Guidelines and mindful use Use crystals as complementary tools for emotional and spiritual well-being. They are symbolic and supportive aids—incorporate them with intention, consistent practice, and personal reflection. Avoid guarantees or absolute promises; focus on how the stones help you feel calmer, more secure or more focused on intentions. #daoyuanstore #CrystalHealing #EnergyProtection #LuckyCrystals #HealingCrystal #CrystalBlessing #CrystalEnergy #healingcrystal #spiritualjewelry #GoodVibes #lucky #fyp #SpiritualJewelry #crystal #peace",,N/A,191,166,71,FALSE,5,Suspicious,Keyword: 'ws',"refined details & timeless glow ✨
shop ➡️ https://daoyuanstore.com/",,656,8317,N/A
2026-07-24 21:55:23,nicovanderhorst,Lift or Dump? #watches #fyp #Luxury,,"#watches, #fyp, #Luxury",18.6K,122,139,FALSE,13,Almost Certainly a Scam,"Keyword: 'luxury', Keyword: 'watch', Hashtag: '#watch', Hashtag: '#watches', Hashtag: '#luxury'","That Watch Guy from YouTube⌚️

Socialmedia@prideandpinion.com",https://www.tiktok.com/link/v2?aid=1988&lang=en&scene=bio_url&target=https%3A%2F%2Flinktr.ee%2Fnicoleonard,1.4M,35.8M,N/A
2026-07-24 21:57:23,frederik.hetherma,Wake-up prank #funnyvideo #prank #scared #funny #waterpark,,"#funnyvideo, #prank, #scared, #funny, #waterpark",460.7K,3917,121K,FALSE,0,Clean,N/A,No bio yet.,,86.4K,7.5M,N/A
2026-07-24 21:57:44,old_crowns,Rolex bezel swap in secondsCompatible spare parts:www.old-crowns.com #rolex #rolexgmt #gmtmaster #gmtmaster2 #rolexbezel #bezelswap #oldcrownsRolex® is a registered trademark of Rolex SA. We are not affiliated with Rolex SA. Parts shown are aftermarket replacement components compatible with the depicted model.,,"#rolex, #rolexgmt, #gmtmaster, #gmtmaster2, #bezelswap",748,24,50,FALSE,9,Suspicious,Keyword: 'rolex',Custom Rolex-fit cases and rare vintage parts to create your own timeless watch.,https://www.tiktok.com/link/v2?aid=1988&lang=en&scene=bio_url&target=www.old-crowns.com,4624,54.4K,N/A
2026-07-24 21:59:45,lunascrystallab,Pastel pic🎀💓Happy Sunday. #CrystalBracelets #fyp #crystaltok #CrystalHealing #manifestation,,"#gmtmaster2, #bezelswap, #CrystalBracelets, #fyp, #crystaltok, #CrystalHealing, #manifestation",3453,2044,554,FALSE,0,Clean,N/A,"Lunar-charged crystals to bring you health,wealth &luck. Your daily energy boost. ✨🌙",,1868,45.2K,N/A
2026-07-24 22:00:06,nicovanderhorst,Is this the craziest watch complication ever? 🤯 #luxury #watches #luxurylifestyle #fyp,,"#luxury, #watches, #luxurylifestyle, #fyp",76.7K,165,758,FALSE,13,Almost Certainly a Scam,"Keyword: 'luxury', Keyword: 'watch', Hashtag: '#watch', Hashtag: '#watches', Hashtag: '#luxury'","That Watch Guy from YouTube⌚️

Socialmedia@prideandpinion.com",https://www.tiktok.com/link/v2?aid=1988&lang=en&scene=bio_url&target=https%3A%2F%2Flinktr.ee%2Fnicoleonard,1.4M,35.8M,N/A
2026-07-24 22:02:06,softwarewithnick,"Grok 4.5 vs Opus 4.8 🤔 Want to try it out yourself with 50% off a cursor pro plan? All you need to do is check the link in my bio ✅ Grok 4.5 is supposed to be a fast AND powerful model, but how does it stack up against other front-runners? Having a fast/cheap model is one thing, but @Cursor newest model gives you the best of both worlds by not only working fast and cheap, but also producing high quality work! #cursor #cursorpartner #tech #coding #ai",,N/A,45K,,,TRUE,10,Almost Certainly a Scam,"Keyword: 'quality', Keyword: 'quality', Keyword: 'link'","Data Scientist 📊
Software Developer 💻
Learn analytics in 90d or money back 👇",https://cursor.com/grok-4-5?utm_source=tiktok_paid&utm_medium=paid&utm_campaign=%5BPurchase%5D_Prospecting_Evergreen_Max-Conversions%20-%20%5BCore%20T1%5D&utm_content=Grok%204.5%20vs%20Opus%204.8%20%F0%9F%A4%94%20Want%20to%20try%20it%20out%20yourself%20with%2050%25%20off%20a%20cursor%20pro%20plan%3F%20All%20you%20need%20to%20do%20is%20check%20the%20link%20in%20my%20bio%20%E2%9C%85%20Grok%204.5%20is%20supposed%20to%20be%20a%20fast%20AND%20powerful%20model%2C%20but%20how%20does%20it%20stack%20up%20against%20other%20front-runners%3F%20Having%20a%20fast%2Fcheap%20model%20is%20one%20thing%2C%20but%20%40Cursor%20newest%20model%20gives%20you%20the%20best%20of%20both%20worlds%20by%20not%20only%20working%20fast%20and%20cheap%2C%20but%20also%20producing%20high%20quality%20work%21%20%23cursor%20%23cursorpartner%20%23tech%20%23coding%20%23ai_%5B258%5D%20-%20UGC%20-%20Partnership%20-%20Nick%20Amato%20-%20Opus%204.8%20vs%20Gro&cc_adgroupid=1870899125775426&cc_adid=1870993773665506&utm_id=1863124184698001&cc_term=V5%20Purchase_Prospecting_Consolidated_US%7CCA%7CUK&ttclid=E_C_P_CtMBlCZLBuhm04r-uecP32yHuf7IiQdDbHw6ahhNcph7eMg9lcRp-QYG8iOGJoW8s59dWGNOREGOpAS9tPIleZuENG5FtQHMWZuZeO6iG2L8FEa-qxnb1njHo-_YC1S6NoqOEsf__WvQ38TlJ00xJ_Q8QJqF-AL1aDbtxKYeCNISgDR7A69rne-8gpqKp3mwHSRRSQSETuAl-IvDWUvalfYwzhU_0kzSMoreLC3a_cUBPUtTQDeLtxM0xSIcPtrThsRpBAKXHRoCPInArVeWGBbYRRi2QhIEdjIuMA,41.3K,766.1K,N/A
2026-07-24 22:04:06,watchyourwristatl,Rating entry level luxury watches! #watches #atlanta #fyp,,"#cursor, #cursorpartner, #tech, #coding, #ai, #watches, #atlanta, #fyp",1488,90,21,FALSE,12,Probable Scam,"Keyword: 'luxury', Keyword: 'watch', Hashtag: '#watch', Hashtag: '#watches'","#1 Watch Dealer in Southeast
NO Waitlist - NO Games
Shop Online or In Store⤵️",https://www.tiktok.com/link/v2?aid=1988&lang=en&scene=bio_url&target=https%3A%2F%2Fwww.wywatl.com,26.6K,538.5K,N/A
2026-07-24 22:06:07,lucytimepieces.comm,"OP ""Pink"" 36mm - Best choice for basic style..... #luxury #watches #timepieces",,"#luxury, #watches, #timepieces",774,8,70,FALSE,13,Almost Certainly a Scam,"Keyword: 'luxury', Keyword: 'watch', Hashtag: '#watch', Hashtag: '#watches', Hashtag: '#luxury'","Watchess Details
Things most people miss
🌐 inf.o us",https://www.tiktok.com/link/v2?aid=1988&lang=en&scene=bio_url&target=http%3A%2F%2Flucytimepieces.com%2Fcollections,69.5K,2.1M,N/A
2026-07-24 22:08:08,theartoftimehq,If your watch says 100 meters water resistant that doesn't mean what you think. Here's what those numbers actually mean. #rolex #luxurywatch #watchcommunity #watchaddict #theartoftime,,N/A,4210,60,82,FALSE,12,Probable Scam,"Keyword: 'luxury', Keyword: 'rolex', Keyword: 'watch'","⌚️ Buy · Sell · Consign · Source
🎯 Paid Consults & Collection Audits
⬇️ Link Below",https://www.tiktok.com/link/v2?aid=1988&lang=en&scene=bio_url&target=TheArtofTime.com,1271,18.4K,N/A
2026-07-24 22:10:08,ontoself,If your watch says 100 meters water resistant that doesn't mean what you think. Here's what those numbers actually mean. #rolex #luxurywatch #watchcommunity #watchaddict #theartoftime,,"#rolex, #luxurywatch, #watchcommunity, #watchaddict, #theartoftime, #crystalbracelets, #crystalhealing, #crystaltok, #crystals, #manifestation",978,685,174,FALSE,11,Almost Certainly a Scam,"Keyword: 'luxury', Keyword: 'rolex', Keyword: 'watch', Hashtag: '#watch', Hashtag: '#luxury'","Jewellery for becoming her
Self-growth • Confidence • Intention
Designed in Australia 🇦🇺",https://www.tiktok.com/link/v2?aid=1988&lang=en&scene=bio_url&target=https%3A%2F%2Fontoself.com,1195,37.3K,N/A
2026-07-24 22:12:17,royalticks0,"""Own the prestige, skip the premium.""—free shipping & 60-Day Free Returns!",,N/A,253,13,3,TRUE,5,Suspicious,N/A,No bio yet.,https://order.werico.it.com/?utm_source=tiktok&utm_id=1871292484523169&utm_campaign=WM-4&utm_medium=paid&ttclid=E_C_P_CtMBKSDnY1dOY50AOBZ8n3pNbIjp_6REKYc7z5r0CSupbOWDVIZk6gizruBuyK9CjrH3nHhKLMfSKpYMSLKEMzwjXRh5TZ7NAPD1-mojFIcLqFQSLy_lH22g_lYbimnNIqK1ekCxFFxc6_sRT9q8iLIF0vB9ZFlI_WwaVtTTdnT4sRAWQN-Yz8pjKL4QL72-oHbDbOJbsBEZDav4cCGQ9ayXhGj-Cnw0b1YCJGDITnn1mKeJZDSKAGCtnqskdiEsTsbRRv3aJi3FLXj_jvDF8x48W4vQWRIEdjIuMA,340,2735,N/A
2026-07-24 22:14:21,c.inat,No Fugazi pt6… #rolex #authentic #watch #datejust #mint,,"#rolex, #authentic, #watch, #datejust, #mint",8838,299,565,FALSE,5,Probable Scam,"Keyword: 'rolex', Keyword: 'watch', Hashtag: '#watch'",No Fugazi 🙅‍♂️,,169,38.9K,N/A
2026-07-24 22:16:22,jacobandco,Showing @canelo the godfather #inspiredbytheimpossible #jacobandco,,"#inspiredbytheimpossible, #jacobandco",40.8K,356,1004,FALSE,2,Clean,N/A,Inspired by the Impossible,https://www.tiktok.com/link/v2?aid=1988&lang=en&scene=bio_url&target=https%3A%2F%2Fjacobandco.shop%2Fpages%2Fcollections,6.7M,122.3M,N/A
2026-07-24 22:16:42,weglotapp,Translate your site to international markets effortlessly with Weglot.,,N/A,260,7,13,TRUE,4,Suspicious,N/A,No bio yet.,https://www.weglot.com/t/lp?utm_source=tiktok&utm_id=1866537323221057&utm_campaign=GS%20-%20Prospection%20-%20ABO&utm_medium=paid&utm_term=chandler_short_oePGUfv1.mp4_Weglot_Video_UGC_Chandler_Hook_Biggest_Hack_Expand_Reach&utm_content=GS%20-%20WW%20-%20Broad%20-%20V1%20-%20TEST%20-%20Deep%20Funnel%20Activate&ttclid=E_C_P_CtMBX-QiuWlZzhBbf8BNNwXbcsCfF0DU7SnggE-Zn-Cbo2r2eOBsfJ4Qq6y1RVjKqD2eVimXaLT6cWCU1KU9pHQgqG4prQ6k6kH0duufrFM2YNi7BCTbH2U7IZSuUu5Lz-KgaJzK-TiM9KZKVkKg0re6sqOp8nlkVN_DthMuH9IAAzM1N7JEwc7Pc9B7WIvOUI_v85qCCszoVrbc0ynNoq1wx6K67jL6hcjbzz4FsR_YBYRBk2PXoqwl8q79Vwal5z07Jf-T74PKJYMtvXd9MOBU-X1VdxIEdjIuMA,544,5808,N/A
2026-07-24 22:18:43,dennisnmv,,,N/A,732,48,21,FALSE,3,Low Risk,N/A,"Insta: Dennisnmv
CEO of @Naumov.world",https://www.tiktok.com/link/v2?aid=1988&lang=en&scene=bio_url&target=https%3A%2F%2Fecombeast.de%2Finstagram%2F,36.8K,768.5K,N/A
2026-07-24 22:19:04,lucytimepieces.comm,GMT BATGIRL #luxury #lucytimepieces #luxurywatches #watch #watches,,"#luxury, #lucytimepieces, #luxurywatches, #watch, #watches",4483,22,325,FALSE,11,Almost Certainly a Scam,"Keyword: 'luxury', Keyword: 'watch', Hashtag: '#watch', Hashtag: '#watches', Hashtag: '#luxury'","Watchess Details
Things most people miss
🌐 inf.o us",https://www.tiktok.com/link/v2?aid=1988&lang=en&scene=bio_url&target=http%3A%2F%2Flucytimepieces.com%2Fcollections,69.5K,2.1M,N/A
2026-07-24 22:21:04,swanandedgar,The Diplomat,,N/A,135,4,10,TRUE,4,Suspicious,N/A,"Timeless British Elegance
#swanandedgar",https://swanandedgar.com/products/diplomat-silver?tw_source=tiktok&tw_adid=1868411897292113&utm_source=tiktok&utm_id=1868411849252113&utm_campaign=MBM%20%7C%20Diplomat%20%7C%20UK%20USA&utm_medium=cpc&utm_content=__ADID_V2_NAME__&ttclid=E_C_P_CtIBXwOOiVpyHC-ARP8BSm4lz-dfD5Yhytv-dHNg4ShTFImD_Pnsjyb07O88gmnD58ltYS9O1YaA09n0fsoJ1pLCvexS9zsBT0RCOaLQ2bxB1DGXttwKZgGTuoE7DMqOsRk6BckhyPLmSgU7PfE7V0eZRLahSWZ34WM0XYlrDpDgbentnuZnkTHEiURcCDROTTObI8f2S_4Xm7IFECxp3E0Tkjrsfz9fyfgZOrRk631dfduTCnyoMXycyxFCyqiFs5n49qalQN18l7EiNvfGoiwohOwKEgR2Mi4w,2316,8738,N/A
2026-07-25 18:26:26,houseoftime.uk,Would you wear a rootbeer? 🔥,https://www.tiktok.com/@houseoftime.uk/video/7650555387078446358?is_from_webapp=1&sender_device=pc,N/A,13K,92,506,FALSE,2,Clean,N/A,"Uk based watch trader
Instagram @houseoftimeuk",,4859,489.9K,N/A
2026-07-25 18:26:49,daoyuanlustre,"✨Stop Wearing Crystals Blindly! A Complete Guide to Crystal Bracelets for Your Reference ▫️Clear Quartz | Purifies negative energy, boosts concentration, eases mental exhaustion and insomnia, a must-have for students and office workers ▫️Rose Quartz | Attracts genuine love gently, enhances interpersonal luck and resolves social conflicts, ideal for singles and socially anxious people ▫️Smoky Quartz | Shields against schemers and disputes, relieves anxiety and stress, safeguards those who often stay up late or go out frequently ▫️Aquamarine | Calms irritable tempers, improves communication skills and removes obstacles during negotiations and conversations ▫️Citrine | The Stone of Wealth, draws legitimate financial opportunities and brings fortune for promotions and entrepreneurship 💡Tips for Crystal Newbies to Avoid Pitfalls Natural crystals naturally contain internal fractures and inclusions; cheap flawless pieces are mostly synthetic imitations Choose crystals based on your personal needs—random mismatches will disrupt your personal energy field All crystals in our store have been blessed, setting them apart from ordinary mass-produced goods 💌Interact to Attract Good Luck Like and save this post to lock in blessings for the whole year Comment 【1111】to collectively attract wealth, popularity and safety Type ""wealth"" for financial luck, ""love"" for romance, ""peace"" for stability to find out which crystal suits you best 🛒Direct Purchase Access If you want custom lucky crystal bracelets or crystal ornaments, search the independent website https://www.daoyuanstore.com/ daoyuan Store offers hand-blessed crystal jewelry, perfect for personal use or gifting #daoyuanstore #CrystalHealing #EnergyProtection #LuckyCrystals #HealingCrystal #CrystalBlessing #CrystalEnergy #healingcrystal #spiritualjewelry #GoodVibes #lucky #fyp",https://www.tiktok.com/@daoyuanlustre/video/7665196931924135198?is_from_webapp=1&sender_device=pc,N/A,177,168,39,FALSE,5,Suspicious,Keyword: 'ws',"refined details & timeless glow ✨
shop ➡️ https://daoyuanstore.com/",,679,8713,N/A
2026-07-25 18:28:49,nicovanderhorst,"✨Stop Wearing Crystals Blindly! A Complete Guide to Crystal Bracelets for Your Reference ▫️Clear Quartz | Purifies negative energy, boosts concentration, eases mental exhaustion and insomnia, a must-have for students and office workers ▫️Rose Quartz | Attracts genuine love gently, enhances interpersonal luck and resolves social conflicts, ideal for singles and socially anxious people ▫️Smoky Quartz | Shields against schemers and disputes, relieves anxiety and stress, safeguards those who often stay up late or go out frequently ▫️Aquamarine | Calms irritable tempers, improves communication skills and removes obstacles during negotiations and conversations ▫️Citrine | The Stone of Wealth, draws legitimate financial opportunities and brings fortune for promotions and entrepreneurship 💡Tips for Crystal Newbies to Avoid Pitfalls Natural crystals naturally contain internal fractures and inclusions; cheap flawless pieces are mostly synthetic imitations Choose crystals based on your personal needs—random mismatches will disrupt your personal energy field All crystals in our store have been blessed, setting them apart from ordinary mass-produced goods 💌Interact to Attract Good Luck Like and save this post to lock in blessings for the whole year Comment 【1111】to collectively attract wealth, popularity and safety Type ""wealth"" for financial luck, ""love"" for romance, ""peace"" for stability to find out which crystal suits you best 🛒Direct Purchase Access If you want custom lucky crystal bracelets or crystal ornaments, search the independent website https://www.daoyuanstore.com/ daoyuan Store offers hand-blessed crystal jewelry, perfect for personal use or gifting #daoyuanstore #CrystalHealing #EnergyProtection #LuckyCrystals #HealingCrystal #CrystalBlessing #CrystalEnergy #healingcrystal #spiritualjewelry #GoodVibes #lucky #fyp",https://www.tiktok.com/@nicovanderhorst/video/7640136274518789398?is_from_webapp=1&sender_device=pc,"#daoyuanstore, #CrystalHealing, #EnergyProtection, #LuckyCrystals, #HealingCrystal, #CrystalBlessing, #CrystalEnergy, #healingcrystal, #spiritualjewelry, #GoodVibes, #lucky, #fyp, #watches, #Luxury, #fyp, #audemarspiguet",25.3K,56,99,FALSE,11,Probable Scam,"Keyword: 'ws', Hashtag: '#watch', Hashtag: '#watches', Hashtag: '#luxury'","That Watch Guy from YouTube⌚️

Socialmedia@prideandpinion.com",https://www.tiktok.com/link/v2?aid=1988&lang=en&scene=bio_url&target=https%3A%2F%2Flinktr.ee%2Fnicoleonard,1.4M,35.8M,N/A
2026-07-25 18:30:49,therivarra,"""Did You Need to See This?""A beautiful reminder that massive, positive change is clearing the path for you right now. The old chapters are closing to make room for something breathtaking. Drop a 🕊️ if you’re ready for this shift. #555 #angelnumbers #synchronicity #foryou",https://www.tiktok.com/@therivarra/video/7653111172799008031?is_from_webapp=1&sender_device=pc,N/A,1900,545,127,FALSE,2,Clean,N/A,"💫 Seeing repeating numbers everywhere?
✨ Angel numbers & signs that resonate.",https://www.tiktok.com/link/v2?aid=1988&lang=en&scene=bio_url&target=https%3A%2F%2Ftherivarra.com%2F,2694,49.3K,N/A
2026-07-25 18:31:10,tonypariseorologi,⚠️Test di originalità Rolex⚠️ #test #orologio #rolex #gmt #milano,https://www.tiktok.com/@tonypariseorologi/video/7651947357566799126?is_from_webapp=1&sender_device=pc,"#cursor, #cursorpartner, #tech, #coding, #ai, #test, #orologio, #rolex, #gmt, #milano",4008,67,440,FALSE,10,Suspicious,"Keyword: 'rolex', Phone number in bio","❤️Account ufficiale TikTok Shop❤️
📲whatsapp 3313371173",https://www.tiktok.com/link/v2?aid=1988&lang=en&scene=bio_url&target=https%3A%2F%2Felysiumluxury.it%2F,50.8K,1.5M,N/A
2026-07-25 18:33:11,watchyourwristatl,3 watch collection for $20k #watches #atlanta #fyp,https://www.tiktok.com/@watchyourwristatl/video/7654008784465005838?is_from_webapp=1&sender_device=pc,"#watches, #atlanta, #fyp",1024,46,14,FALSE,10,Probable Scam,"Keyword: 'watch', Hashtag: '#watch', Hashtag: '#watches'","#1 Watch Dealer in Southeast
NO Waitlist - NO Games
Shop Online or In Store⤵️",https://www.tiktok.com/link/v2?aid=1988&lang=en&scene=bio_url&target=https%3A%2F%2Fwww.wywatl.com,26.6K,538.8K,N/A
2026-07-25 18:35:11,swisswatchexpo,"Master the art of tracking global timezones as we show you how to set the iconic Rolex GMT-Master II. This stunning Root Beer edition pairs a sleek black dial with an exquisite 18k Everose gold case, creating a warm, luxurious aesthetic that will make you look for any excuse to travel.Each of these pre-owned watches (and more) are available now on swisswatchexpo.comFULL DETAILS AND PRICING:Rolex GMT Master II Black Brown Root Beer Rose Gold Mens Watch 126715https://www.swisswatchexpo.com/watches/rolex-gmt-master-ii-black-brown-root-beer-rose-gold-mens-watch-126715-unworn-81187/#Rolex #GMTMasterII #RolexGMT #126715CHNR #RootBeerGMT #EveroseGold #GoldWatch #LuxuryWatches #WatchCollector #Horology",https://www.tiktok.com/@swisswatchexpo/video/7657120021235158303?is_from_webapp=1&sender_device=pc,N/A,4234,21,212,FALSE,12,Probable Scam,"Keyword: 'luxury', Keyword: 'rolex', Keyword: 'watch'","The #1 choice retailer of Authentic, Pre-Owned Watches | Rolex, Omega and more",https://www.tiktok.com/link/v2?aid=1988&lang=en&scene=bio_url&target=SwissWatchExpo.com,36K,823.5K,N/A
2026-07-25 18:37:12,q9a2isiic4h,"Master the art of tracking global timezones as we show you how to set the iconic Rolex GMT-Master II. This stunning Root Beer edition pairs a sleek black dial with an exquisite 18k Everose gold case, creating a warm, luxurious aesthetic that will make you look for any excuse to travel.Each of these pre-owned watches (and more) are available now on swisswatchexpo.comFULL DETAILS AND PRICING:Rolex GMT Master II Black Brown Root Beer Rose Gold Mens Watch 126715https://www.swisswatchexpo.com/watches/rolex-gmt-master-ii-black-brown-root-beer-rose-gold-mens-watch-126715-unworn-81187/#Rolex #GMTMasterII #RolexGMT #126715CHNR #RootBeerGMT #EveroseGold #GoldWatch #LuxuryWatches #WatchCollector #Horology",https://www.tiktok.com/@q9a2isiic4h/video/7665894697604222239?is_from_webapp=1&sender_device=pc,"#fyp, #tiktokshop, #makeup, #tiktokshopholidayhaul, #brushholder",35.1K,20.2K,7233,FALSE,6,Probable Scam,"Keyword: 'luxury', Keyword: 'rolex', Keyword: 'watch'","Believe in God. If you pay attention to me, you will become rich",,4460,36.3K,N/A
2026-07-25 18:39:21,royalticks0,"""Own the prestige, skip the premium.""—free shipping & 60-Day Free Returns!",https://www.tiktok.com/@royalticks0/video/7664819323915095309?is_from_webapp=1&sender_device=pc,N/A,351,20,3,TRUE,4,Suspicious,N/A,No bio yet.,https://order.werico.it.com/?utm_source=tiktok&utm_id=1871292484523169&utm_campaign=WM-4&utm_medium=paid&ttclid=E_C_P_CtMB56AS-zSUK4d0mk59_30bNm7rGtTnGqZuscgtEgiJRdtnrjn0Zj92wMkEXIhG8kZsZfdPTIJQ7YeMCe1ofoQw-1-dhSE-DG41hlzAOw2_1I1NLp4RxG5EQBJ4JzamCh-Ni-zxN_acnYxRxC11jtsS7A9i9Zi3mmnQkszl1UcL0fIWpdEHbjAStXMJmCFGiWGlcfwxeIa0MYTC8_NwIKkpNculSNLJ_pQDNuzD4M4KmVmMo97w2d68Fh3VDAjwOI2jODl2ErKiaRRIwx0OUZNMSVUWxBIEdjIuMA,375,3054,N/A
2026-07-25 18:41:23,langtuo.crystal,"Tona ungu dalam gelang ni memang ada rasa elegan dan sedikit royal vibes.Dipadankan dengan manik putih, keseluruhan design nampak seimbang, lembut dan tak berlebihan.Sangat sesuai untuk yang suka look classy dan feminin. #RoyalPurpleMY #GracefulBracelet #ElegantCrystalStyle #LuxuryLookMY #WanitaBergaya",https://www.tiktok.com/@langtuo.crystal/video/7665352878374112519?is_from_webapp=1&sender_device=pc,"#RoyalPurpleMY, #GracefulBracelet",352,280,120,FALSE,7,Suspicious,Keyword: 'luxury',"Langtuo focuses on selecting high-quality natural crystals, cleverly blending the healing energy of nature with modern aesthetic design.",,462,17.1K,N/A
2026-07-25 18:43:23,nicovanderhorst,The truth about @ROLEX … #watches #Luxury #fyp #rolex,https://www.tiktok.com/@nicovanderhorst/video/7639294376614694166?is_from_webapp=1&sender_device=pc,"#ElegantCrystalStyle, #LuxuryLookMY, #WanitaBergaya, #watches, #Luxury, #fyp, #rolex",167.7K,377,1515,FALSE,15,Almost Certainly a Scam,"Keyword: 'luxury', Keyword: 'rolex', Keyword: 'watch', Hashtag: '#watch', Hashtag: '#watches', Hashtag: '#luxury'","That Watch Guy from YouTube⌚️

Socialmedia@prideandpinion.com",https://www.tiktok.com/link/v2?aid=1988&lang=en&scene=bio_url&target=https%3A%2F%2Flinktr.ee%2Fnicoleonard,1.4M,35.8M,N/A
2026-07-25 18:45:23,trendtrack_io,Your competitors are already using Trendtrack,https://www.tiktok.com/@trendtrack_io/video/7664952514848165141?is_from_webapp=1&sender_device=pc,N/A,30,3,8,TRUE,2,Suspicious,N/A,No bio yet.,https://go.trendtrack.io/mcpapius?ttclid=E_C_P_CtMBBeP6vtnfxF32syZqftW9DRvxO2Ip8Paj2JAiZAX9VDfxh4nK8KqmCkKN0RlEHU6PfDJXbwe0pZfBjO_Xnk8UqmVjwxzDVT6k3FMQtAElcghalFVGaT3MrbjfTgAGkiKKJBe81X1azHa6D_x-sJRxkxvIWjpYpOZ8Qfp5nuA0lCSFAnro9DeN4lyQl8Wx5GW234qL7eTaV9EGBPtqPJRjAfqam4EuySnRqQEg7dmiBccWD4L0yzQF_euciYqzGrSf9CYYVLSCuAnMudvU09-hOikozhIEdjIuMA,22,150,N/A
2026-07-25 18:45:44,lucywatches.official,#lucytimepieces #watches #watch #timepieces #unbox,https://www.tiktok.com/@lucywatches.official/video/7638632114543398162?is_from_webapp=1&sender_device=pc,"#lucytimepieces, #watches, #watch, #timepieces, #unbox",8726,30,460,FALSE,8,Probable Scam,"Keyword: 'watch', Hashtag: '#watch', Hashtag: '#watches'","🎥 Unbox ARMS with lucytimepieces !!!!
|| Original Content by LUCY Team
|| I love US - UK - EU - FR
📧
IG : @lucytimepieces_official✔️",https://www.tiktok.com/link/v2?aid=1988&lang=en&scene=bio_url&target=https%3A%2F%2Fwa.me%2Fmessage%2FEW5DL36SD4J7I1,20.6K,1M,N/A
2026-07-25 18:47:44,watchyourwristatl,Which watch brand is your favorite? #watches #atlanta #fyp #watchyourwrist,https://www.tiktok.com/@watchyourwristatl/video/7634336112600763661?is_from_webapp=1&sender_device=pc,"#watches, #atlanta, #fyp, #watchyourwrist",23.8K,585,377,FALSE,10,Probable Scam,"Keyword: 'watch', Hashtag: '#watch', Hashtag: '#watches'","#1 Watch Dealer in Southeast
NO Waitlist - NO Games
Shop Online or In Store⤵️",https://www.tiktok.com/link/v2?aid=1988&lang=en&scene=bio_url&target=https%3A%2F%2Fwww.wywatl.com,26.6K,538.8K,N/A
2026-07-25 18:49:45,getautoseo,Put your SEO on Autopilot,https://www.tiktok.com/@getautoseo/video/7657820588266016003?is_from_webapp=1&sender_device=pc,N/A,9,2,5,TRUE,4,Suspicious,N/A,GetAutoSEO.com,https://getautoseo.com/landing-automation?utm_source=tiktokAds&ttclid=E_C_P_CtIB_k_I1spzGBCEgO015hctOV29yEO-1xD-dRwcNFFnwsA4D9tdJ0f0uXP-qNClKEs7eP75L4kqnwDCQ6vDkxBjuZkYG9EHrUgSa3Axdz_2eYIcZj70jgfntHTcNGo8l1MrytP-JAQUxGnXGOGACm-rY64zD_eoO4-l41MjtUwbhvImmXGCNdUagneU-K4HJhBjjcsfuzvmjGJUcvQZ8qf9lNjQ4YPLamNjbR3AathIYVOlq797Yaj4iDiF7ntUVyXyTR63L-2_kg2Bm3Iv2cWT250WEgR2Mi4w,4054,19K,N/A
2026-07-25 18:51:45,daudeandco,Wich one is your favorite ? #rolex #gmt #daudeandco,https://www.tiktok.com/@daudeandco/video/7658254680543268129?is_from_webapp=1&sender_device=pc,"#rolex, #gmt, #daudeandco",1253,51,123,FALSE,8,Suspicious,Keyword: 'rolex',"Luxury Broker 🇫🇷
Watches, Automotives, Bags, ...and more",,124,2561,N/A
2026-07-25 18:53:45,getautoseo,Put your SEO on Autopilot,https://www.tiktok.com/@getautoseo/video/7657820609535053078?is_from_webapp=1&sender_device=pc,N/A,7,0,2,TRUE,5,Suspicious,N/A,GetAutoSEO.com,https://getautoseo.com/landing-automation?utm_source=tiktokAds&ttclid=E_C_P_CtIBUIumqzdp21HUk48BGnbOXqIx-ecTqnyx0UA8wlmiTrXC5E4zUDqxjWOzyQ4rkuoDy146sfGOyYR20Ux14YFiB8ssYIt5PrrvHuLOSrs00qsAWPh4Nl93O3LTRHt2GxJM14SOaM4OjFittY8HhXPaUsXw8-tV90zvg7yMENhHnyUFyw_OOrDO1TYqqW7G8Z7wh9Muy6TerUatiJKBW_iCt-s2b_zkIBg5y7N4dL5KTaldbRpswCRR5p_MjFFN6CQ7T2l8bXEK3ttoLvS7TfuNAugvEgR2Mi4w,4054,19K,N/A
2026-07-25 18:55:45,royalticks0,"""Own the prestige, skip the premium.""—free shipping & 60-Day Free Returns!",https://www.tiktok.com/@royalticks0/video/7662958209434471694?is_from_webapp=1&sender_device=pc,N/A,396,37,10,TRUE,3,Low Risk,N/A,No bio yet.,https://getautoseo.com/landing-automation?utm_source=tiktokAds&ttclid=E_C_P_CtIBUIumqzdp21HUk48BGnbOXqIx-ecTqnyx0UA8wlmiTrXC5E4zUDqxjWOzyQ4rkuoDy146sfGOyYR20Ux14YFiB8ssYIt5PrrvHuLOSrs00qsAWPh4Nl93O3LTRHt2GxJM14SOaM4OjFittY8HhXPaUsXw8-tV90zvg7yMENhHnyUFyw_OOrDO1TYqqW7G8Z7wh9Muy6TerUatiJKBW_iCt-s2b_zkIBg5y7N4dL5KTaldbRpswCRR5p_MjFFN6CQ7T2l8bXEK3ttoLvS7TfuNAugvEgR2Mi4w,375,3056,N/A
2026-07-25 18:56:06,getmoddyswatches,The last one is my favorite🙌🏻🤗,https://www.tiktok.com/@getmoddyswatches/video/7653936167397625118?is_from_webapp=1&sender_device=pc,N/A,400,10,19,FALSE,12,Probable Scam,Keyword: 'watch',"⌚️ 7+ Years Modyfing #Watches
✨ Buy Once, Wear Forever
🇪🇸 Based in Spain | Worldwide Shipping
⬇️Configure Yours Now!
No Brand Affiliations",https://www.tiktok.com/link/v2?aid=1988&lang=en&scene=bio_url&target=http%3A%2F%2Fmoddys-watches.com,1899,14.4K,N/A
2026-07-25 19:18:16,nicovanderhorst,Every collection has to have a Rolex… #watches #Luxury #fyp,https://www.tiktok.com/@nicovanderhorst/video/7651684096569134358?is_from_webapp=1&sender_device=pc,"#watches, #Luxury, #fyp",12.4K,99,60,FALSE,15,Almost Certainly a Scam,"Keyword: 'luxury', Keyword: 'rolex', Keyword: 'watch', Hashtag: '#watch', Hashtag: '#watches', Hashtag: '#luxury'","That Watch Guy from YouTube⌚️

Socialmedia@prideandpinion.com",https://www.tiktok.com/link/v2?aid=1988&lang=en&scene=bio_url&target=https%3A%2F%2Flinktr.ee%2Fnicoleonard,1.4M,35.8M,N/A
2026-07-25 19:20:17,laicaami7d4,Make a wish with handmade healing energy crystal bracelet! It works! 11:11 #manifestation #crystals #affirmations #amen🙏 #crystaltok,https://www.tiktok.com/@laicaami7d4/video/7658460743200673038?is_from_webapp=1&sender_device=pc,N/A,2747,1968,482,FALSE,4,Probable Scam,"Keyword: 'dm', Keyword: '1:1'","Crystal cleansing!
Make a wish!
You will be lucky!",,1139,30K,N/A
2026-07-25 19:22:17,mrlucy.gallery,🖤 Bruce Wayne 2026 || Best Choice for GMT Fan…. #timepieces #watchcollectors #watches #lucytimepieces #luxurydetails,https://www.tiktok.com/@mrlucy.gallery/video/7642714138002705671?is_from_webapp=1&sender_device=pc,"#timepieces, #watchcollectors, #watches, #lucytimepieces, #luxurydetails",4464,9,466,FALSE,10,Almost Certainly a Scam,"Keyword: 'luxury', Keyword: 'watch', Hashtag: '#watch', Hashtag: '#watches', Hashtag: '#luxury'","𝐓𝐡𝐞 𝐋𝐮𝐜𝐲 ™ 𝐖𝐚𝐭𝐜𝐡𝐞𝐬 𝐂𝐥𝐮𝐛 || 𝐋𝐮𝐜𝐲 𝐓𝐢𝐦𝐞𝐩𝐢𝐞𝐜𝐞𝐬
•Elite Prestige • Precision Victory
•Global Reach • Private Security",https://www.tiktok.com/link/v2?aid=1988&lang=en&scene=bio_url&target=lucywatches.info,24.1K,1.7M,N/A
2026-07-25 19:24:18,timepieceexclusives,Luxury or non luxury 🤔 #timepieceexclusives #watches #luxury #orangecounty,https://www.tiktok.com/@timepieceexclusives/video/7656992155520617758?is_from_webapp=1&sender_device=pc,"#timepieceexclusives, #watches, #luxury, #orangecounty",983,50,10,FALSE,12,Almost Certainly a Scam,"Keyword: 'luxury', Keyword: 'watch', Hashtag: '#watch', Hashtag: '#watches', Hashtag: '#luxury'","Orange County’s Choice For Exclusive Luxury
Grails & Everyday Classics
IG: Timepiece Exclusives",https://www.tiktok.com/link/v2?aid=1988&lang=en&scene=bio_url&target=Timepieceexclusives.com,2853,52.8K,N/A
2026-07-25 19:26:19,chenmuze_fiveelements,If this bracelet found you.it’s a reminder to pause and find peace within #makeawish #1111 #manifestation #bodhi #bodhibeads,https://www.tiktok.com/@chenmuze_fiveelements/video/7648560929055018260?is_from_webapp=1&sender_device=pc,"#makeawish, #1111, #manifestation, #bodhi, #bodhibeads",9715,5806,1173,FALSE,0,Clean,N/A,"Stars eternal blessings for all beings.
A gift from the Eastern constellation A wearable gift from the stars.",,1404,43.1K,N/A
2026-07-25 19:26:49,360.mediaedits,Lego x Apple Project Breakdown ⚙️ Made with @LovartAI #BuiltWithLovart #AiDesign #AIBranding #lego #breakdown,https://www.tiktok.com/@360.mediaedits/video/7651977707797974294?is_from_webapp=1&sender_device=pc,"#BuiltWithLovart, #AiDesign, #AIBranding, #lego, #breakdown",88,5,1,TRUE,3,Suspicious,N/A,"⌜ Hybrid Creator ⌝
⌞ Cinematic Speedramp Edits ⌟
📩 vitalii@360mediaedits.com
🔥 360 Tool and full guides is here👇",https://www.lovart.ai/?sourceid=910397&utm_source=tiktok&utm_campaign=ZT_WZ_910397_Lovart_pc_TT_260714_T1_web_kol_shi_tcpa_purchase&utm_id=1870698485830849&utm_medium=paid_social&af_adset=T1-spark-purchase-02&af_adset_id=1870703164884002&utm_content=KOL_360.mediaedits&af_ad_id=1870703164886434&placement=__PLACEMENT&creative=Lego%20x%20Apple%20Project%20Breakdown%20%E2%9A%99%EF%B8%8F%20Made%20with%20%40LovartAI%20%23BuiltWithLovart%20%23AiDesign%20%23AIBranding%20%23lego%20%23breakdown_KOL_360.mediaedits&ttclid=E_C_P_CtMBR7j6IPTcM0ZAUJzPu584ahOWBtYgKqW23THrVauOPZbwXbrtXTjFamxy7F7ZnEg9hIxp5FHeBQ5Z1QAT779GwSNJX4ZWmlhMTNuGP7-Rln4A6ZKhqw9PmnwSZSuND-I6DzZYrqbvFXhTxCmnAXp-IWZM0MQke_v7X7Irg7fyOuGwRaCTpx_rcHeQqMk6Co-RK6J7lee3V8b4Ksf-kz-jPoWdGLYoP-nrYjcL9jUvuCk2YbKm7E-nR5r3M7jmrAuXV7nrMMDYasb6-waNGMjGG12CxRIEdjIuMA,114.7K,5.1M,N/A
2026-07-25 19:27:15,lucytimepieces.comm,#lucytimepieces #luxury #luxurywatches #watch #watches,https://www.tiktok.com/@lucytimepieces.comm/video/7635665138883857682?is_from_webapp=1&sender_device=pc,"#lucytimepieces, #luxury, #luxurywatches, #watch, #watches",13.1K,32,849,FALSE,11,Almost Certainly a Scam,"Keyword: 'luxury', Keyword: 'watch', Hashtag: '#watch', Hashtag: '#watches', Hashtag: '#luxury'","Watchess Details
Things most people miss
🌐 inf.o us",https://www.tiktok.com/link/v2?aid=1988&lang=en&scene=bio_url&target=http%3A%2F%2Flucytimepieces.com%2Fcollections,69.8K,2.1M,N/A
2026-07-25 19:29:15,taha.chrono,,https://www.tiktok.com/@taha.chrono/video/7665022518079622433?is_from_webapp=1&sender_device=pc,N/A,915,52,295,FALSE,5,Low Risk,N/A,"⌚ Luxusuhrenhändler
🔄 Ankauf • Verkauf • Inzahlungnahme
📍 München, Deutschland
🚚Versand in ganz 🇪🇺 Europa
⬇️Meine Uhren ⬇️",https://www.tiktok.com/link/v2?aid=1988&lang=en&scene=bio_url&target=https%3A%2F%2Flinktr.ee%2FChronoMono,3477,186K,N/A
2026-07-25 19:31:15,chenmuze_fiveelements,If this bracelet found you. it’s a reminder to pause and find peace within #makeawish #1111 #manifestation #bodhi #malaysia,https://www.tiktok.com/@chenmuze_fiveelements/video/7651898294976777493?is_from_webapp=1&sender_device=pc,"#makeawish, #1111, #manifestation, #bodhi, #malaysia",8189,2929,1113,FALSE,0,Clean,N/A,"Stars eternal blessings for all beings.
A gift from the Eastern constellation A wearable gift from the stars.",,1404,43.1K,N/A
2026-07-25 19:31:35,lucytimepieces.comm,Meteorite Handcrafted || Day Date 40MM Platinum #luxury #lucytimepieces #luxurywatches #watch #watches,https://www.tiktok.com/@lucytimepieces.comm/video/7639381821947432200?is_from_webapp=1&sender_device=pc,"#luxury, #lucytimepieces, #luxurywatches, #watch, #watches",8502,24,551,FALSE,11,Almost Certainly a Scam,"Keyword: 'luxury', Keyword: 'watch', Hashtag: '#watch', Hashtag: '#watches', Hashtag: '#luxury'","Watchess Details
Things most people miss
🌐 inf.o us",https://www.tiktok.com/link/v2?aid=1988&lang=en&scene=bio_url&target=http%3A%2F%2Flucytimepieces.com%2Fcollections,69.8K,2.1M,N/A
2026-07-25 19:33:35,marco.yanyan,"funny , prank , scare , lmao : #prank #scared #funny #lmao #fyp",https://www.tiktok.com/@marco.yanyan/video/7659802473657306382?is_from_webapp=1&sender_device=pc,"#prank, #scared, #funny, #lmao, #fyp",341.5K,1736,34K,FALSE,0,Clean,N/A,No bio yet.,,637.4K,2.7M,N/A
2026-07-25 19:33:56,virgin_hotels,We love your furry friends! Your pets stay for free at participating Virgin Hotels.,https://www.tiktok.com/@virgin_hotels/video/7662087022387006734?is_from_webapp=1&sender_device=pc,N/A,202,1,3,TRUE,5,Suspicious,N/A,Hip hotel seeks guest for long-term relationship. #VirginHotels 🦄,https://virginhotels.com/offers/vipets-stay/?utm_source=tiktok&utm_id=1867470604044577&utm_campaign=cq%3Acorporate-evergreen_ch%3Atiktok_ct%3Apurchases_ob%3Aprospecting_ho%3Acorporate_ro%3Arooms_c1%3A_da%3A06.08.2026_jump&utm_medium=cpc&ttclid=E_C_P_CtMBo2Td6B4-REudrxWGT26G5vzcQrtMVr8AbPby7mmiYu4KkUSfjJ6LD2ocNrfWWqUw4GSGkq9_yIt1P4RH0uN7VlkwFEDN_Xd5CDQGutehar2zz2XiJB6MsCUC57Indzo0YdXOyQ2XnSDtPjk6CdjahgHpJi130dMFyQ5j9Eq1epGp8xmAi11InkWIhgL9cDIpnHwyoT-SVySe1872lstSHeH9tMwR9tfums-DPbSEBCF19cGxo-LztarfIZRZETvG7-QA86jvDTS6NdjCaFzotAuIFRIEdjIuMA,1932,5643,N/A
2026-07-25 19:35:56,nicovanderhorst,"Reacting to @Aitch ’s AP, how much would a middle aged man pay for one? #luxury #watches #aitch #audemarspiguet",https://www.tiktok.com/@nicovanderhorst/video/7634959932386823446?is_from_webapp=1&sender_device=pc,N/A,52.1K,49,52,FALSE,10,Probable Scam,"Keyword: 'luxury', Keyword: 'watch'","That Watch Guy from YouTube⌚️

Socialmedia@prideandpinion.com",https://www.tiktok.com/link/v2?aid=1988&lang=en&scene=bio_url&target=https%3A%2F%2Flinktr.ee%2Fnicoleonard,1.4M,35.8M,N/A
2026-07-25 19:37:56,getmoddyswatches,Here’s an answer for you😜,https://www.tiktok.com/@getmoddyswatches/video/7659114916758031646?is_from_webapp=1&sender_device=pc,"#luxury, #watches, #aitch, #audemarspiguet",141,5,7,FALSE,15,Almost Certainly a Scam,"Keyword: 'watch', Hashtag: '#watch', Hashtag: '#watches', Hashtag: '#luxury'","⌚️ 7+ Years Modyfing #Watches
✨ Buy Once, Wear Forever
🇪🇸 Based in Spain | Worldwide Shipping
⬇️Configure Yours Now!
No Brand Affiliations",https://www.tiktok.com/link/v2?aid=1988&lang=en&scene=bio_url&target=http%3A%2F%2Fmoddys-watches.com,1899,14.4K,N/A
2026-07-25 19:39:57,legitgrails,LegitGrails - trusted and relied on by 100K+ users worldwide. Authenticate your items now!,https://www.tiktok.com/@legitgrails/video/7664903706294373654?is_from_webapp=1&sender_device=pc,N/A,5,0,Share,TRUE,7,Suspicious,N/A,"🔍 Luxury Item Authentication 24/7
👇 Get 15% Off First Authentication",https://legitgrails.com/?utm_source=tiktok&utm_campaign=prosp&utm_medium=paid_social&utm_content=ad&ttclid=E_C_P_CtMBewcH-glnbiDU5JXi7i4M3ntqKjb_ZN_mfC10Vj7UhcNEOo9xQNsJ0OxKcoIdDRx766BP-5g23rQVd5DpdXzSINHjtIn-k3DqaJBaHlX49XardRO0oVoVONmVAjBPRMG9ATM5tPXQZ5TjTxc8ICGZPGJUPdB61BhPsT2PTAokMtJTkKVc2cRog6FAU8fnmMDptJwnBz4spVrRaWwbP3Txrm16h6Yho_7_ZX2K9yBMHHCpLPzLt1LOW5EuUEvKF0WdcPG8mqXTg9D1oQAG34D9EJN09BIEdjIuMA,22.3K,199.1K,N/A
2026-07-25 19:41:57,luxurysouq.official,Would this payment work? 😁 #luxurysouq,https://www.tiktok.com/@luxurysouq.official/video/7656076079102217479?is_from_webapp=1&sender_device=pc,#luxurysouq,10.1K,93,199,FALSE,9,Suspicious,"Keyword: 'luxury', Hashtag: '#luxury'","""Don't Dream it, Wear It""
Biggest Luxury Watch Dealer",https://www.tiktok.com/link/v2?aid=1988&lang=en&scene=bio_url&target=https%3A%2F%2Fluxurysouq.com%2F%3Fgad_source%3D1%26gclid%3DCj0KCQjwvpy5BhDTARIsAHSilynsEKLJCIU3tVE0s_Wfi4j_7YSq47FBBUnmwdQlfdOwtgiiVwhEjHcaApIxEALw_wcB,902.5K,22.1M,N/A
2026-07-25 19:43:57,jamesfretschner,I think the Rolex submariner is the best watch of all time! #watches #rolex,https://www.tiktok.com/@jamesfretschner/video/7636822950498274567?is_from_webapp=1&sender_device=pc,"#watches, #rolex",5520,77,182,FALSE,8,Probable Scam,"Keyword: 'rolex', Keyword: 'watch', Hashtag: '#watch', Hashtag: '#watches'","Watch guy
IG/YT: jamesfretschner
jamesfretschner@gmail.com",,16K,844.3K,N/A
2026-07-25 19:45:58,answerthis.io,10–15 hours saved per paper. Verified citations. No hallucinations. Try free.,https://www.tiktok.com/@answerthis.io/video/7666393807096777997?is_from_webapp=1&sender_device=pc,"#watches, #rolex",39,0,Share,TRUE,7,Probable Scam,"Hashtag: '#watch', Hashtag: '#watches'","AI That Works For Scientific Research
Lit Reviews In Seconds
500K+ Users",https://answerthis.io/home/get_started?utm_source=tiktok&utm_id=1866258729175410&utm_campaign=CBO%20%7C%2026MAYO%20%7C%20US&utm_medium=paid&ttclid=E_C_P_CtMBQiG97cZ17zqOMWVjgTIaizeBi19gywJ6V9x3BNcafMxJuUbX8X3o3Bn3xgdzhVWxHwTVmPciyIFsicylvgKnVC6atdHW9MHCGPNndn9XMpXuKIpvgjhOUKFjenRuYLmg3ITSiWNHEi0yxgd2JWAMp9M95E3PfkpF9rTk-nVy6PC9BZTvtkDSyY14I21PtP7mkmswjVRX6BdMb_xkWX08hAVjDo9OGxflQBx19qm_h9VQNV6HQFuimbmulGKKMBi0QHr0a7yZw_wtH6L4KpitJ6NdoxIEdjIuMA,160,2167,N/A
2026-07-25 19:47:58,lucywatches.official,"Confident, versatile, and effortlessly elegant from every angle. #lucytimepieces #luxurycollections #collections # #watches",https://www.tiktok.com/@lucywatches.official/video/7662702685308636436?is_from_webapp=1&sender_device=pc,"#lucytimepieces, #luxurycollections, #collections, #watches",6220,38,361,FALSE,11,Almost Certainly a Scam,"Keyword: 'luxury', Keyword: 'watch', Hashtag: '#watch', Hashtag: '#watches', Hashtag: '#luxury'","🎥 Unbox ARMS with lucytimepieces !!!!
|| Original Content by LUCY Team
|| I love US - UK - EU - FR
📧
IG : @lucytimepieces_official✔️",https://www.tiktok.com/link/v2?aid=1988&lang=en&scene=bio_url&target=https%3A%2F%2Fwa.me%2Fmessage%2FEW5DL36SD4J7I1,20.6K,1M,N/A
2026-07-25 20:10:08,getmoddyswatches,The best watch of 2026🤩,https://www.tiktok.com/@getmoddyswatches/video/7658406058171436319?is_from_webapp=1&sender_device=pc,N/A,74,2,1,FALSE,13,Probable Scam,Keyword: 'watch',"⌚️ 7+ Years Modyfing #Watches
✨ Buy Once, Wear Forever
🇪🇸 Based in Spain | Worldwide Shipping
⬇️Configure Yours Now!
No Brand Affiliations",https://www.tiktok.com/link/v2?aid=1988&lang=en&scene=bio_url&target=http%3A%2F%2Fmoddys-watches.com,1901,14.4K,N/A
2026-07-25 20:12:10,langtuo,Gelang Merah Agate + Citrine ini azimat kemakmuran anda! #fypmalaysia #foryoumalaysia #tiktokfashion #malaysiacrystal #crystallovermalaysia,https://www.tiktok.com/@langtuo/video/7664860311521971477?is_from_webapp=1&sender_device=pc,"#fypmalaysia, #foryoumalaysia, #tiktokfashion, #malaysiacrystal, #crystallovermalaysia",336,310,100,FALSE,3,Suspicious,Keyword: 'fashion',"Selamat datang ke LangTuo Kristal, usia generasi 00 yang pakar dalam produk kristal",,202,6231,N/A
2026-07-25 20:12:31,lucywatches.official,"An iconic combination of slate grey and signature green—refined, distinctive, and instantly recognizable #lucytimepieces #collections #timpieces #watch #luxurycollections",https://www.tiktok.com/@lucywatches.official/video/7658986316767497493?is_from_webapp=1&sender_device=pc,"#lucytimepieces, #collections, #timpieces, #watch, #luxurycollections",631,5,56,FALSE,12,Almost Certainly a Scam,"Keyword: 'luxury', Keyword: 'watch', Hashtag: '#watch', Hashtag: '#luxury'","🎥 Unbox ARMS with lucytimepieces !!!!
|| Original Content by LUCY Team
|| I love US - UK - EU - FR
📧
IG : @lucytimepieces_official✔️",https://www.tiktok.com/link/v2?aid=1988&lang=en&scene=bio_url&target=https%3A%2F%2Fwa.me%2Fmessage%2FEW5DL36SD4J7I1,20.6K,1M,N/A
2026-07-25 20:14:31,daoyuanlustre,"Translucent and icy-clear crystals — which one is your perfect match? #peace #calm #healing #CrystalHealing #EnergyProtection #LuckyCrystals #HealingCrystal #SpiritualJewelry #fyp Translucent vs Icy-Clear Crystals: Which Fits You?Translucent and icy-clear crystals — which one is your perfect match?Start with what draws you first: translucent crystals often diffuse light softly, offering a gentle, comforting presence for meditation, calm, and everyday grounding. Icy-clear crystals, by contrast, transmit light with sharp clarity and are often chosen for focused energy protection, mental clarity, and amplifying intentions.How to tell them apart- Appearance: Translucent crystals let light through but appear softened or milky; icy-clear crystals are transparent with crisp edges and minimal inclusions.- Feel: Many people sense warmth or softness from translucent stones and a cooler, more ‘sharp’ sensation from icy-clear ones.Common uses- Translucent crystals: favored for peace, emotional healing, and creating a soothing environment. They pair well with calming rituals and wear as spiritual jewelry to promote steady, gentle support.- Icy-clear crystals: chosen for protection, clarity, and amplifying intentions. Ideal for focused practices, energy clearing, and manifesting specific goals.Choosing your match1. Intent: If you seek calm and healing, lean toward translucent stones. If you want clarity, protection, or to amplify intentions, choose icy-clear varieties.2. Aesthetic and feel: Let your eye and touch decide—hold both and notice which one resonates.3. Practical use: Consider how you’ll carry or wear the crystal. Translucent pieces suit wearable, grounding jewelry; icy-clear stones work well in dedicated altar spaces or as focal pieces in meditation.A simple ritualMake a wish in the next seven seconds. Focus on your intention, then type and share “11” as a small symbolic action to reinforce your choice and spread the energy.TakeawayBoth translucent and icy-clear crystals offer meaningful support—pick the one that aligns with your intention: calm and healing, or clarity and protection. Which did you choose? Share your pick and type 11 to make your wish part of the ritual.Keywords: translucent crystal benefits, icy-clear crystal meanings, crystal healing for calm, energy protection crystals, lucky crystals for grounding, healing crystal comparison, spiritual jewelry crystals, how to choose crystals, crystals for meditation, crystal wish practice",https://www.tiktok.com/@daoyuanlustre/video/7659630243598159134?is_from_webapp=1&sender_device=pc,"#peace, #calm, #healing, #CrystalHealing, #EnergyProtection, #LuckyCrystals, #HealingCrystal, #SpiritualJewelry, #fyp",357,340,67,FALSE,5,Suspicious,Keyword: 'ws',"refined details & timeless glow ✨
shop ➡️ https://daoyuanstore.com/",,681,8758,N/A
2026-07-25 20:16:32,nicovanderhorst,Don’t buy a tissot!? #watches #Luxury #fyp,https://www.tiktok.com/@nicovanderhorst/video/7643771218612489494?is_from_webapp=1&sender_device=pc,"#SpiritualJewelry, #fyp, #watches, #Luxury, #fyp",57.7K,376,471,FALSE,15,Almost Certainly a Scam,"Keyword: 'luxury', Keyword: 'watch', Keyword: 'buy', Hashtag: '#watch', Hashtag: '#watches', Hashtag: '#luxury'","That Watch Guy from YouTube⌚️

Socialmedia@prideandpinion.com",https://www.tiktok.com/link/v2?aid=1988&lang=en&scene=bio_url&target=https%3A%2F%2Flinktr.ee%2Fnicoleonard,1.4M,35.8M,N/A
2026-07-25 20:18:32,volkan.js,"Grok 4.5 just landed in Cursor so I gave it and Opus 4.8 the same build and compared them. Same algorithm visualizer, but one finished in a third of the time for half the price. Oh, and it's not just for coding either. Comment ""CURSOR"" for 50% off your first month, plus double Grok 4.5 usage this week. #cursor #cursorCreator #coding #AI #softwareengineering",,"#cursor, #cursorCreator, #coding, #AI, #softwareengineering",10.8K,,,TRUE,4,Suspicious,N/A,"software engineer & creator
💻 helping devs level up
📩 sponsors@volkanjs.com",https://cursor.com/grok-4-5?utm_source=tiktok_paid&utm_medium=paid&utm_campaign=%5BPurchase%5D_Prospecting_Evergreen_Max-Conversions%20-%20%5BCore%20T1%5D%20-%20%5BGrok%204.5%5D&utm_content=Grok%204.5%20just%20landed%20in%20Cursor%20so%20I%20gave%20it%20and%20Opus%204.8%20the%20same%20build%20and%20compared%20them.%20Same%20algorithm%20visualizer%2C%20but%20one%20finished%20in%20a%20third%20of%20the%20time%20for%20half%20the%20price.%20Oh%2C%20and%20it%27s%20not%20just%20for%20coding%20either.%20Comment%20%22CURSOR%22%20for%2050%25%20off%20your%20first%20month%2C%20plus%20double%20Grok%204.5%20usage%20this%20week.%20%23cursor%20%23cursorCreator%20%23coding%20%23AI%20%23softwareengineering_%5B260%5D%20-%20UGC%20-%20Partnership%20-%20Volkan%20-%20Opus%204.8%20vs%20Grok%204.5%20-%20App%20Algorithms%20-%20EN%20-%20Grok%204.5%20Page&cc_adgroupid=1871265274097841&cc_adid=1871265321480337&utm_id=1871265131709585&cc_term=Purchase_Prospecting_Consolidated_US%7CCA%7CUK&ttclid=E_C_P_CtQBq-RZYhiHVGoa65B_avFd45OERcVTwxGDdvL5dO--YddroavTVl-bYVf6c2eiProV22Qve13T9hEtfM63s3VGSkLl9zMW3B_3xD5oXEaoioftoypMIOikrRrYYMeU49o2HIg2RDMdMTYvaCMp5Er3j9I9iXgCOkzREI9vzyAsJdMTscwoeZf8A8mHcrji4NfnRme6vbTScBh7-HDaqS6Hsen4Jk-iuzie2tJ8Mlsx0zDfWohXk1ttQC_U6oCSgjIAwM3yZwRJGu1japDiwHgizaOaoiUSBHYyLjA,14.4K,225.3K,N/A
2026-07-25 20:20:33,swisswatchexpo,"If you could only keep one of these legendary timepieces, which one would earn the permanent spot on your wrist? Choose the ultra-sleek black dial of the iconic Steel Rolex Daytona, or elevate your collection with the mesmerizing skeleton dial of a masterfully crafted White Gold Breguet Tradition.* Rolex Daytona* Audemars Piguet Royal Oak Offshore Diver* Vacheron Constantin Overseas* Cartier Santos Dumont Le Brésil* Breguet Tradition RetrogradeEach of these pre-owned watches (and more) are available now on swisswatchexpo.comFULL DETAILS AND PRICING:Rolex Daytona Steel Black Dial Mens Watch 116500 116500LNhttps://www.swisswatchexpo.com/watches/rolex-daytona-steel-black-dial-mens-watch-116500-76959/Audemars Piguet Royal Oak Offshore Diver Steel Mens Watch 15720SThttps://www.swisswatchexpo.com/watches/audemars-piguet-royal-oak-offshore-diver-steel-mens-watch-15720st-box-card-72400/Vacheron Constantin Overseas Silver Dial Steel Mens Watch 4500V https://www.swisswatchexpo.com/watches/vacheron-constantin-overseas-silver-dial-steel-mens-watch-4500v-unworn-41580/Cartier Santos Dumont Le Bresil Platinum Limited Edition Watch WGSA0034https://www.swisswatchexpo.com/watches/cartier-santos-dumont-le-bresil-platinum-limited-edition-watch-wgsa0034-box-card-80169/Breguet Tradition Retrograde Skeleton Dial White Gold Mens Watch 7097https://www.swisswatchexpo.com/watches/breguet-tradition-retrograde-skeleton-dial-white-gold-mens-watch-7097-papers-79672/ #Rolex #Daytona #Breguet #AudemarsPiguet #VacheronConstantin #Cartier #WatchCollector #WatchFam #Horology #WOTD",https://www.tiktok.com/@swisswatchexpo/video/7651857896552058142?is_from_webapp=1&sender_device=pc,#softwareengineering,419,20,24,FALSE,13,Almost Certainly a Scam,"Keyword: 'rolex', Keyword: 'watch', Phone number in description","The #1 choice retailer of Authentic, Pre-Owned Watches | Rolex, Omega and more",https://www.tiktok.com/link/v2?aid=1988&lang=en&scene=bio_url&target=SwissWatchExpo.com,36K,823.6K,N/A
2026-07-25 20:22:33,theicedcoffeehour.re,"If you could only keep one of these legendary timepieces, which one would earn the permanent spot on your wrist? Choose the ultra-sleek black dial of the iconic Steel Rolex Daytona, or elevate your collection with the mesmerizing skeleton dial of a masterfully crafted White Gold Breguet Tradition.* Rolex Daytona* Audemars Piguet Royal Oak Offshore Diver* Vacheron Constantin Overseas* Cartier Santos Dumont Le Brésil* Breguet Tradition RetrogradeEach of these pre-owned watches (and more) are available now on swisswatchexpo.comFULL DETAILS AND PRICING:Rolex Daytona Steel Black Dial Mens Watch 116500 116500LNhttps://www.swisswatchexpo.com/watches/rolex-daytona-steel-black-dial-mens-watch-116500-76959/Audemars Piguet Royal Oak Offshore Diver Steel Mens Watch 15720SThttps://www.swisswatchexpo.com/watches/audemars-piguet-royal-oak-offshore-diver-steel-mens-watch-15720st-box-card-72400/Vacheron Constantin Overseas Silver Dial Steel Mens Watch 4500V https://www.swisswatchexpo.com/watches/vacheron-constantin-overseas-silver-dial-steel-mens-watch-4500v-unworn-41580/Cartier Santos Dumont Le Bresil Platinum Limited Edition Watch WGSA0034https://www.swisswatchexpo.com/watches/cartier-santos-dumont-le-bresil-platinum-limited-edition-watch-wgsa0034-box-card-80169/Breguet Tradition Retrograde Skeleton Dial White Gold Mens Watch 7097https://www.swisswatchexpo.com/watches/breguet-tradition-retrograde-skeleton-dial-white-gold-mens-watch-7097-papers-79672/ #Rolex #Daytona #Breguet #AudemarsPiguet #VacheronConstantin #Cartier #WatchCollector #WatchFam #Horology #WOTD",https://www.tiktok.com/@theicedcoffeehour.re/video/7635758612488391966?is_from_webapp=1&sender_device=pc,"#theicedcoffeehour, #podcast, #stories, #watch, #nicoleonard",30.4K,270,647,FALSE,7,Almost Certainly a Scam,"Keyword: 'rolex', Keyword: 'watch', Hashtag: '#watch', Phone number in description",No bio yet.,,140.8K,9.3M,N/A
2026-07-25 20:24:34,nicovanderhorst,Should we listen to Alex Costa? #watches #Luxury #fyp,https://www.tiktok.com/@nicovanderhorst/video/7646375597899353366?is_from_webapp=1&sender_device=pc,"#watches, #Luxury, #fyp",13K,59,62,FALSE,13,Almost Certainly a Scam,"Keyword: 'luxury', Keyword: 'watch', Hashtag: '#watch', Hashtag: '#watches', Hashtag: '#luxury'","That Watch Guy from YouTube⌚️

Socialmedia@prideandpinion.com",https://www.tiktok.com/link/v2?aid=1988&lang=en&scene=bio_url&target=https%3A%2F%2Flinktr.ee%2Fnicoleonard,1.4M,35.8M,N/A
2026-07-25 20:26:38,byjackprice,"Building the same app with Grok 4.5 and Opus 4.8. Comment ""Cursor"" and I'll DM you a link to get 50% off your first month of Cursor and doubling the Grok 4.5 usage for the first week. #cursorpartner #coding",,"#cursorpartner, #coding",11.6K,,,TRUE,8,Probable Scam,"Keyword: 'dm', Keyword: 'link'","20🇨🇦
Trying to make tech and AI sound simple
Jack of some trades",https://cursor.com/grok-4-5?utm_source=tiktok_paid&utm_medium=paid&utm_campaign=%5BPurchase%5D_Prospecting_Evergreen_Max-Conversions%20-%20%5BCore%20T1%5D%20-%20%5BGrok%204.5%5D&utm_content=Building%20the%20same%20app%20with%20Grok%204.5%20and%20Opus%204.8.%20Comment%20%22Cursor%22%20and%20I%27ll%20DM%20you%20a%20link%20to%20get%2050%25%20off%20your%20first%20month%20of%20Cursor%20and%20doubling%20the%20Grok%204.5%20usage%20for%20the%20first%20week.%20%20%23cursorpartner%20%23coding%20_%5B263%5D%20-%20UGC%20-%20Partnership%20-%20Jack%20Price%20-%20Opus%204.8%20vs%20Grok%204.5%20-%20App%20Fridge%20-%20EN%20-%20Grok%204.5%20Page&cc_adgroupid=1871265180558802&cc_adid=1871265211468898&utm_id=1871265131709585&cc_term=Purchase_Prospecting_Competitors_US%7CCA%7CUK&ttclid=E_C_P_CtQBtGKZ0GCnWAuAI9Pk5fdHWXKxYADgg46UYKUZApRq66mOuqVfBoQYacRvqorEhdUMX1q8P6U0QN-5l_xJ5UoG7dYplACQbUHndmvt1Sd8j9B_oSGfcQPXxuJHtS36vZlhCmVST-b6m86PxwBo1hu7P8yQarLeNP63ALExb5LKvAfR9UnUoOO6HCWb-pOOOhtV6j04keDJZv7hdWl_nLyP01tjpagZryhvZGL0ZlNve5GKFVO8ZyZwuj1f_uJXNqTFt6Kg8j6Nm6nEu5ciL-wFcJXbXJkSBHYyLjA,26K,246.7K,N/A
2026-07-25 20:28:39,summitopticsco,End the on-off glasses struggle. 48% off today.,https://www.tiktok.com/@summitopticsco/video/7642982368650792214?is_from_webapp=1&sender_device=pc,N/A,1143,0,233,TRUE,3,Low Risk,N/A,"✨ Free Shipping
⭐️ 100,000+ Happy customers
https://summitopticsco.com/",https://cursor.com/grok-4-5?utm_source=tiktok_paid&utm_medium=paid&utm_campaign=%5BPurchase%5D_Prospecting_Evergreen_Max-Conversions%20-%20%5BCore%20T1%5D%20-%20%5BGrok%204.5%5D&utm_content=Building%20the%20same%20app%20with%20Grok%204.5%20and%20Opus%204.8.%20Comment%20%22Cursor%22%20and%20I%27ll%20DM%20you%20a%20link%20to%20get%2050%25%20off%20your%20first%20month%20of%20Cursor%20and%20doubling%20the%20Grok%204.5%20usage%20for%20the%20first%20week.%20%20%23cursorpartner%20%23coding%20_%5B263%5D%20-%20UGC%20-%20Partnership%20-%20Jack%20Price%20-%20Opus%204.8%20vs%20Grok%204.5%20-%20App%20Fridge%20-%20EN%20-%20Grok%204.5%20Page&cc_adgroupid=1871265180558802&cc_adid=1871265211468898&utm_id=1871265131709585&cc_term=Purchase_Prospecting_Competitors_US%7CCA%7CUK&ttclid=E_C_P_CtQBtGKZ0GCnWAuAI9Pk5fdHWXKxYADgg46UYKUZApRq66mOuqVfBoQYacRvqorEhdUMX1q8P6U0QN-5l_xJ5UoG7dYplACQbUHndmvt1Sd8j9B_oSGfcQPXxuJHtS36vZlhCmVST-b6m86PxwBo1hu7P8yQarLeNP63ALExb5LKvAfR9UnUoOO6HCWb-pOOOhtV6j04keDJZv7hdWl_nLyP01tjpagZryhvZGL0ZlNve5GKFVO8ZyZwuj1f_uJXNqTFt6Kg8j6Nm6nEu5ciL-wFcJXbXJkSBHYyLjA,1899,15.8K,N/A
2026-07-25 20:29:09,_calbest,TAKE NOTES BOYS 📝,https://www.tiktok.com/@_calbest/video/7637339489211321622?is_from_webapp=1&sender_device=pc,N/A,11.7K,19,147,FALSE,8,Clean,N/A,DM on Instagram for any watch enquiries 👇,https://www.tiktok.com/link/v2?aid=1988&lang=en&scene=bio_url&target=https%3A%2F%2Flinktr.ee%2Fcalbest,29.2K,1.1M,N/A
2026-07-25 20:31:11,getautoseo,Put your SEO on Autopilot,https://www.tiktok.com/@getautoseo/video/7657820596641762582?is_from_webapp=1&sender_device=pc,N/A,143,3,23,TRUE,4,Suspicious,N/A,GetAutoSEO.com,https://getautoseo.com/?utm_source=tiktokAds&ttclid=E_C_P_CtIBUQgoDH1yGROoDped4jH3-__yr4KyQw-3qPPWdnlTjatwTLGgutbgE9krciagXyruk2sznuIfV7h59iwZOft50Ryw8RxBH6hXJFeTAVBQjl56tliyo3n57IluTzRSktJEVbPxm5-s65JckaXxlIj1V4NIHo4aU2VBpSikfR9KxyMRxN-tTBu7fQ5dk8z_GVQuKa28i6d7bE2kTwhROt_2PmIQHxegoxNQH98XhrJTlZ8VeWtuPCAg9-u_XhvQKCu-6fqxVlTqie8WuffOa4VbSUf-EgR2Mi4w,4058,19K,N/A
2026-07-25 20:33:11,swissmadeofficial,The internet can’t decide if it’s genius or sacrilege… and that’s exactly why everyone’s talking about it.Audemars Piguet × Swatch.Love it. Hate it. Ignore it. You probably won’t.So… is this a brilliant move or a mistake? 👀,https://www.tiktok.com/@swissmadeofficial/video/7665362267591937312?is_from_webapp=1&sender_device=pc,N/A,434,6,17,FALSE,10,Probable Scam,"Keyword: 'watch', Phone number in bio","For watches use only 🇮🇹
On IG 1.900.000 followers",https://www.tiktok.com/link/v2?aid=1988&lang=en&scene=bio_url&target=https%3A%2F%2Fwww.instagram.com%2Fvertigo1983%3Figsh%3DMXJydjVuY253c3N2OA%253D%253D%26utm_source%3Dqr,94.1K,1.7M,N/A
2026-07-25 20:35:11,nicovanderhorst,Why is Rolex expensive? #watches #Luxury #fyp,https://www.tiktok.com/@nicovanderhorst/video/7646372563387469078?is_from_webapp=1&sender_device=pc,"#watches, #Luxury, #fyp",10.1K,33,110,FALSE,15,Almost Certainly a Scam,"Keyword: 'luxury', Keyword: 'rolex', Keyword: 'watch', Hashtag: '#watch', Hashtag: '#watches', Hashtag: '#luxury'","That Watch Guy from YouTube⌚️

Socialmedia@prideandpinion.com",https://www.tiktok.com/link/v2?aid=1988&lang=en&scene=bio_url&target=https%3A%2F%2Flinktr.ee%2Fnicoleonard,1.4M,35.8M,N/A
2026-07-25 20:37:12,daoyuanlustre,"Translucent and icy-clear crystals — which one is your perfect match? #peace #calm #healing #CrystalHealing #EnergyProtection #LuckyCrystals #HealingCrystal #SpiritualJewelry #fyp Translucent vs Icy-Clear Crystals: Which Fits You?Translucent and icy-clear crystals — which one is your perfect match?Start with what draws you first: translucent crystals often diffuse light softly, offering a gentle, comforting presence for meditation, calm, and everyday grounding. Icy-clear crystals, by contrast, transmit light with sharp clarity and are often chosen for focused energy protection, mental clarity, and amplifying intentions.How to tell them apart- Appearance: Translucent crystals let light through but appear softened or milky; icy-clear crystals are transparent with crisp edges and minimal inclusions.- Feel: Many people sense warmth or softness from translucent stones and a cooler, more ‘sharp’ sensation from icy-clear ones.Common uses- Translucent crystals: favored for peace, emotional healing, and creating a soothing environment. They pair well with calming rituals and wear as spiritual jewelry to promote steady, gentle support.- Icy-clear crystals: chosen for protection, clarity, and amplifying intentions. Ideal for focused practices, energy clearing, and manifesting specific goals.Choosing your match1. Intent: If you seek calm and healing, lean toward translucent stones. If you want clarity, protection, or to amplify intentions, choose icy-clear varieties.2. Aesthetic and feel: Let your eye and touch decide—hold both and notice which one resonates.3. Practical use: Consider how you’ll carry or wear the crystal. Translucent pieces suit wearable, grounding jewelry; icy-clear stones work well in dedicated altar spaces or as focal pieces in meditation.A simple ritualMake a wish in the next seven seconds. Focus on your intention, then type and share “11” as a small symbolic action to reinforce your choice and spread the energy.TakeawayBoth translucent and icy-clear crystals offer meaningful support—pick the one that aligns with your intention: calm and healing, or clarity and protection. Which did you choose? Share your pick and type 11 to make your wish part of the ritual.Keywords: translucent crystal benefits, icy-clear crystal meanings, crystal healing for calm, energy protection crystals, lucky crystals for grounding, healing crystal comparison, spiritual jewelry crystals, how to choose crystals, crystals for meditation, crystal wish practice",https://www.tiktok.com/@daoyuanlustre/video/7662999193455168798?is_from_webapp=1&sender_device=pc,"#peace, #calm, #healing, #CrystalHealing",155,136,83,FALSE,5,Suspicious,Keyword: 'ws',"refined details & timeless glow ✨
shop ➡️ https://daoyuanstore.com/",,683,8770,N/A
2026-07-25 20:39:13,cazacoronas_es,"😅Mi colega rompió la correa de su Batgirl clon y pensaba tirarlo a la basura. Le dije: 'Dame 5 minutos'Hay gente que a la mínima que se le rompe un pasador o la correa piensa en tirar el reloj a la basura🤦‍♂️Tuve que quitarle el Batgirl de las manos a mi colega, meterme al taller express y hacerle este cambio de correa.🔗 en mi Bio. #rolexbatgirl #gmtmaster2 #watchtok #estilohombre #seikomodder",https://www.tiktok.com/@cazacoronas_es/video/7665029946535922966?is_from_webapp=1&sender_device=pc,"#peace, #calm, #healing, #CrystalHealing, #EnergyProtection, #LuckyCrystals, #HealingCrystal, #SpiritualJewelry, #fyp",855,76,16,FALSE,7,Probable Scam,"Keyword: 'rolex', Keyword: 'watch'","Friki de los Rolex GMT haciendo vídeos🥲
⚒️Piezas/Herramientas:
(escribe en tu navegador)
tr.ee/coronas",,2933,9767,N/A
2026-07-25 20:41:14,romancurated,Turn your product to brand in seconds. ⚡️ @lovart.ai #BuiltWithLovart #AiDesign #AIBranding,https://www.tiktok.com/@romancurated/video/7656839350331755794?is_from_webapp=1&sender_device=pc,"#rolexbatgirl, #gmtmaster2, #watchtok, #estilohombre, #seikomodder, #BuiltWithLovart, #AiDesign, #AIBranding",169,8,3,TRUE,4,Probable Scam,Hashtag: '#watch',"Start now. ⏰
Co-Founder of Moment Studios",https://www.lovart.ai/?sourceid=910397&utm_source=tiktok&utm_campaign=ZT_WZ_910397_Lovart_pc_TT_260714_T1_web_kol_shi_tcpa_purchase&utm_id=1870698485830849&utm_medium=paid_social&af_adset=T1-spark-purchase-01&af_adset_id=1870700189815954&utm_content=KOL_romancurated&af_ad_id=1871314499789089&placement=__PLACEMENT&creative=Turn%20your%20product%20to%20brand%20in%20seconds.%20%E2%9A%A1%EF%B8%8F%20%40lovart.ai%20%23BuiltWithLovart%20%23AiDesign%20%23AIBranding_KOL_romancurated&ttclid=E_C_P_CtMBePfdZY44xGCHLPnQ5MA4FKqRYC4_exZklh8pZIO3WULTXCW9urELZRrzz4GjfKZY-pojdgFkwXKlqCtkla2xEsrLTztUsdCWjJh05QIZDcFIgMKnkFYAwY_kol0fez69hHDDW01BayXc9fVsmJaCwmBwuDzyp9Eh4lpK-D2n6ZmidTOGKbAEkmungeyuRNNaWM8UxAPKs-meDeNgoPN2V4BANywtPL9-Vzsi1R3Q2ZoyvLTPkWk2YQqo9hlKFvkGaJijECjakOWeJ9FuE4e_CN1N5BIEdjIuMA,3054,19.7K,N/A
2026-07-25 20:43:14,lucywatches.official,Complexity meets elegance. A stunning blue dial beautifully showcases every calendar complication. #lucytimepieces #luxurycollections #collections #watches #watch,https://www.tiktok.com/@lucywatches.official/video/7661214281131625749?is_from_webapp=1&sender_device=pc,"#lucytimepieces, #luxurycollections, #collections",4662,11,260,FALSE,10,Probable Scam,"Keyword: 'luxury', Keyword: 'watch', Hashtag: '#luxury'","🎥 Unbox ARMS with lucytimepieces !!!!
|| Original Content by LUCY Team
|| I love US - UK - EU - FR
📧
IG : @lucytimepieces_official✔️",https://www.tiktok.com/link/v2?aid=1988&lang=en&scene=bio_url&target=https%3A%2F%2Fwa.me%2Fmessage%2FEW5DL36SD4J7I1,20.6K,1M,N/A
2026-07-25 21:05:27,lucywatches.official,"""White dial. Black ceramic.Panda still one of the sharpest chronograph combinations ever made."" #lucytimepieces #collections #timpieces #watch #watches",https://www.tiktok.com/@lucywatches.official/video/7654915126935670037?is_from_webapp=1&sender_device=pc,N/A,975,9,61,FALSE,8,Probable Scam,Keyword: 'watch',"🎥 Unbox ARMS with lucytimepieces !!!!
|| Original Content by LUCY Team
|| I love US - UK - EU - FR
📧
IG : @lucytimepieces_official✔️",https://www.tiktok.com/link/v2?aid=1988&lang=en&scene=bio_url&target=https%3A%2F%2Fwa.me%2Fmessage%2FEW5DL36SD4J7I1,20.6K,1M,N/A
2026-07-25 21:07:29,gillians.bliss.crystals,"Heal your heart chakra, release all emotional exhaustion, and attract gentle love, good luck & beautiful blessings to you.All good things are coming close ✨ #crystals #crystaltok #crystalhealing #manifestation #fyp",https://www.tiktok.com/@gillians.bliss.crystals/video/7651998480772222226?is_from_webapp=1&sender_device=pc,"#lucytimepieces, #collections, #timpieces, #watch, #watches, #crystals, #crystaltok, #crystalhealing, #manifestation, #fyp",749,522,166,FALSE,3,Suspicious,"Hashtag: '#watch', Hashtag: '#watches'","🧿Your daily dose of calm & positive energy.
🔮Healing & manifestation crystals
✨Believe in the power of belief",,6302,136.1K,N/A
2026-07-25 21:07:49,nicovanderhorst,The Goat’s Rolex 🤯 #watches #fyp #Luxury,https://www.tiktok.com/@nicovanderhorst/video/7651672964005367062?is_from_webapp=1&sender_device=pc,"#crystaltok, #crystalhealing, #manifestation, #fyp, #watches, #fyp, #Luxury",22K,51,89,FALSE,15,Almost Certainly a Scam,"Keyword: 'luxury', Keyword: 'rolex', Keyword: 'watch', Hashtag: '#watch', Hashtag: '#watches', Hashtag: '#luxury'","That Watch Guy from YouTube⌚️

Socialmedia@prideandpinion.com",https://www.tiktok.com/link/v2?aid=1988&lang=en&scene=bio_url&target=https%3A%2F%2Flinktr.ee%2Fnicoleonard,1.4M,35.8M,N/A
2026-07-25 21:09:49,lucywatches.official,Probably one of the cleanest ways to showcase mechanics on a Royal Oak. #lucytimepieces #collections #timpieces #watch #watches,https://www.tiktok.com/@lucywatches.official/video/7649340521747434772?is_from_webapp=1&sender_device=pc,"#lucytimepieces, #collections, #timpieces, #watch, #watches",3218,11,144,FALSE,9,Probable Scam,"Keyword: 'watch', Hashtag: '#watch', Hashtag: '#watches'","🎥 Unbox ARMS with lucytimepieces !!!!
|| Original Content by LUCY Team
|| I love US - UK - EU - FR
📧
IG : @lucytimepieces_official✔️",https://www.tiktok.com/link/v2?aid=1988&lang=en&scene=bio_url&target=https%3A%2F%2Fwa.me%2Fmessage%2FEW5DL36SD4J7I1,20.6K,1M,N/A
2026-07-25 21:11:49,yfkyugrmyjw,11:11 best wishes 🔮🔮 #crystalbracelet #goodluck #energy #aesthetic #fyp,https://www.tiktok.com/@yfkyugrmyjw/video/7648930188834753806?is_from_webapp=1&sender_device=pc,"#crystalbracelet, #goodluck, #energy, #aesthetic, #fyp",378,322,87,FALSE,3,Suspicious,Keyword: '1:1',"If you have doubts, you can come here to heal.🔮🔮✨",,198,4089,N/A
2026-07-25 21:12:10,nicovanderhorst,What your watch says about you! #watches #Luxury #fyp,https://www.tiktok.com/@nicovanderhorst/video/7640048971724885270?is_from_webapp=1&sender_device=pc,"#watches, #Luxury, #fyp",52.1K,212,346,FALSE,13,Almost Certainly a Scam,"Keyword: 'luxury', Keyword: 'watch', Hashtag: '#watch', Hashtag: '#watches', Hashtag: '#luxury'","That Watch Guy from YouTube⌚️

Socialmedia@prideandpinion.com",https://www.tiktok.com/link/v2?aid=1988&lang=en&scene=bio_url&target=https%3A%2F%2Flinktr.ee%2Fnicoleonard,1.4M,35.8M,N/A
2026-07-25 21:14:11,swanandedgar,The Diplomat,https://www.tiktok.com/@swanandedgar/video/7653037851633782038?is_from_webapp=1&sender_device=pc,N/A,136,1,2,TRUE,5,Suspicious,N/A,"Timeless British Elegance
#swanandedgar",https://swanandedgar.com/products/diplomat-black?tw_source=tiktok&tw_adid=1868411849252145&utm_source=tiktok&utm_id=1868411849252113&utm_campaign=MBM%20%7C%20Diplomat%20%7C%20UK%20USA&utm_medium=cpc&utm_content=__ADID_V2_NAME__&ttclid=E_C_P_CtIBVsrMx6a5tneSCK6aIoIIiX_TDI3Cet6oD4at-Yh7WUM2qKEKr7teO6p9rYhynt2Ay7mNI5N753qFe1575ZjeCwXn3lc-J9fD7HNa_wd91g6m_CALtsfovJ21-_GF4GVvknd377GcIgPxt-95MNmVSEm09Cm3t6CxliLTgoZmcVOIIxdx4B32EQDZ3JNAI5-09BY6rLF9iubEh48vO3bwasY2hmMDVZidUSggqRQRVdX-mBIFY81nCN5UDeHrfSM1d0o8ECcnRhpn4ADZGxKwk8fsEgR2Mi4w,2334,8889,N/A
2026-07-25 21:16:11,michaelangeloswatches,Thoughts?,https://www.tiktok.com/@michaelangeloswatches/video/7634359325523217695?is_from_webapp=1&sender_device=pc,N/A,1560,307,56,FALSE,4,Suspicious,"Keyword: 'watch', Phone number in bio","Call 1 (980) 384-0391
631 Brawley School Road, Mooresville, NC 28117",,15.6K,231.6K,N/A
2026-07-25 21:18:11,getmoddyswatches,Each watch is a handmade masterpiece😎✨,https://www.tiktok.com/@getmoddyswatches/video/7660562123960945951?is_from_webapp=1&sender_device=pc,N/A,40,0,Share,FALSE,15,Almost Certainly a Scam,"Keyword: 'watch', Keyword: 'dm'","⌚️ 7+ Years Modyfing #Watches
✨ Buy Once, Wear Forever
🇪🇸 Based in Spain | Worldwide Shipping
⬇️Configure Yours Now!
No Brand Affiliations",https://www.tiktok.com/link/v2?aid=1988&lang=en&scene=bio_url&target=http%3A%2F%2Fmoddys-watches.com,1901,14.4K,N/A
2026-07-25 21:20:12,hewson.kaur,"Omega Seamaster Diver 300MThe entire watch is crafted in black ceramic,with the case and bezel extending seamlessly into a unified form, creating a strong sense of cohesion and futuristic design.The classic Seamaster wave-pattern dial subtly reveals itself under changing light,turning “black” into something layered and dimensional rather than a single flat tone. #luxurywatch #watchtok #fyp #timepiece #luxurystyle",https://www.tiktok.com/@hewson.kaur/video/7658644181316799766?is_from_webapp=1&sender_device=pc,N/A,406,4,21,FALSE,18,Almost Certainly a Scam,"Keyword: 'luxury', Keyword: 'watch', Keyword: 'ws'","⌚ Timeless watches, endless style.
👉 Shop & explore:→ whatsapp
Link:kernel.bio.link",https://www.tiktok.com/link/v2?aid=1988&lang=en&scene=bio_url&target=kernel.bio.link,986,33K,N/A
2026-07-25 21:22:14,langtuo,Ingin aura feminin yang bersinar dan tarik cinta? Ini jawapannya! #crystaltok #crystaltiktok #tiktokshopmalaysia #viralcrystal #trendingjewelry,https://www.tiktok.com/@langtuo/video/7664571288102472981?is_from_webapp=1&sender_device=pc,"#luxurywatch, #watchtok, #fyp, #timepiece, #luxurystyle, #crystaltok, #crystaltiktok, #tiktokshopmalaysia, #viralcrystal, #trendingjewelry",430,341,60,FALSE,5,Probable Scam,"Keyword: 'shop', Hashtag: '#watch', Hashtag: '#luxury'","Selamat datang ke LangTuo Kristal, usia generasi 00 yang pakar dalam produk kristal",,202,6243,N/A
2026-07-25 21:24:22,wetracked,iOS 14 broke your tracking. Now you're scaling the wrong ads.,https://www.tiktok.com/@wetracked/video/7607441024419515651?is_from_webapp=1&sender_device=pc,N/A,1086,79,11,TRUE,0,Clean,N/A,"📈 #1 Ad Tracking Software For Ecommerce
👇 Raise Your ROAS by 50% in 1 week",https://www.wetracked.io?utm_source=tiktok&utm_medium=paid&utm_id=1856826214464658&utm_campaign=New%20Conversions%20-%20Subscribe%20%28New%202026%20-%20High%20Perf.%20Countries%29&ttclid=E_C_P_CtMBhmwp08TUzuKJCR44W6TidBitoIesQGZ4PFt-GeXxK-DVOgb2kmDlI-8KBzvEWI2L96bpRBUx1N0WR40SaY7v0YEuELWOUghosLcJUEkT2gA6ZFAKffuvNxqa4P0xAjEbWz2WReMrPTfvI9jM-W2NMhe52LisD5mrAC_KDYe9p2iEaU9Y288Zzsr74p97hwpHSq48ijGZp8usAdCkN1T3LbY6i4B7bYSQx8NaAv7-S4_xTMWhSFweXEdn3QcDx4n5MmpuGWkX3Je9rO8kS0TexnIZEhIEdjIuMA,13.3K,179K,N/A
2026-07-25 21:24:44,nicos_reactions,What's The Worst Rolex Watch You Can Buy? #rolexes #top3 #watches #expert #business,https://www.tiktok.com/@nicos_reactions/video/7657548435016486166?is_from_webapp=1&sender_device=pc,"#rolexes, #top3, #watches, #expert, #business",43.6K,409,494,FALSE,12,Almost Certainly a Scam,"Keyword: 'rolex', Keyword: 'watch', Keyword: 'buy', Hashtag: '#watch', Hashtag: '#watches'","Anything and Everything About Watches
More Content Here 👇",https://www.tiktok.com/link/v2?aid=1988&lang=en&scene=bio_url&target=https%3A%2F%2Fwww.facebook.com%2Fshare%2F1AWVTDoCp2%2F%3Fmibextid%3DwwXIfr,146.9K,4M,N/A
2026-07-25 21:26:44,swissmadeofficial,"A moment. A movement. A revelation.A quiet move, a glimpse of pink gold… then the turn. The @jaegerlecoultre Reverso reveals its true nature.Pure geometry, timeless design.The Milanese bracelet flows effortlessly, catching the light with every motion.Discreet at first.Unmistakable once revealed.",https://www.tiktok.com/@swissmadeofficial/video/7657113778940595489?is_from_webapp=1&sender_device=pc,N/A,19.5K,166,1837,FALSE,8,Suspicious,"Keyword: 'ws', Phone number in bio","For watches use only 🇮🇹
On IG 1.900.000 followers",https://www.tiktok.com/link/v2?aid=1988&lang=en&scene=bio_url&target=https%3A%2F%2Fwww.instagram.com%2Fvertigo1983%3Figsh%3DMXJydjVuY253c3N2OA%253D%253D%26utm_source%3Dqr,94.1K,1.7M,N/A
2026-07-25 21:28:45,virgin_hotels,We love your furry friends! Your pets stay for free at participating Virgin Hotels.,https://www.tiktok.com/@virgin_hotels/video/7662087043454962957?is_from_webapp=1&sender_device=pc,N/A,278,0,Share,TRUE,5,Suspicious,N/A,Hip hotel seeks guest for long-term relationship. #VirginHotels 🦄,https://virginhotels.com/offers/vipets-stay/?utm_source=tiktok&utm_id=1867470604044577&utm_campaign=cq%3Acorporate-evergreen_ch%3Atiktok_ct%3Apurchases_ob%3Aprospecting_ho%3Acorporate_ro%3Arooms_c1%3A_da%3A06.08.2026_jump&utm_medium=cpc&ttclid=E_C_P_CtMBMKKE4rBTtD_9PAovkwR_7dVuPsZ4SLZHZwL26GKjRYBGxVKtzlbMAOtd0ZXl-vRAbhJacXnB-XA351C4TwvKwI56KAjRF847d-4e2UGxsBrc4_I-wi2oWW70bnW9XCg5WPwuUPrOCWcENP_A7mmXIY6yOmdZYvVF4otKIM-bgo-3RJH2iwIFcANXG6S4DjuPrUsI4mIm12PAgiNdo7oxDHPbmvErd7OwOqPExDK0kInniXb5TcIpk9se739wfG3ivvAUu1grSDxppVbbOO8mZrmwthIEdjIuMA,1932,5653,N/A
2026-07-25 21:30:45,nicovanderhorst,Do we still love the PRX? #watches #Luxury #fyp,https://www.tiktok.com/@nicovanderhorst/video/7645853663671373078?is_from_webapp=1&sender_device=pc,"#watches, #Luxury, #fyp",7803,75,155,FALSE,13,Almost Certainly a Scam,"Keyword: 'luxury', Keyword: 'watch', Hashtag: '#watch', Hashtag: '#watches', Hashtag: '#luxury'","That Watch Guy from YouTube⌚️

Socialmedia@prideandpinion.com",https://www.tiktok.com/link/v2?aid=1988&lang=en&scene=bio_url&target=https%3A%2F%2Flinktr.ee%2Fnicoleonard,1.4M,35.8M,N/A
2026-07-25 21:32:46,watchyourwristatl,Best watch for a $5k budget,https://www.tiktok.com/@watchyourwristatl/video/7656251855386725646?is_from_webapp=1&sender_device=pc,N/A,2392,67,33,FALSE,8,Suspicious,Keyword: 'watch',"#1 Watch Dealer in Southeast
NO Waitlist - NO Games
Shop Online or In Store⤵️",https://www.tiktok.com/link/v2?aid=1988&lang=en&scene=bio_url&target=https%3A%2F%2Fwww.wywatl.com,26.6K,538.8K,N/A
2026-07-25 21:34:46,legossssssclippage,Mexican rich kid traded his $400K Bugatti Jacob&Co watch for 3 chrome hearts items in store 😳,https://www.tiktok.com/@legossssssclippage/video/7638668492471930143?is_from_webapp=1&sender_device=pc,N/A,28.3K,168,1108,FALSE,6,Suspicious,Keyword: 'watch',Tap in with my other socials & the website💎,https://www.tiktok.com/link/v2?aid=1988&lang=en&scene=bio_url&target=https%3A%2F%2Flinktr.ee%2Foncelegos,30.2K,656.8K,N/A
2026-07-25 21:36:48,glowtotheworld8,Stay focused.Fix it perfectly.Watch what happens next.Let’s see your results in the comments section. #FixItChallenge #PerfectTiming #PauseAndFix #BrainPuzzle #creatorsearchinsights,https://www.tiktok.com/@glowtotheworld8/video/7651592775628049684?is_from_webapp=1&sender_device=pc,"#FixItChallenge, #PerfectTiming, #PauseAndFix, #BrainPuzzle, #creatorsearchinsights",7694,265,392,FALSE,2,Suspicious,Keyword: 'watch',Uncomplicating the world's best Ideas ||creative test || FixitChallenge || Ceo Science Array,,25.9K,256.2K,N/A
2026-07-25 21:45:40,solanawatches,#rolex should have never discontinued the super jubilee bracelet found on older #datejust 36 models. #watches #luxury #luxurywatches,https://www.tiktok.com/@solanawatches/video/7644222118426627341?is_from_webapp=1&sender_device=pc,#rolex,7793,43,167,FALSE,16,Probable Scam,"Keyword: 'luxury', Keyword: 'rolex', Keyword: 'watch', Phone number in bio","⭐️ Trusted Luxury Watch Dealer
⌚️ Buy • Sell • Source
📩 DM for Enquiries
Call or Text Me At 442-232-1093",,1464,31.7K,N/A
2026-07-25 21:47:41,daoyuanlustre,"✨Stop Wearing Crystals Blindly! A Complete Guide to Crystal Bracelets for Your Reference ▫️Clear Quartz | Purifies negative energy, boosts concentration, eases mental exhaustion and insomnia, a must-have for students and office workers ▫️Rose Quartz | Attracts genuine love gently, enhances interpersonal luck and resolves social conflicts, ideal for singles and socially anxious people ▫️Smoky Quartz | Shields against schemers and disputes, relieves anxiety and stress, safeguards those who often stay up late or go out frequently ▫️Aquamarine | Calms irritable tempers, improves communication skills and removes obstacles during negotiations and conversations ▫️Citrine | The Stone of Wealth, draws legitimate financial opportunities and brings fortune for promotions and entrepreneurship 💡Tips for Crystal Newbies to Avoid Pitfalls Natural crystals naturally contain internal fractures and inclusions; cheap flawless pieces are mostly synthetic imitations Choose crystals based on your personal needs—random mismatches will disrupt your personal energy field All crystals in our store have been blessed, setting them apart from ordinary mass-produced goods 💌Interact to Attract Good Luck Like and save this post to lock in blessings for the whole year Comment 【1111】to collectively attract wealth, popularity and safety Type ""wealth"" for financial luck, ""love"" for romance, ""peace"" for stability to find out which crystal suits you best 🛒Direct Purchase Access If you want custom lucky crystal bracelets or crystal ornaments, search the independent website https://www.daoyuanstore.com/ daoyuan Store offers hand-blessed crystal jewelry, perfect for personal use or gifting #daoyuanstore #CrystalHealing #EnergyProtection #LuckyCrystals #HealingCrystal #CrystalBlessing #CrystalEnergy #healingcrystal #spiritualjewelry #GoodVibes #lucky #fyp #crystal",https://www.tiktok.com/@daoyuanlustre/video/7665615624718077215?is_from_webapp=1&sender_device=pc,"#datejust, #watches, #luxury, #luxurywatches",212,218,44,FALSE,8,Probable Scam,"Keyword: 'ws', Hashtag: '#watch', Hashtag: '#watches', Hashtag: '#luxury'","refined details & timeless glow ✨
shop ➡️ https://daoyuanstore.com/",,686,8803,N/A
2026-07-25 21:49:41,c.inat,"✨Stop Wearing Crystals Blindly! A Complete Guide to Crystal Bracelets for Your Reference ▫️Clear Quartz | Purifies negative energy, boosts concentration, eases mental exhaustion and insomnia, a must-have for students and office workers ▫️Rose Quartz | Attracts genuine love gently, enhances interpersonal luck and resolves social conflicts, ideal for singles and socially anxious people ▫️Smoky Quartz | Shields against schemers and disputes, relieves anxiety and stress, safeguards those who often stay up late or go out frequently ▫️Aquamarine | Calms irritable tempers, improves communication skills and removes obstacles during negotiations and conversations ▫️Citrine | The Stone of Wealth, draws legitimate financial opportunities and brings fortune for promotions and entrepreneurship 💡Tips for Crystal Newbies to Avoid Pitfalls Natural crystals naturally contain internal fractures and inclusions; cheap flawless pieces are mostly synthetic imitations Choose crystals based on your personal needs—random mismatches will disrupt your personal energy field All crystals in our store have been blessed, setting them apart from ordinary mass-produced goods 💌Interact to Attract Good Luck Like and save this post to lock in blessings for the whole year Comment 【1111】to collectively attract wealth, popularity and safety Type ""wealth"" for financial luck, ""love"" for romance, ""peace"" for stability to find out which crystal suits you best 🛒Direct Purchase Access If you want custom lucky crystal bracelets or crystal ornaments, search the independent website https://www.daoyuanstore.com/ daoyuan Store offers hand-blessed crystal jewelry, perfect for personal use or gifting #daoyuanstore #CrystalHealing #EnergyProtection #LuckyCrystals #HealingCrystal #CrystalBlessing #CrystalEnergy #healingcrystal #spiritualjewelry #GoodVibes #lucky #fyp #crystal",https://www.tiktok.com/@c.inat/video/7636785685407567126?is_from_webapp=1&sender_device=pc,"#daoyuanstore, #CrystalHealing, #EnergyProtection, #LuckyCrystals, #HealingCrystal, #CrystalBlessing, #CrystalEnergy, #healingcrystal, #spiritualjewelry, #GoodVibes, #lucky, #fyp, #crystal, #rolex, #authentic, #watch, #zombie",5200,228,276,FALSE,3,Suspicious,"Keyword: 'ws', Hashtag: '#watch'",No Fugazi 🙅‍♂️,,167,39K,N/A
2026-07-25 21:50:02,lucytimepieces.comm,White Dial x Square Style || Nautilus 5711A by LUCY Picks #timepieces #lucytimepieces #watches #luxury #luxurywatch,https://www.tiktok.com/@lucytimepieces.comm/video/7644198211460025608?is_from_webapp=1&sender_device=pc,"#timepieces, #lucytimepieces, #watches, #luxury, #luxurywatch",75.8K,144,3903,FALSE,11,Almost Certainly a Scam,"Keyword: 'luxury', Keyword: 'watch', Hashtag: '#watch', Hashtag: '#watches', Hashtag: '#luxury'","Watchess Details
Things most people miss
🌐 inf.o us",https://www.tiktok.com/link/v2?aid=1988&lang=en&scene=bio_url&target=http%3A%2F%2Flucytimepieces.com%2Fcollections,69.9K,2.1M,N/A
2026-07-25 21:52:02,lunascrystallab,🌈Green Tourmaline Rutilated Quartz&Yellow Phantom Quartz&Golden Strawberry&Green Rutilated Quartz&Aquamarine&Rose Quartz&Orange Snowflake Phantom Quartz& Green Quartz&Clear Quartz #fyp #CrystalBracelets #CrystalHealing #manifestation #CrystalJewelry,https://www.tiktok.com/@lunascrystallab/video/7659311798667054357?is_from_webapp=1&sender_device=pc,"#fyp, #CrystalBracelets, #CrystalHealing",4185,2687,625,FALSE,0,Clean,N/A,"Lunar-charged crystals to bring you health,wealth &luck. Your daily energy boost. ✨🌙",,1893,45.8K,N/A
2026-07-25 21:52:31,adam.digital,Comment PROMPT & I’ll send it to you. Seedance 2.0 is too powerful . I used it to create Product Commercial Ads. SMB is now live in Lovart. Purchase Pro or higher membership to enjoy 7 days of fast SMB generation with 0 credits! Up to 57% OFF & Unlock Now! #BuiltWithLovart #AiDesign #AIBranding @LovartAI,https://www.tiktok.com/@adam.digital/video/7655218492416822548?is_from_webapp=1&sender_device=pc,"#BuiltWithLovart, #AiDesign, #AIBranding",198,12,Share,TRUE,3,Suspicious,N/A,"🔥AI educator for Entrepreneurs/ Creators
📧hello@adamgodigital.com
Work with us ⬇️",https://www.lovart.ai/?sourceid=910397&utm_source=tiktok&utm_campaign=ZT_WZ_910397_Lovart_pc_TT_260714_T1_web_kol_shi_tcpa_purchase&utm_id=1870698485830849&utm_medium=paid_social&af_adset=T1-spark-purchase-02&af_adset_id=1870703164884002&utm_content=KOL_adam.godigital&af_ad_id=1870703164886418&placement=__PLACEMENT&creative=Comment%20PROMPT%20%26%20I%E2%80%99ll%20send%20it%20to%20you.%20Seedance%202.0%20is%20too%20powerful%20.%20I%20used%20it%20to%20create%20Product%20Commercial%20Ads.%20SMB%20is%20now%20live%20in%20Lovart.%20Purchase%20Pro%20or%20higher%20membership%20to%20enjoy%207%20days%20of%20fast%20SMB%20generation%20with%200%20credits%21%20Up%20to%2057%25%20OFF%20%26%20Unlock%20Now%21%20%23BuiltWithLovart%20%23AiDesign%20%23AIBranding%20%40LovartAI%20_KOL_adam.godigital&ttclid=E_C_P_CtMBKYcBkV0eGyP49YIHkbCF1L2pURaZfW5TnwM9OreULHfHbj_-S7T21kps7ZVCkmU2mDqyZauILL70gm0g61rBIUF4_lDL-p2ZJXOezdvhGaSfliA3nDKkMUooAl9fVYzqmbuhhG49bGfmr6MFwIqFqqcZaRiNxMW5LGhqsUjhJYlhIhhUCh6wC6fT8MxOBvXj_qqsksJSq-4CsdNoPYBG2CGWKWCHAa5ulq8e5C4n0YVqfKDbKys1LtbPH0GkV_2rpJ1OMx5lxWmFyNOiwF3-hTlcwhIEdjIuMA,533K,3.6M,N/A
2026-07-25 21:52:52,pricelessfinds1,Why Experts Don't Recommend Hublot 😨 # #theicedcoffeehour #podcast #hublot #watch #fyp,https://www.tiktok.com/@pricelessfinds1/video/7652879966111141152?is_from_webapp=1&sender_device=pc,"#theicedcoffeehour, #podcast, #hublot, #watch, #fyp",2722,24,79,FALSE,3,Suspicious,"Keyword: 'watch', Hashtag: '#watch'",Priceless antiques and shocking steals 🤑,,39.8K,388K,N/A
2026-07-25 21:53:12,ilcustodedeltempo,I 10 orologi più iconici della Televisione Italiana! 📺⌚Scopri con Il Custode Del Tempo quali capolavori di alta orologeria hanno conquistato i volti più noti del nostro piccolo schermo. ✨📩 Scrivici in DM per una quotazione o vieni a trovarci in boutique....🎥Gestione Social: @dtechstudios#orologi #watches #ilcustodedeltempo #terni,https://www.tiktok.com/@ilcustodedeltempo/video/7666021585240739094?is_from_webapp=1&sender_device=pc,N/A,182,4,5,FALSE,8,Probable Scam,"Keyword: 'watch', Keyword: 'dm'","Trade di orologi di lusso ⏱️
🧑🏻‍💼Consulenza esperta
Info in DM 📥
📌 Terni",,6894,82.7K,N/A
2026-07-25 21:57:18,netdepthoigian_777,"Alexander Ferros 5052 là mẫu đồng hồ mang thiết kế hiện đại kết hợp nét sang trọng cổ điển. Với dây demi cao cấp và mặt số tinh tế, sản phẩm phù hợp với nhiều phong cách thời trang, giúp người đeo tự tin thể hiện cá tính và gu thẩm mỹ của mình. #lucyluxe #dongho #watch #donghonam #alexanderferros",https://www.tiktok.com/@netdepthoigian_777/video/7633429926053661973?is_from_webapp=1&sender_device=pc,N/A,2903,23,119,FALSE,6,Suspicious,"Keyword: 'watch', Phone number in bio","ALEXANDER FERROS
For Work : 08322 71 777",https://www.tiktok.com/link/v2?aid=1988&lang=en&scene=bio_url&target=https%3A%2F%2Fwww.facebook.com%2Fshare%2F1EEnWmjCJa%2F%3Fmibextid%3DwwXIfr,8384,293.5K,N/A
2026-07-25 21:59:18,armstrongthomas5659,"Alexander Ferros 5052 là mẫu đồng hồ mang thiết kế hiện đại kết hợp nét sang trọng cổ điển. Với dây demi cao cấp và mặt số tinh tế, sản phẩm phù hợp với nhiều phong cách thời trang, giúp người đeo tự tin thể hiện cá tính và gu thẩm mỹ của mình. #lucyluxe #dongho #watch #donghonam #alexanderferros",https://www.tiktok.com/@armstrongthomas5659/video/7635134621788704014?is_from_webapp=1&sender_device=pc,"#lucyluxe, #dongho, #watch, #donghonam, #alexanderferros, #healingcrystals, #crystalhealing, #energy, #crystaltok, #manifestation",9517,5360,1342,FALSE,5,Suspicious,"Keyword: 'watch', Hashtag: '#watch'","Crystal Energy & Healing Jewelry
Elevate your vibe.
Shop now: dingxun.shop",,1547,46K,N/A
2026-07-25 22:01:18,voyagevibezs,The Ultimate Watch Collection! #watch #rolex #submariner #patek,https://www.tiktok.com/@voyagevibezs/video/7637641161695350048?is_from_webapp=1&sender_device=pc,"#watch, #rolex, #submariner, #patek",12.9K,167,156,FALSE,5,Probable Scam,"Keyword: 'rolex', Keyword: 'watch', Hashtag: '#watch'",No bio yet.,,15K,292.3K,N/A
2026-07-25 22:03:18,laicaicrystal,Make a wish with 11:11! Manifest with energy crystal bracelet #crystals #manifestation #amen🙏 #affirmations #crystaltok🔮,https://www.tiktok.com/@laicaicrystal/video/7659868709590240526?is_from_webapp=1&sender_device=pc,"#crystals, #manifestation, #amen🙏, #affirmations, #crystaltok🔮",1343,1000,222,FALSE,4,Suspicious,Keyword: '1:1',I love crystals,https://www.tiktok.com/link/v2?aid=1988&lang=en&scene=bio_url&target=https%3A%2F%2Flaicaicrystal.com,1986,83.5K,N/A
2026-07-25 22:05:18,lucywatches.official,#lucytimepieces #luxxury #watch #timpieces #luxurycollections,https://www.tiktok.com/@lucywatches.official/video/7644147691160603924?is_from_webapp=1&sender_device=pc,"#lucytimepieces, #luxxury, #watch, #timpieces, #luxurycollections",621,2,78,FALSE,12,Almost Certainly a Scam,"Keyword: 'luxury', Keyword: 'watch', Hashtag: '#watch', Hashtag: '#luxury'","🎥 Unbox ARMS with lucytimepieces !!!!
|| Original Content by LUCY Team
|| I love US - UK - EU - FR
📧
IG : @lucytimepieces_official✔️",https://www.tiktok.com/link/v2?aid=1988&lang=en&scene=bio_url&target=https%3A%2F%2Fwa.me%2Fmessage%2FEW5DL36SD4J7I1,20.6K,1M,N/A
2026-07-25 22:07:18,watcherr341,This is the stylish watch everyone's talking about!,https://www.tiktok.com/@watcherr341/video/7666048629773208845?is_from_webapp=1&sender_device=pc,N/A,36,3,2,TRUE,5,Probable Scam,Keyword: 'watch',No bio yet.,https://www.zessdw.shop?utm_source=tiktok&utm_id=1871582574090290&utm_campaign=zessdw&utm_medium=paid&ttclid=E_C_P_CtMBBsEHgcQQzN-VfS--yWa9s14Sq-COqjlh2MLSDeiR6Vf5Kzewti-1shNaWpx8nCEhe1pQDf9PSwcqidUNDIzD3SkhPbDhTCJKKtMbgckb-UZMRwvb0JtAmE5Ny2wC82OTIPFaLkeeiJ4M66_INBn5bpjYE-sm-9zTVjKzElemmc-MN-5e5r6KY8d0x9e_jNSPN3HiGpdtQ3538ds4ZwE7RrtkxmcHDlCs7BsgugCIHR_9cUiMSTP6OYq3RcC58m1RNh8OsmCH0tn9bLUYixYloiodehIEdjIuMA,37,433,N/A
2026-07-25 22:09:19,ilcustodedeltempo,Quali orologi scelgono i veri leader del business? 🤔⌚ Abbiamo stilato la CLASSIFICA dei 10 migliori orologi per imprenditori. Qual è il tuo preferito? Guarda il reel per scoprirli! 👇...🎥Gestione Social: @dtechstudios#orologi #watches #ilcustodedeltempo #terni,https://www.tiktok.com/@ilcustodedeltempo/video/7656757426661657878?is_from_webapp=1&sender_device=pc,N/A,1054,28,33,FALSE,4,Suspicious,Keyword: 'watch',"Trade di orologi di lusso ⏱️
🧑🏻‍💼Consulenza esperta
Info in DM 📥
📌 Terni",,6894,82.7K,N/A
2026-07-25 22:11:20,zarka_watch,#unboxing #pourtoi #reviews #watchoftheday #luxurylifestyle,https://www.tiktok.com/@zarka_watch/video/7658339780048080161?is_from_webapp=1&sender_device=pc,"#unboxing, #pourtoi, #reviews, #watchoftheday, #luxurylifestyle",5350,26,268,FALSE,9,Almost Certainly a Scam,"Keyword: 'luxury', Keyword: 'watch', Keyword: 'ws', Hashtag: '#watch', Hashtag: '#luxury', Hashtag: '#unboxing'",PM for details,,1178,18.9K,N/A
2026-07-25 22:13:20,hewson.kaur,“You don’t just wear this… you feel it.” #skeletonwatch #watchtok #luxurywatch #watchaddict #fyp,https://www.tiktok.com/@hewson.kaur/video/7650836609469779222?is_from_webapp=1&sender_device=pc,"#skeletonwatch, #watchtok, #luxurywatch, #watchaddict, #fyp",423,9,18,FALSE,20,Almost Certainly a Scam,"Keyword: 'luxury', Keyword: 'watch', Keyword: 'ws', Hashtag: '#watch', Hashtag: '#luxury'","⌚ Timeless watches, endless style.
👉 Shop & explore:→ whatsapp
Link:kernel.bio.link",https://www.tiktok.com/link/v2?aid=1988&lang=en&scene=bio_url&target=kernel.bio.link,987,33K,N/A
2026-07-25 22:15:21,chenmuze_fiveelements,If this bracelet found you.it’s a reminder to pause and find peace within #makeawish #1111 #manifestation #bodhi #bodhibeads,https://www.tiktok.com/@chenmuze_fiveelements/video/7648893627329957140?is_from_webapp=1&sender_device=pc,"#makeawish, #1111, #manifestation, #bodhi, #bodhibeads",4767,2536,496,FALSE,0,Clean,N/A,"Stars eternal blessings for all beings.
A gift from the Eastern constellation A wearable gift from the stars.",,1404,43.1K,N/A
2026-07-25 22:15:44,nicovanderhorst,The best watch to pull with… #watches #Luxury #fyp,https://www.tiktok.com/@nicovanderhorst/video/7643773288644234518?is_from_webapp=1&sender_device=pc,"#watches, #Luxury, #fyp",18.4K,126,291,FALSE,13,Almost Certainly a Scam,"Keyword: 'luxury', Keyword: 'watch', Hashtag: '#watch', Hashtag: '#watches', Hashtag: '#luxury'","That Watch Guy from YouTube⌚️

Socialmedia@prideandpinion.com",https://www.tiktok.com/link/v2?aid=1988&lang=en&scene=bio_url&target=https%3A%2F%2Flinktr.ee%2Fnicoleonard,1.4M,35.8M,N/A
2026-07-25 22:17:44,pagepilotai,start AI dropshipping for free,https://www.tiktok.com/@pagepilotai/video/7639757146808225046?is_from_webapp=1&sender_device=pc,N/A,1504,23,27,TRUE,0,Clean,N/A,it's called pagepilot,https://pagepilot.ai/?utm_source=tiktok&utm_medium=paid&utm_content=Batch%2038%20%28UGC_K%29&utm_campaign=PagePilot%20TikTok%20%5BNew%20Page%5D&utm_id=1861358149157249&ttclid=E_C_P_CtMBKeXhncMCy6ldbKey-c0wacUiH9l8bQzUmgucG6jkNwO49yFfXGi81rLj6RFu34fJL8HPBVsn1Zm7L-cJ4besmizr52Civf_5j20NqSnp_OHK4FS-kAPq7NJ_L3c8NVcVKDr2LxUNMMAVG5nvmtcbI85owh3gKBQ84bniO86i06wB-VEdkGQAsN7Qo_NHuWyenVjQbpSVwDqV9ZDkuvq1pV9_Mcrbd_N1zC0gBmYtjhfzTlOatnLUx6VgOH9yJ5gUcCWLtgbwdLa6MZJpStmRaWxq3BIEdjIuMA,1944,34.8K,N/A
2026-07-25 22:18:05,radwatchman,"If I saw someone wearing any of these watches, I might actually open my mouth and make us both feel awkward. | #watchtok #watches #list #aquaterra #timex | @Ben's Watches",https://www.tiktok.com/@radwatchman/video/7657683924662914318?is_from_webapp=1&sender_device=pc,N/A,3330,60,33,FALSE,4,Suspicious,Keyword: 'watch',"WATCHES & ADHD
| inquiries: rad@radwatchman.com |
@radwatchman on all platforms.",,48.8K,3.2M,N/A
2026-07-25 22:20:05,orologiaus,"If I saw someone wearing any of these watches, I might actually open my mouth and make us both feel awkward. | #watchtok #watches #list #aquaterra #timex | @Ben's Watches",https://www.tiktok.com/@orologiaus/video/7640489464464297238?is_from_webapp=1&sender_device=pc,"#watchtok, #watches, #list, #aquaterra, #timex",7330,44,114,FALSE,6,Probable Scam,"Keyword: 'watch', Hashtag: '#watch', Hashtag: '#watches'","Curiamo il Tuo Orologio, Dentro e Fuori.",https://www.tiktok.com/link/v2?aid=1988&lang=en&scene=bio_url&target=https%3A%2F%2Fwww.orologiaus.com%2Fform_riparazione_orologi,40.1K,667.2K,N/A
2026-07-25 22:22:05,royalticks0,"""Own the prestige, skip the premium.""—free shipping & 60-Day Free Returns!",https://www.tiktok.com/@royalticks0/video/7662315146064203022?is_from_webapp=1&sender_device=pc,N/A,25,0,2,TRUE,5,Suspicious,N/A,No bio yet.,https://order.werico.it.com/?utm_source=tiktok&utm_id=1870681933696418&utm_campaign=WM-2&utm_medium=paid&ttclid=E_C_P_CtMBy6ZLkrF-WtNJH3Me87pyKyJZpNJocinC4J0YAmHYPEyrC8Q-JPE80m8b00-xOoqcpZkvjI8H6qsZpIR6yvrFN4N8Hi4MXa5uJGW03UQU2BUYniWrfzD-ZFEkoZTvzXy8MrfH-lqA6n59kmAq3Z38uRCJcPibktIhxpoob9uNWmhriglZlwvV9PYVsJAREzDHSHB5ngKOH70AWHCWut6SnInOiwfEx0XEYBef4QyzG3IxyGgdljne_5Vf-shTaTRCwyE9iW2vcm_E-wo026hfyiEPlxIEdjIuMA,380,3084,N/A
2026-07-25 22:24:06,artlovers277,Where you should wear your watch | #watches #nicoleonard,https://www.tiktok.com/@artlovers277/video/7640966845150858518?is_from_webapp=1&sender_device=pc,"#watches, #nicoleonard",12.2K,167,436,FALSE,10,Probable Scam,"Keyword: 'watch', Hashtag: '#watch', Hashtag: '#watches'","Follow For Daily Watch Videos ⏱

How I Make 15k A Month Off TikTok ↙️",https://www.tiktok.com/link/v2?aid=1988&lang=en&scene=bio_url&target=Discord.gg%2FSkXYYWjmRD,1953,27K,N/A
2026-07-25 22:26:06,mrkkluxury.co,new model 2026 #mrkkluxury,https://www.tiktok.com/@mrkkluxury.co/video/7650516656745155858?is_from_webapp=1&sender_device=pc,#mrkkluxury,3199,18,213,FALSE,8,Suspicious,Keyword: 'luxury',"We are the ones who bring you the most beautiful watches on the market
I belong to the LUCY TEAM system, and I am happy to collaborate with you.",https://www.tiktok.com/link/v2?aid=1988&lang=en&scene=bio_url&target=https%3A%2F%2Fwa.me%2Fmessage%2FQYPHEV7WDCHKJ1%3Fsrc%3Dqr,14.3K,799.6K,N/A
2026-07-25 22:28:07,trendtrack_io,Your competitors are already using Trendtrack,https://www.tiktok.com/@trendtrack_io/video/7665406885251747093?is_from_webapp=1&sender_device=pc,N/A,4,0,Share,TRUE,3,Suspicious,N/A,No bio yet.,https://go.trendtrack.io/mcpapius?ttclid=E_C_P_CtMBTjTHMS4UQIKsqW3lshW0dTQbZsAiF2bGvbGBUk-4idm_qNoWLXCYO3tbV-6dX1wJCigReMO0yKGk64CJqiVcpjnjAkik6k_IcTm1a3WarIvyTdKg-nDc5PBqoqN57BACBKw1SEHE4kBN520g0YBi8bn_stgV5CdHq3SbCYKodZbiePWALuSjmIl9o7yLXuMlN-hL0pHjHvKUsW2_mxsDXm3XPBJvEn-C_p8QOqRTkb5NOTNHIBF_hMYzCfPU1un0iljK4Yh8qGDeqhVaawugPRNHYhIEdjIuMA,22,151,N/A
2026-07-25 22:28:27,glowtotheworld8,Stay calm.Watch closely.Fix it right. #FixItChallenge #PerfectTiming #PauseAndFix #SkillChallenge #creatorsearchinsights,https://www.tiktok.com/@glowtotheworld8/video/7647315655540182292?is_from_webapp=1&sender_device=pc,"#FixItChallenge, #PerfectTiming, #PauseAndFix, #SkillChallenge, #creatorsearchinsights",3295,104,182,FALSE,2,Suspicious,Keyword: 'watch',Uncomplicating the world's best Ideas ||creative test || FixitChallenge || Ceo Science Array,,25.9K,256.3K,N/A
2026-07-25 22:28:47,lucytimepieces.comm,The weather changes so unpredictably… I feel like I might have done something wrong @@ #timepieces #watches #luxury #luxurywatch,https://www.tiktok.com/@lucytimepieces.comm/video/7646055579575815442?is_from_webapp=1&sender_device=pc,"#timepieces, #watches, #luxury, #luxurywatch",4609,30,136,FALSE,11,Almost Certainly a Scam,"Keyword: 'luxury', Keyword: 'watch', Hashtag: '#watch', Hashtag: '#watches', Hashtag: '#luxury'","Watchess Details
Things most people miss
🌐 inf.o us",https://www.tiktok.com/link/v2?aid=1988&lang=en&scene=bio_url&target=http%3A%2F%2Flucytimepieces.com%2Fcollections,69.9K,2.1M,N/A
2026-07-25 22:50:57,nicovanderhorst,What’s the best Rolex to impress people? #watches #fyp #Luxury,https://www.tiktok.com/@nicovanderhorst/video/7649023625177206038?is_from_webapp=1&sender_device=pc,"#watches, #fyp, #Luxury",2962,45,12,FALSE,15,Almost Certainly a Scam,"Keyword: 'luxury', Keyword: 'rolex', Keyword: 'watch', Hashtag: '#watch', Hashtag: '#watches', Hashtag: '#luxury'","That Watch Guy from YouTube⌚️

Socialmedia@prideandpinion.com",https://www.tiktok.com/link/v2?aid=1988&lang=en&scene=bio_url&target=https%3A%2F%2Flinktr.ee%2Fnicoleonard,1.4M,35.8M,N/A
2026-07-25 22:52:59,orientalcrystal2,11:11 ✨You don’t have to choose…between success and love.💛 Citrine reminds you to grow.💗 Rose Quartz reminds you to be gentle with yourself.The most beautiful life has room for both. #orientalcrystal #happiness #wealth #selflove #health,https://www.tiktok.com/@orientalcrystal2/video/7660348870416764174?is_from_webapp=1&sender_device=pc,N/A,2774,1323,446,FALSE,6,Suspicious,Keyword: '1:1',"✨ Premium crystals for wealth, health & happiness
🔮 Handpicked healing stones
🌿 Elevate your energy | Shop below ⬇️",https://www.tiktok.com/link/v2?aid=1988&lang=en&scene=bio_url&target=https%3A%2F%2Forientalcrystal.com,2369,119.9K,N/A
2026-07-25 22:55:08,lucywatches.official,"Simple at first glance, extraordinary every time you wear it. #lucytimepieces #luxurycollections #collections #watches #timpieces",https://www.tiktok.com/@lucywatches.official/video/7663443086781025557?is_from_webapp=1&sender_device=pc,"#lucytimepieces, #luxurycollections, #collections",839,6,45,FALSE,11,Almost Certainly a Scam,"Keyword: 'luxury', Keyword: 'watch', Hashtag: '#luxury'","🎥 Unbox ARMS with lucytimepieces !!!!
|| Original Content by LUCY Team
|| I love US - UK - EU - FR
📧
IG : @lucytimepieces_official✔️",https://www.tiktok.com/link/v2?aid=1988&lang=en&scene=bio_url&target=https%3A%2F%2Fwa.me%2Fmessage%2FEW5DL36SD4J7I1,20.6K,1M,N/A
2026-07-25 22:57:10,laicaicrystal,Make a with with energy crystal bracelet! Handmade unique design! 11:11! Good luck 🍀 #crystals #manifestation #crystaltok🔮 #affirmations #amen🙏,https://www.tiktok.com/@laicaicrystal/video/7649024404940262669?is_from_webapp=1&sender_device=pc,"#lucytimepieces, #luxurycollections, #collections, #watches, #timpieces, #crystals, #manifestation, #crystaltok🔮, #affirmations, #amen🙏",587,490,146,FALSE,10,Almost Certainly a Scam,"Keyword: 'dm', Keyword: '1:1', Hashtag: '#watch', Hashtag: '#watches', Hashtag: '#luxury'",I love crystals,https://www.tiktok.com/link/v2?aid=1988&lang=en&scene=bio_url&target=https%3A%2F%2Flaicaicrystal.com,1986,83.5K,N/A
2026-07-25 22:59:10,softwarewithnick,"Grok 4.5 vs Opus 4.8 🤔 Want to try it out yourself with 50% off a cursor pro plan? All you need to do is check the link in my bio ✅ Grok 4.5 is supposed to be a fast AND powerful model, but how does it stack up against other front-runners? Having a fast/cheap model is one thing, but @Cursor newest model gives you the best of both worlds by not only working fast and cheap, but also producing high quality work! #cursor #cursorpartner #tech #coding #ai",,N/A,47.7K,,,TRUE,10,Almost Certainly a Scam,"Keyword: 'quality', Keyword: 'quality', Keyword: 'link'","Data Scientist 📊
Software Developer 💻
Learn analytics in 90d or money back 👇",https://cursor.com/grok-4-5?utm_source=tiktok_paid&utm_medium=paid&utm_campaign=%5BPurchase%5D_Prospecting_Evergreen_Max-Conversions%20-%20%5BCore%20T1%5D%20-%20%5BGrok%204.5%5D&utm_content=Grok%204.5%20vs%20Opus%204.8%20%F0%9F%A4%94%20Want%20to%20try%20it%20out%20yourself%20with%2050%25%20off%20a%20cursor%20pro%20plan%3F%20All%20you%20need%20to%20do%20is%20check%20the%20link%20in%20my%20bio%20%E2%9C%85%20Grok%204.5%20is%20supposed%20to%20be%20a%20fast%20AND%20powerful%20model%2C%20but%20how%20does%20it%20stack%20up%20against%20other%20front-runners%3F%20Having%20a%20fast%2Fcheap%20model%20is%20one%20thing%2C%20but%20%40Cursor%20newest%20model%20gives%20you%20the%20best%20of%20both%20worlds%20by%20not%20only%20working%20fast%20and%20cheap%2C%20but%20also%20producing%20high%20quality%20work%21%20%23cursor%20%23cursorpartner%20%23tech%20%23coding%20%23ai_%5B258%5D%20-%20UGC%20-%20Partnership%20-%20Nick%20Amato%20-%20Opus%204.8%20vs%20Gro&cc_adgroupid=1871265274097841&cc_adid=1871265317428418&utm_id=1871265131709585&cc_term=Purchase_Prospecting_Consolidated_US%7CCA%7CUK&ttclid=E_C_P_CtQBFk9eCT93DQDjnU4TL1AbuFuEhZBSUlxtvUfcVBfxjtYpCwAn2BCvcYhrmmn9anF_yIarDicD9Dl4l0qMBWtdx2Z_3nONxmObPoUG5ey7tYtAv5OHS3-r5P_XV6soQ9EfxnBFYwI_DW-R0yohy72Y6laLbG8JbbPMi72t_IROOD18nvQsTkTPlCeqv13a0A-B_LckhZnFImf9_f-hAm22jvvaRAecoSN4lIVu6iJwcYuPED6IiuvIdKM34uhAQeQuWXcChyLf02I5EclAxt_aYsustr8SBHYyLjA,41.4K,770.1K,N/A
2026-07-25 23:01:10,watcheswhiskety,"He can't pronounce Venezianico to save his life but claims it's the best complicated watch under €1200. Bold claim, lowkey correct. #WatchTok #Venezianico #BudgetLuxury #WatchCollector",https://www.tiktok.com/@watcheswhiskety/video/7655842906217008397?is_from_webapp=1&sender_device=pc,"#cursor, #cursorpartner, #tech, #coding, #ai",614,12,38,FALSE,8,Probable Scam,"Keyword: 'luxury', Keyword: 'watch'","For the ones who appreciate time & taste.

Your daily pour of watches, whiskey & style.",,771,7394,N/A
2026-07-25 23:03:10,desertdance01,"He can't pronounce Venezianico to save his life but claims it's the best complicated watch under €1200. Bold claim, lowkey correct. #WatchTok #Venezianico #BudgetLuxury #WatchCollector",https://www.tiktok.com/@desertdance01/video/7636337782264270102?is_from_webapp=1&sender_device=pc,"#WatchTok, #Venezianico, #BudgetLuxury, #WatchCollector, #rich, #successtok, #elonmusk, #nicoleonard, #motivation",5279,40,59,FALSE,5,Probable Scam,"Keyword: 'luxury', Keyword: 'watch', Hashtag: '#watch'",No bio yet :),,11.6K,116.2K,N/A
2026-07-25 23:05:10,lucytimepieces.comm,"Real "" James Bond 007 "" || New Ver 2026 Full Titanium by Lucy Picks.... #timepieces #lucytimepieces #watches #luxury #luxurywatch",https://www.tiktok.com/@lucytimepieces.comm/video/7641603473116548359?is_from_webapp=1&sender_device=pc,"#timepieces, #lucytimepieces, #watches, #luxury, #luxurywatch",3405,15,282,FALSE,11,Almost Certainly a Scam,"Keyword: 'luxury', Keyword: 'watch', Hashtag: '#watch', Hashtag: '#watches', Hashtag: '#luxury'","Watchess Details
Things most people miss
🌐 inf.o us",https://www.tiktok.com/link/v2?aid=1988&lang=en&scene=bio_url&target=http%3A%2F%2Flucytimepieces.com%2Fcollections,69.9K,2.1M,N/A
2026-07-25 23:07:12,lucytimepieces.comm,Datejust 41mm Blue. #lucytimepieces #luxurywatches #luxury #watch #foryou,https://www.tiktok.com/@lucytimepieces.comm/video/7630837755152534802?is_from_webapp=1&sender_device=pc,"#lucytimepieces, #luxurywatches, #luxury, #watch, #foryou",7754,57,878,FALSE,10,Probable Scam,"Keyword: 'luxury', Keyword: 'watch', Hashtag: '#watch', Hashtag: '#luxury'","Watchess Details
Things most people miss
🌐 inf.o us",https://www.tiktok.com/link/v2?aid=1988&lang=en&scene=bio_url&target=http%3A%2F%2Flucytimepieces.com%2Fcollections,69.9K,2.1M,N/A
2026-07-25 23:09:12,swanandedgar,The Diplomat,https://www.tiktok.com/@swanandedgar/video/7653037840749677846?is_from_webapp=1&sender_device=pc,N/A,243,2,4,TRUE,5,Suspicious,N/A,"Timeless British Elegance
#swanandedgar",https://swanandedgar.com/products/diplomat-silver?tw_source=tiktok&tw_adid=1868411897300081&utm_source=tiktok&utm_id=1868411849252113&utm_campaign=MBM%20%7C%20Diplomat%20%7C%20UK%20USA&utm_medium=cpc&utm_content=__ADID_V2_NAME__&ttclid=E_C_P_CtIBZkrMGC7oZrgSuH0Yt6F0bG1C7iGWuEb1pxuKcJ5C0q_Xe4MPoZVYs6nYlLGFJLyNwkJzvpaCVygXr8ReyCsjyq9plyER_OePyKFG6QYLwu5msxG9MFjHN54VvErJu9yQdIg3m3K0WyopxLtWZJYcO1R7V13yXgNiWl03PCFHP0yLTHRm180PZHHB-xrN2V3CaEgH8x1IY_e5N4H-iycrcKBJUvEfeJAZ6JMlUaEyJm4r_ouo0Q62sMfBcCp8gz4IHmY4yIF3iroRrtAY9WnKCrbhEgR2Mi4w,2336,8899,N/A
2026-07-25 23:11:13,carlino_orologiaio,Il vostro preferito ❤️,https://www.tiktok.com/@carlino_orologiaio/video/7633717829547658528?is_from_webapp=1&sender_device=pc,N/A,2495,27,199,FALSE,2,Clean,N/A,"⌚️Compravendita di Orologi di Pregio
🪙Metalli preziosi, revisioni, laboratori",https://www.tiktok.com/link/v2?aid=1988&lang=en&scene=bio_url&target=https%3A%2F%2Fwww.lamoledoro.it,56.5K,558.8K,N/A
2026-07-25 23:11:33,luxurysouq.official,What’s your #1 watch brand of all time? 😁 #luxurysouq,https://www.tiktok.com/@luxurysouq.official/video/7661642674025286930?is_from_webapp=1&sender_device=pc,"#1, #luxurysouq",4392,157,134,FALSE,11,Probable Scam,"Keyword: 'luxury', Keyword: 'watch', Hashtag: '#luxury'","""Don't Dream it, Wear It""
Biggest Luxury Watch Dealer",https://www.tiktok.com/link/v2?aid=1988&lang=en&scene=bio_url&target=https%3A%2F%2Fluxurysouq.com%2F%3Fgad_source%3D1%26gclid%3DCj0KCQjwvpy5BhDTARIsAHSilynsEKLJCIU3tVE0s_Wfi4j_7YSq47FBBUnmwdQlfdOwtgiiVwhEjHcaApIxEALw_wcB,902.5K,22.1M,N/A
2026-07-25 23:13:33,aperturecomms,Restaurants pay agencies £1k-£3k/mo. Learn how to land your first client.,https://www.tiktok.com/@aperturecomms/video/7665180189789277462?is_from_webapp=1&sender_device=pc,N/A,212,1,7,TRUE,4,Suspicious,N/A,"Hospitality, food and drink marketing specialists.",https://signups.10krms.com/?utm_source=tiktok&utm_id=1871315151726929&utm_campaign=Sales%20-%20Webinar%20-%20Purchase%20-%2021%20July%202026&utm_medium=paid&ttclid=E_C_P_CtMBkQzhUoUlTiOBA_7w_YCBRSspXu651b-tUZNT1ymiEdNNoM0DViejHvbUqNZJKFn_Z9AbAq2OKLW1s_ZcVoDSIZChgPNOVRB_tMxVNgcYlLREuO4yD6raCNPcFhvZqSk0-vB-6VF7ujutbyXOxXg-uf5rMwP1tX1H25s9TyrjW3hFSgbPqqMXgs4pw9VWp6O_nJzavBHT8z-kef5k3dzDL76bUC4TJH3Dz3HpuncryeFDFC9TE7b15QMr9nDERl8XrLtJzZ_Z2h71iupW0HosdqpLnRIEdjIuMA,1122,78K,N/A
2026-07-25 23:15:33,nicos_reactions,James Bond’s Watches Are So Unique… #watches #collection #jamesbond #movie #reacts,https://www.tiktok.com/@nicos_reactions/video/7633888215115533590?is_from_webapp=1&sender_device=pc,"#watches, #collection, #jamesbond, #movie, #reacts",14K,22,67,FALSE,8,Probable Scam,"Keyword: 'watch', Hashtag: '#watch', Hashtag: '#watches'","Anything and Everything About Watches
More Content Here 👇",https://www.tiktok.com/link/v2?aid=1988&lang=en&scene=bio_url&target=https%3A%2F%2Fwww.facebook.com%2Fshare%2F1AWVTDoCp2%2F%3Fmibextid%3DwwXIfr,146.9K,4M,N/A
2026-07-25 23:36:37,houseoftime.uk,Would you buy a Royal Oak? I love this colour,https://www.tiktok.com/@houseoftime.uk/video/7645343417345527043?is_from_webapp=1&sender_device=pc,N/A,10.9K,67,523,FALSE,4,Suspicious,Keyword: 'buy',"Uk based watch trader
Instagram @houseoftimeuk",,4866,490.2K,N/A
2026-07-26 0:17:07,lucytimepieces.comm,New update - The Bigbang Unico Titaniuma hyper-fit..... #luxury #lucytimepieces #luxurywatches #watch #watches,https://www.tiktok.com/@lucytimepieces.comm/video/7650505354786229522?is_from_webapp=1&sender_device=pc,"#luxury, #lucytimepieces, #luxurywatches, #watch, #watches",42.8K,217,2175,FALSE,11,Almost Certainly a Scam,"Keyword: 'luxury', Keyword: 'watch', Hashtag: '#watch', Hashtag: '#watches', Hashtag: '#luxury'","Watchess Details
Things most people miss
🌐 inf.o us",https://www.tiktok.com/link/v2?aid=1988&lang=en&scene=bio_url&target=http%3A%2F%2Flucytimepieces.com%2Fcollections,69.9K,2.1M,N/A
2026-07-26 0:19:08,orientalcrystal2,"11:11 ✨This is for the people who have been feeling emotionally drained.The ones who keep showing up,even when they’re tired.The ones who smile for everyone else,but forget to take care of themselves.☀️ Sunstone is often associated with:✨ joy✨ confidence✨ optimism✨ positive energyA gentle reminder that…you don’t have to wait for someone else to bring light into your life.Sometimes,you become your own sunshine.✨ Find your energy at OrientalCrystal. #orientalcrystal #happiness #wealth #selflove #health",https://www.tiktok.com/@orientalcrystal2/video/7661264146268261646?is_from_webapp=1&sender_device=pc,N/A,4129,2038,601,FALSE,6,Suspicious,Keyword: '1:1',"✨ Premium crystals for wealth, health & happiness
🔮 Handpicked healing stones
🌿 Elevate your energy | Shop below ⬇️",https://www.tiktok.com/link/v2?aid=1988&lang=en&scene=bio_url&target=https%3A%2F%2Forientalcrystal.com,2369,120K,N/A
2026-07-26 0:21:08,daoyuanlustre,"The Healing Power of Crystals: Achieve Peace and CalmCrystals have been used for centuries for their healing properties and ability to promote peace and calm in our lives. With their unique energy vibrations, they can help balance our emotional and spiritual well-being. This article explores the different ways crystals can aid in healing and energy protection, making them essential tools for spiritual growth.**Understanding the Healing Power of Crystals**Crystals such as amethyst, rose quartz, and clear quartz are known for their specific healing benefits. Amethyst is often associated with calming energy, making it ideal for reducing stress and fostering tranquility. Rose quartz, on the other hand, is famous for promoting love and emotional healing. Clear quartz amplifies energy, making it a versatile crystal for various healing practices.**Energy Protection with Crystals**In addition to healing, many individuals use crystals for energy protection. Black tourmaline and obsidian are popular choices for shielding against negative energy. Carrying or wearing these stones can create a protective barrier, promoting a feeling of safety and security in one’s environment.**Lucky Crystals**Certain crystals are deemed ""lucky"" due to their reputed ability to attract positive energy and opportunities. Citrine, for example, is often referred to as a stone of abundance, believed to manifest wealth and prosperity. Integrating lucky crystals into your daily routine can enhance your chances of success and happiness.**Spiritual Jewelry**Crystals can also be transformed into beautiful pieces of jewelry, combining aesthetics with functionality. Spiritual jewelry not only serves as a fashion statement but also acts as a constant reminder of the positive energies and healing properties associated with specific stones. Wearing crystal bracelets or necklaces allows individuals to carry the soothing energy of crystals wherever they go.In conclusion, incorporating crystals into your life can pave the way for healing, protection, and an overall sense of peace. Whether through meditation, wearing spiritual jewelry, or simply keeping crystals in your living space, these powerful stones can profoundly impact your emotional and spiritual health. Embrace the healing journey with crystals and experience the calmness they can bring to your life.Keywords: healing powers of crystals, energy protection with crystals, lucky crystals for wellness, spiritual jewelry benefits, calmness through crystal healing, best healing crystals, using crystals for peace, crystal healing techniques, energy protection stones, benefits of spiritual jewelryClick https://www.daoyuanstore.com/ to pick your exclusive lucky crystals #peace #calm #healing #CrystalHealing #EnergyProtection #LuckyCrystals #HealingCrystal #SpiritualJewelry #fyp #GoodVibes #CrystalBlessing #CrystalEnergy #lucky #healingcrystal #daoyuanstore",https://www.tiktok.com/@daoyuanlustre/video/7661912244174851358?is_from_webapp=1&sender_device=pc,"#orientalcrystal, #happiness, #wealth, #selflove, #health",232,270,108,FALSE,9,Almost Certainly a Scam,"Keyword: 'fashion', Keyword: 'click', Keyword: 'ws'","refined details & timeless glow ✨
shop ➡️ https://daoyuanstore.com/",,689,8843,N/A
2026-07-28 21:27:49,laicaicrystal,Manifest your desires with energy crystal bracelet! 11:11 it works! #crystals #affirmations #manifestation #amen🙏 #crystaltok🔮,https://www.tiktok.com/@laicaicrystal/video/7645678958910000397?is_from_webapp=1&sender_device=pc,"#crystals, #affirmations, #manifestation, #amen🙏, #crystaltok🔮",324,240,74,FALSE,5,Suspicious,Keyword: '1:1',I love crystals,https://www.tiktok.com/link/v2?aid=1988&lang=en&scene=bio_url&target=https%3A%2F%2Flaicaicrystal.com,2000,84.3K,N/A
2026-07-28 21:28:11,werger.foiles,"Omega Seamaster Diver 300M ""Black Black"" Reference: 210.92.44.20.01.003 Crafted entirely in black ceramic, from the case to the bezel, this watch delivers a clean, stealthy look. The laser-engraved wave-pattern dial reveals subtle depth under changing light, while the blackened hands and markers complete its modern, tactical aesthetic. With 300 meters of water resistance, it combines professional dive-watch capability with everyday luxury. #luxurywatch #timepiece #luxurylifestyle #unbox #fyp",https://www.tiktok.com/@werger.foiles/video/7656386527328488737?is_from_webapp=1&sender_device=pc,N/A,26.2K,77,1050,FALSE,14,Probable Scam,"Keyword: 'luxury', Keyword: 'watch', Phone number in description","Which watch fits your vibe? ⌚
👇 Tap to see more: WhatsApp
Link: kernel.bio.link",https://www.tiktok.com/link/v2?aid=1988&lang=en&scene=bio_url&target=Kernel.bio.link,4868,227.1K,N/A
2026-07-28 21:30:14,nicovanderhorst,Some attention grabbing watches #watches #Luxury #fyp,https://www.tiktok.com/@nicovanderhorst/video/7646375398334270742?is_from_webapp=1&sender_device=pc,"#watches, #Luxury, #fyp",125.7K,119,695,FALSE,13,Almost Certainly a Scam,"Keyword: 'luxury', Keyword: 'watch', Hashtag: '#watch', Hashtag: '#watches', Hashtag: '#luxury'","That Watch Guy from YouTube⌚️

Socialmedia@prideandpinion.com",https://www.tiktok.com/link/v2?aid=1988&lang=en&scene=bio_url&target=https%3A%2F%2Flinktr.ee%2Fnicoleonard,1.4M,35.9M,N/A
2026-07-28 21:32:47,werger.foiles,“Skeleton design. Pure mechanical art.” #watchtok #luxurywatch #timepiece #luxurylifestyle #fyp,https://www.tiktok.com/@werger.foiles/video/7651210711980313878?is_from_webapp=1&sender_device=pc,"#watchtok, #luxurywatch, #timepiece, #luxurylifestyle, #fyp",591,4,28,FALSE,16,Almost Certainly a Scam,"Keyword: 'luxury', Keyword: 'watch', Hashtag: '#watch', Hashtag: '#luxury'","Which watch fits your vibe? ⌚
👇 Tap to see more: WhatsApp
Link: kernel.bio.link",https://www.tiktok.com/link/v2?aid=1988&lang=en&scene=bio_url&target=Kernel.bio.link,4868,227.1K,N/A
2026-07-28 21:34:57,user5149373502829,Elite Lavish Men’s Timepiece New Arrival Special,https://www.tiktok.com/@user5149373502829/video/7662331092438977812?is_from_webapp=1&sender_device=pc,N/A,273,9,19,TRUE,4,Suspicious,N/A,No bio yet.,https://xmgtri.com?utm_source=tiktok&utm_id=1870683363677618&utm_campaign=xmgtri%20&utm_medium=paid&ttclid=E_C_P_CtMBrnPOvpVBRNo6MJCGkf52NRkgg2joUBHRqeaEJkkTeKj-hGxg-PxnkrqJghaV92srT893mOJnvUYnk5nymouCx6APE6ZcZb3RJ-fCnvWGEGMhcqNDSBjdLxxvaFo5q4krlS7-XSAr5Yyf3-ISDmce2vGw-7crTOUvCKXlWTSp8ece_ycnTtMv4PaoMUhYRx96T2Sk_LQGxYJ1mNN_tLmUd6kR58UBCQ2R7T3H2AkYBm1OGPnMu0ZL4D1x1dRx4VPKDviHeLUeTGyE0mjHooQdXy75oxIEdjIuMA,641,10.2K,N/A
2026-07-28 21:35:23,respect4014,#respect #respectvideo,https://www.tiktok.com/@respect4014/video/7646070896397995296?is_from_webapp=1&sender_device=pc,"#respect, #respectvideo",63.5K,215,320,FALSE,0,Clean,N/A,"""Faith in humanity: restored, one video at a time 💝💝""


Follow for more 🙇",,39.6K,571.2K,N/A
2026-07-28 21:35:50,tempuslord,🎤 You think you know Rolex nicknames? Try this under pressure…#tempuslord #rolexnicknames #watchtok #hattonwatchdealer #luxurywatches,https://www.tiktok.com/@tempuslord/video/7646485864075267350?is_from_webapp=1&sender_device=pc,N/A,5154,15,24,FALSE,10,Probable Scam,"Keyword: 'luxury', Keyword: 'rolex', Keyword: 'watch'",Actual Watch Dealer | Finance Options Available | FCA Regulated | Hatton Garden Finest 😎 | ONLY OFFICIAL ACCOUNT Co-Owner @Tempus&Grey,https://www.tiktok.com/link/v2?aid=1988&lang=en&scene=bio_url&target=tempuslord.com,6735,321.4K,N/A
2026-07-28 21:37:57,.dunoir,SS26 Drop Now Live. Do not miss out.,https://www.tiktok.com/@.dunoir/video/7667725124287728918?is_from_webapp=1&sender_device=pc,N/A,1,0,Share,TRUE,5,Suspicious,N/A,Refined essence. Honest luxury.,https://dunoir.co.uk/pages/build-your-stack?utm_source=tiktok&utm_id=1865631545583826&utm_campaign=Lead%20generation20260519083733&utm_medium=paid&tt_campaignid=1865631545583826&ttclid=E_C_P_CtIB3FZ6WlRsf4WX5QWLRLVVCIXap0SsbXmEsHDixO_YEpFK0VQ2hUkGThZnCNfR9xO74m-MY3d9yLtsclDzmLQ5X1UY8s8AI2XJn4Nvd6s9-dCtm7v-8vn-rKSRuvPGzCDf5iFZ9SmzxQ2f_B2SMAsJR-h6t7zFQLQNdh5ECwFYN7f33NhH2289DubUxf51lbDgfqZY-VHNkTD9vQXZvIPUX3JUcdNZixrtOGkab1oo1US-wcbhYE8Xj5oWQzFjD0UyNaYFx0S6dNyg5SzQ5ClbEBkPEgR2Mi4w,310,1062,N/A
2026-07-28 21:38:24,samikindness,Most Expensive Cappuccino at Prada Café @norejectionguy #socialexperiment #exensive #pov #prada #expensive,https://www.tiktok.com/@samikindness/video/7648368422060821782?is_from_webapp=1&sender_device=pc,"#socialexperiment, #exensive, #pov, #prada, #expensive",10.1K,73,267,FALSE,4,Clean,N/A,"🇬🇧 | 🇪🇺
featured on @The Business of Fashion
next goal → is 215K followers 🎯
LetsWorkSami@gmail.com",https://www.tiktok.com/link/v2?aid=1988&lang=en&scene=bio_url&target=https%3A%2F%2Fyoutube.com%2F%40samikindness,213.8K,13.8M,N/A
2026-07-28 21:38:50,ed.watch,"Le mie preferenze tra orologi e tutto il resto 👀E voi, cosa avreste scelto al mio posto? #orologi #watch #preferiresti #ironico #perte",https://www.tiktok.com/@ed.watch/video/7660092649189281057?is_from_webapp=1&sender_device=pc,"#prada, #expensive, #orologi, #watch, #preferiresti, #ironico, #perte",530,5,10,FALSE,7,Probable Scam,"Keyword: 'watch', Hashtag: '#watch'","Compravendita orologi di lusso ⌚️
Parma - Via Alfredo Veroni 37
53K su IG 🚀 @ed__watch",,1087,32.7K,N/A
2026-07-28 21:40:56,sailyworld,"Every time someone uses your code to get their first Saily eSIM plan, we pay straight into your pot.",https://www.tiktok.com/@sailyworld/video/7657465059995700502?is_from_webapp=1&sender_device=pc,N/A,4843,208,184,TRUE,2,Clean,N/A,The Saily eSIM service – affordable mobile data for every journey!,https://saily.com/creators-program/?utm_source=tiktok&utm_id=1869496145896562&utm_campaign=TT%20%7C%7C%20web%20leads%20%7C%7C%20smart%2B%20%7C%7C%20SAILY%20%7C%7C%20WW%20%7C%7C%20Creator%20Program%20%7C%7C%200107&utm_medium=paid&ttclid=E_C_P_CtMBrJZel8i3k1Bgb-49Ps4CTmZWtHipC4olTKpM3UisamKfkO58y14_B85RWiuRJ3DKUadZlDxZ-yOhrkV7r1C2K5IPzVK4WKJ8ff4eMX98MJdoGb7riVTgKuh3HChs-w3Fhrq4QjCqxKO8MgcQsVHIoJddL9iyN9x4o7mEGhiUTUq5Cr_1eQJudEwmPuZVQle-e8d5n6wMehgrB7A9L_jDZ0EX9LFif78TBZLAllS62qr5k3GfyUXvSpg7VoLCGe4XF7PSCnLr1uSsX1gp4mooH2Ij-RIEdjIuMA,123.5K,5.5M,N/A
2026-07-28 21:41:23,norejectionguy,How to make your suit look better #socialexperiment #social #luxury #bespoke #suit,https://www.tiktok.com/@norejectionguy/video/7639786682086214934?is_from_webapp=1&sender_device=pc,"#socialexperiment, #social, #luxury, #bespoke, #suit",133.2K,215,860,FALSE,5,Suspicious,"Keyword: 'luxury', Hashtag: '#luxury'","Confidence can take you places🔥
krolakmail@gmail.com

Join my NOREJECTION SCHOOL 😃
.",https://www.tiktok.com/link/v2?aid=1988&lang=en&scene=bio_url&target=https%3A%2F%2Fwww.skool.com%2Fnorejection-community-3571%2Fabout%3Fref%3D8c58ec60ec394c59992f891dbfa21cad,552.7K,39.9M,N/A
2026-07-28 21:41:49,hewson.kaur,"Silver-grey dial paired with black chronograph counters,a classic chronograph layout that becomes more captivating the longer you look.A subtle color combination,yet with an unmistakable mechanical charm. 🖤 #luxurywatch #timepiece #luxurystyle #unbox #fyp",https://www.tiktok.com/@hewson.kaur/video/7659745721633131798?is_from_webapp=1&sender_device=pc,N/A,476,4,26,FALSE,18,Almost Certainly a Scam,"Keyword: 'luxury', Keyword: 'watch', Keyword: 'ws'","⌚ Timeless watches, endless style.
👉 Shop & explore:→ whatsapp
Link:kernel.bio.link",https://www.tiktok.com/link/v2?aid=1988&lang=en&scene=bio_url&target=kernel.bio.link,1070,39K,N/A
2026-07-28 21:43:55,camellia6663,"11:11🔮 Tiger’s Eye: ward off evil spirits, boost courage & decisiveness, boost career & wealth, calm the mind.Will people like and want to own this bracelet? #crystaltok #fypage #crystals #healingcrystals #crystal",https://www.tiktok.com/@camellia6663/video/7653875681709051144?is_from_webapp=1&sender_device=pc,"#luxurywatch, #timepiece, #luxurystyle, #unbox, #fyp, #crystaltok, #fypage, #crystals, #healingcrystals",2896,1726,334,FALSE,3,Suspicious,"Keyword: '1:1', Hashtag: '#luxury'",Custom Original Crystal Jewelry,,1632,39.4K,N/A
2026-07-28 21:44:23,nicos_reactions,What’s the Most Expensive Watch I can Donate to Charity? #negotiation #watches #brand #expert #nicowatches,https://www.tiktok.com/@nicos_reactions/video/7640593795322531094?is_from_webapp=1&sender_device=pc,"#crystaltok, #fypage, #crystals, #healingcrystals, #crystal, #negotiation, #watches, #brand, #expert, #nicowatches",2530,19,11,FALSE,8,Probable Scam,"Keyword: 'watch', Hashtag: '#watch', Hashtag: '#watches'","Anything and Everything About Watches
More Content Here 👇",https://www.tiktok.com/link/v2?aid=1988&lang=en&scene=bio_url&target=https%3A%2F%2Fwww.facebook.com%2Fshare%2F1AWVTDoCp2%2F%3Fmibextid%3DwwXIfr,147.2K,4M,N/A
2026-07-28 21:46:29,watchbyjuls1,"how do we check if the watch is real? a bit of facts, a bit of gut, and a bit of our colleagues help 👀⌚️ #rolex #authentic #watchdealer #reseller",https://www.tiktok.com/@watchbyjuls1/video/7662433032120306958?is_from_webapp=1&sender_device=pc,"#negotiation, #watches, #brand, #expert, #nicowatches, #rolex, #authentic, #watchdealer, #reseller",18.3K,151,496,FALSE,14,Probable Scam,"Keyword: 'rolex', Keyword: 'watch', Hashtag: '#watch', Hashtag: '#watches'","🤝Buy, Sell / Trade Luxury Watches
📍36 West 47th Street, W9, NYC
📩 inquiries: watchbyjuls@gmail.com
Not affiliated with any brands",https://www.tiktok.com/link/v2?aid=1988&lang=en&scene=bio_url&target=https%3A%2F%2Fyoutu.be%2Fwo7fskN2F_w%3Fsi%3Duy2KmxyBmvpjauyB,800K,17.6M,N/A
2026-07-28 21:48:36,Lobosjewelry,Premium jewelry that’s built to last.,https://www.tiktok.com/@Lobosjewelry/video/7625987494248549640?is_from_webapp=1&sender_device=pc,"#rolex, #authentic, #watchdealer, #reseller",19,0,Share,TRUE,6,Probable Scam,Hashtag: '#watch',Premium Jewelry 🧊,https://www.lobosjewelry.com/collections/bundles?utm_source=tiktok&utm_id=1805998317176881&utm_campaign=DDU_PROSPECTING_COST%20CAPS&utm_medium=paid_social&tt_campaignid=1805998317176881&utm_term=__ADGROUP_NAME__&utm_content=__AD_NAME__&ttclid=E_C_P_CtMBgS_5hpejpcPcQnzoCk2rNZTS-tWr0-z3X3jim72JpmeCSZY77cIRjEBuW-OBm0A8HNFeFXfn4m_zqtbJrPJoLHoVZ5JsUyihlUGJmfs43Uh9bjHxGuJ12Qtq9qiDaOfSwlBovGVTOSjmQYPMh8ynCURCBr7TuopKq1IycRZA98-WcUvsLepidkzDoZAQFmEURYfrvwpFSQye11SzMZmRDMsq-HJ6kJ_ATzDv5yqGdHQL_lcLPsy9uOcZ9BoqXy8j-VySTBrGUxLFJZtVLE5kZWPIkxIEdjIuMA,10.1K,64.2K,N/A
2026-07-28 21:50:44,norejectionguy,The oldest umbrella shop in London #socialexperiment #social #luxury #umbrella #buying,https://www.tiktok.com/@norejectionguy/video/7653179907257732374?is_from_webapp=1&sender_device=pc,"#socialexperiment, #social, #luxury, #umbrella, #buying",265.7K,642,8279,FALSE,9,Almost Certainly a Scam,"Keyword: 'luxury', Keyword: 'buy', Keyword: 'shop', Hashtag: '#luxury'","Confidence can take you places🔥
krolakmail@gmail.com

Join my NOREJECTION SCHOOL 😃
.",https://www.tiktok.com/link/v2?aid=1988&lang=en&scene=bio_url&target=https%3A%2F%2Fwww.skool.com%2Fnorejection-community-3571%2Fabout%3Fref%3D8c58ec60ec394c59992f891dbfa21cad,552.7K,39.9M,N/A
2026-07-28 21:52:59,lucytimepieces.comm,Nautilust MAX || Soild Gold Roto & CNC Full Details.... #luxury #lucytimepieces #luxurywatches #watch #watches,https://www.tiktok.com/@lucytimepieces.comm/video/7648290471067782408?is_from_webapp=1&sender_device=pc,"#luxury, #lucytimepieces, #luxurywatches, #watch, #watches",11K,35,598,FALSE,11,Almost Certainly a Scam,"Keyword: 'luxury', Keyword: 'watch', Hashtag: '#watch', Hashtag: '#watches', Hashtag: '#luxury'","Watchess Details
Things most people miss
🌐 inf.o us",https://www.tiktok.com/link/v2?aid=1988&lang=en&scene=bio_url&target=http%3A%2F%2Flucytimepieces.com%2Fcollections,71K,2.2M,N/A
2026-07-28 21:55:09,lunascrystallab,Pretty moods only🎀 #fyp #CrystalHealing #manifestation #CrystalBracelets #crystaljewelry,https://www.tiktok.com/@lunascrystallab/video/7658973925686152468?is_from_webapp=1&sender_device=pc,"#fyp, #CrystalHealing, #manifestation, #CrystalBracelets, #crystaljewelry",2902,1714,372,FALSE,0,Clean,N/A,"Lunar-charged crystals to bring you health,wealth &luck. Your daily energy boost. ✨🌙",,1925,46.9K,N/A
2026-07-28 21:55:35,secret.damour603,Retour d'affection rapidement en 24h,https://www.tiktok.com/@secret.damour603/video/7667380971267804448?is_from_webapp=1&sender_device=pc,N/A,10,2,1,TRUE,5,Suspicious,Phone number in bio,"💫💫 Retour d'affection rapidement en 24h💫💫
watsapp☎️+33 6 80 83 12 69🌈🌳",/messages?u=7565465467403518998,294,900,N/A
2026-07-28 21:56:01,norejectionguy,How the World’s Best Tailor Makes You Feel #socialexperiment #social #luxury #buying #expensive,https://www.tiktok.com/@norejectionguy/video/7663560581781163286?is_from_webapp=1&sender_device=pc,"#socialexperiment, #social, #luxury, #buying, #expensive",118.8K,116,608,FALSE,7,Probable Scam,"Keyword: 'luxury', Keyword: 'buy', Hashtag: '#luxury'","Confidence can take you places🔥
krolakmail@gmail.com

Join my NOREJECTION SCHOOL 😃
.",https://www.tiktok.com/link/v2?aid=1988&lang=en&scene=bio_url&target=https%3A%2F%2Fwww.skool.com%2Fnorejection-community-3571%2Fabout%3Fref%3D8c58ec60ec394c59992f891dbfa21cad,552.7K,39.9M,N/A
2026-07-28 21:58:07,lucia.w0o,"Comment LOVART DESIGN, I’ll send you the mass production prompts through dm 📜 or Comment LOVART FONT for the reference deck 🗃️ How to fix a clunky vlog thumbnail by Agent Automation that is Actually Pretty 🧐 <STEP 1. VLOG TITLES> 1. Open Lovart Canvas @LovartAI 2. Put font references and tap Font Generator 3. Tap Generate *No Prompt needed 4. BAMM💥 Use the generated font to get the actual vibe you want 🔥 <STEP 2. BUILD DESIGN SYSTEM> 1. Download the thumbnail you made from the canvas 2. Open Lovart Brand Kit and put the thumbnail image 3. Create Project with the Brand Kit *No Prompt needed 4. BAMM💥 <STEP 3. MASS PRODUCING TIME> 1. Open Lovart Canvas and dump my vlog photos *No need to crop or arrange the size, any size including 3:4, 16:9, 1:1 is fine 2. Select them and paste the prompt 3. Vlog thumbnails are ready💥 4. Select the generated vlog thumbnails and paste the sizing prompt 5. Vlog thumbnails for every platforms are ready💥 You can also get 45% OFF now in Lovart✨ #BuiltWithLovart #AiDesign #AIBranding #aitutorial #designer VibeDesign AItrend AIPrompts AIDesign AITools",https://www.tiktok.com/@lucia.w0o/video/7647920658910956814?is_from_webapp=1&sender_device=pc,N/A,637,1,1,TRUE,7,Almost Certainly a Scam,"Keyword: 'dm', Keyword: '1:1'","📍nyc / seoul
tech🌀 ai🤖 photography📸 editing🎬
easy peasy tutorials and yapping

IG 70k @lucia.w0o",https://www.lovart.ai/?sourceid=910397&utm_source=tiktok&utm_campaign=ZT_WZ_910397_Lovart_pc_TT_260714_T1_web_kol_shi_tcpa_purchase&utm_id=1870698485830849&utm_medium=paid_social&af_adset=T1-spark-purchase-01&af_adset_id=1870700189815954&utm_content=KOL_lucia.w0o&af_ad_id=1870700405435441&placement=__PLACEMENT&creative=Comment%20LOVART%20DESIGN%2C%20I%E2%80%99ll%20send%20you%20the%20mass%20production%20prompts%20through%20dm%20%F0%9F%93%9C%20or%20Comment%20LOVART%20FONT%20for%20the%20reference%20deck%20%F0%9F%97%83%EF%B8%8F%20How%20to%20fix%20a%20clunky%20vlog%20thumbnail%20by%20Agent%20Automation%20that%20is%20Actually%20Pretty%20%F0%9F%A7%90%20%3CSTEP%201.%20VLOG%20TITLES%3E%201.%20Open%20Lovart%20Canvas%C2%A0%40LovartAI%20%202.%20Put%20font%20references%20and%20tap%20Font%20Generator%203.%20Tap%20Generate%20%2ANo%20Prompt%20needed%204.%20BAMM%F0%9F%92%A5%20Use%20the%20generated%20font%20to%20get%20the%20actual%20vibe%20you%20want%20%F0%9F%94%A5%20%3CSTEP%202.%20BUILD%20DESIGN%20SYSTEM%3E%201.%20Download%20the%20thumbnail%20you%20made%20from%20the%20canvas%202.%20Open%20Lovart%20Brand&ttclid=E_C_P_CtMBVhiNncSWkirHaBXL2XNYjJGSalpjVsYbINOJbK8v8m-Rlb_qovnnlRjDmd5WU7gnSLMYEYK775rinJ9dha617ODbqjF2lochUmhseQeDn2WsHL3hGVISUv_ooV5ZZCqNQYUI77qI7VjTcRQHKrIonilHSHKxSCPO9Fa7CHgxjlZd_7fCsIf3LoElzVln_t_VqIrifsezblUxYEXnyc1aJdJ6V0v2-5fBi080AotFqo9jxGKYxaMvqJw6vome547ep2obtfGnDHfI2xWwH8aOiv902RIEdjIuMA,2136,145.7K,N/A
2026-07-28 22:00:26,nicovanderhorst,"Every good watch tells a story, here’s mine! #watches #Luxury #fyp",https://www.tiktok.com/@nicovanderhorst/video/7641182372938927382?is_from_webapp=1&sender_device=pc,"#BuiltWithLovart, #AiDesign, #AIBranding, #aitutorial, #designer, #watches, #Luxury, #fyp",10.1K,83,59,FALSE,13,Almost Certainly a Scam,"Keyword: 'luxury', Keyword: 'watch', Hashtag: '#watch', Hashtag: '#watches', Hashtag: '#luxury'","That Watch Guy from YouTube⌚️

Socialmedia@prideandpinion.com",https://www.tiktok.com/link/v2?aid=1988&lang=en&scene=bio_url&target=https%3A%2F%2Flinktr.ee%2Fnicoleonard,1.4M,35.9M,N/A
2026-07-28 22:02:33,timelessluxuryboutique,Daytona Zenith con sorpresa😂 #gioielleria #rolex #daytona #zenith,https://www.tiktok.com/@timelessluxuryboutique/video/7660202739351276833?is_from_webapp=1&sender_device=pc,"#gioielleria, #rolex, #daytona, #zenith",158,13,5,FALSE,8,Probable Scam,"Keyword: 'luxury', Keyword: 'rolex', Phone number in bio","Gallarate via Giuseppe Mazzini 19
cellulare 3280017295",,6236,74.2K,N/A
2026-07-28 22:04:39,softwarewithnick,"Grok 4.5 vs Opus 4.8 🤔 Want to try it out yourself with 50% off a cursor pro plan? All you need to do is check the link in my bio ✅ Grok 4.5 is supposed to be a fast AND powerful model, but how does it stack up against other front-runners? Having a fast/cheap model is one thing, but @Cursor newest model gives you the best of both worlds by not only working fast and cheap, but also producing high quality work! #cursor #cursorpartner #tech #coding #ai",,N/A,51.9K,,,TRUE,10,Almost Certainly a Scam,"Keyword: 'quality', Keyword: 'quality', Keyword: 'link'","Data Scientist 📊
Software Developer 💻
Learn analytics in 90d or money back 👇",https://cursor.com/grok-4-5?utm_source=tiktok_paid&utm_medium=paid&utm_campaign=%5BPurchase%5D_Prospecting_Evergreen_Max-Conversions%20-%20%5BCore%20T1%5D%20-%20%5BGrok%204.5%5D&utm_content=Grok%204.5%20vs%20Opus%204.8%20%F0%9F%A4%94%20Want%20to%20try%20it%20out%20yourself%20with%2050%25%20off%20a%20cursor%20pro%20plan%3F%20All%20you%20need%20to%20do%20is%20check%20the%20link%20in%20my%20bio%20%E2%9C%85%20Grok%204.5%20is%20supposed%20to%20be%20a%20fast%20AND%20powerful%20model%2C%20but%20how%20does%20it%20stack%20up%20against%20other%20front-runners%3F%20Having%20a%20fast%2Fcheap%20model%20is%20one%20thing%2C%20but%20%40Cursor%20newest%20model%20gives%20you%20the%20best%20of%20both%20worlds%20by%20not%20only%20working%20fast%20and%20cheap%2C%20but%20also%20producing%20high%20quality%20work%21%20%23cursor%20%23cursorpartner%20%23tech%20%23coding%20%23ai_%5B258%5D%20-%20UGC%20-%20Partnership%20-%20Nick%20Amato%20-%20Opus%204.8%20vs%20Gro&cc_adgroupid=1871265274097841&cc_adid=1871265317428418&utm_id=1871265131709585&cc_term=Purchase_Prospecting_Consolidated_US%7CCA%7CUK&ttclid=E_C_P_CtMBY8A3PSGjIJcPwCqpGSfsAefa-z_0YR7IIzVF6lrMPATiI64z5rdrwsPcKkY7TaPjgQU2IxzIQyZO69mpnIJ5e-1ER44P-PRixilPvOlQR--OAhZzcHdvScP4sEWLaudnbD7zyKRedzvquX3KMRAuCZUGw4A2gO8z0FmzT-cGjei8B8_bKo4pWgXBa91N3uwdAqd2tLRxuJErANtXNIs1ZJBTcvtyF-6CF05ylts-U5uvd-9jBuJG76LF3boP5DmAacoao-5vKGiMZZL7F7h0piSZ_hIEdjIuMA,41.9K,782.4K,N/A
2026-07-28 22:06:50,thefoundercanon,"Mikhail Prokhorov, a Russian billionaire, once casually revealed in an interview that he owns multiple superyachts, admitting that he didn't even know where one of them was. This wasn't a boast—it was a glimpse into a surreal level of wealthHis prized possession, the 95-meter Palladium, was built in 2010 by Blohm & Voss and designed by Michael Leach. Valued at $200 million, the vessel features a cinema, a pool, a helipad, and accommodations for 24 guests with a 33-person crew.In addition to Palladium, he also owned the yacht Solemar and possibly a third vessel. The lack of clarity about his own assets reflects a lifestyle where such possessions are easily forgotten.At this level of affluence, items like yachts are no longer practical luxuries-they become floating monuments, parked in ports across the world and often overlooked by their owners #billionaires #billionairesadvice_ #richpeople #business #billionairehustlers",https://www.tiktok.com/@thefoundercanon/video/7635799873744293150?is_from_webapp=1&sender_device=pc,"#cursor, #cursorpartner, #tech, #coding, #ai",38.4K,84,744,FALSE,2,Suspicious,Keyword: 'dm',"For self development & business 🧠
For income tips💵
For entrepreneurs & investors",,11.7K,96.5K,N/A
2026-07-28 22:07:17,lucytimepieces.comm,"Mikhail Prokhorov, a Russian billionaire, once casually revealed in an interview that he owns multiple superyachts, admitting that he didn't even know where one of them was. This wasn't a boast—it was a glimpse into a surreal level of wealthHis prized possession, the 95-meter Palladium, was built in 2010 by Blohm & Voss and designed by Michael Leach. Valued at $200 million, the vessel features a cinema, a pool, a helipad, and accommodations for 24 guests with a 33-person crew.In addition to Palladium, he also owned the yacht Solemar and possibly a third vessel. The lack of clarity about his own assets reflects a lifestyle where such possessions are easily forgotten.At this level of affluence, items like yachts are no longer practical luxuries-they become floating monuments, parked in ports across the world and often overlooked by their owners #billionaires #billionairesadvice_ #richpeople #business #billionairehustlers",https://www.tiktok.com/@lucytimepieces.comm/video/7636035414846950663?is_from_webapp=1&sender_device=pc,"#billionaires, #billionairesadvice_, #richpeople, #business, #billionairehustlers, #luxury, #lucytimepieces, #luxurywatches, #watch, #watches",4644,20,192,FALSE,9,Probable Scam,"Keyword: 'dm', Hashtag: '#watch', Hashtag: '#watches', Hashtag: '#luxury'","Watchess Details
Things most people miss
🌐 inf.o us",https://www.tiktok.com/link/v2?aid=1988&lang=en&scene=bio_url&target=http%3A%2F%2Flucytimepieces.com%2Fcollections,71K,2.2M,N/A
2026-07-28 22:09:23,nicovanderhorst,Reviewing Christiano Ronaldo’s rainbow Daytona 🤯 #watches #Luxury #fyp #rolex #ronaldo,https://www.tiktok.com/@nicovanderhorst/video/7637473206940470550?is_from_webapp=1&sender_device=pc,"#watches, #Luxury, #fyp, #rolex, #ronaldo",66.2K,52,375,FALSE,15,Almost Certainly a Scam,"Keyword: 'luxury', Keyword: 'rolex', Keyword: 'watch', Hashtag: '#watch', Hashtag: '#watches', Hashtag: '#luxury'","That Watch Guy from YouTube⌚️

Socialmedia@prideandpinion.com",https://www.tiktok.com/link/v2?aid=1988&lang=en&scene=bio_url&target=https%3A%2F%2Flinktr.ee%2Fnicoleonard,1.4M,35.9M,N/A
2026-07-28 22:11:29,thewatchkingnyc,"I THOUGHT I SAID ASK FOR 21,000🙈🙈 #watch #watchcollector #jewelry #watchmania #viral",https://www.tiktok.com/@thewatchkingnyc/video/7663590477089869069?is_from_webapp=1&sender_device=pc,"#watch, #watchcollector, #jewelry, #watchmania, #viral",31.7K,111,1915,FALSE,7,Suspicious,"Keyword: 'watch', Hashtag: '#watch'","Day in the life of a watch wholesaler
📍 13 W 47th Street New York, NY
10036",https://www.tiktok.com/link/v2?aid=1988&lang=en&scene=bio_url&target=https%3A%2F%2Fwww.tiktok.com%2F%40thewatchkingnyc_2.0%3F_t%3D8ph0GpgBsE6%26_r%3D1,712.1K,21.3M,N/A
2026-07-28 22:13:36,bitterbuilds,Grok’s new model (4.5) is way better than Opus 4.8 Comment “link” for 50% off your first month & double the Grok 4.5 usage for the first week #cursor #cursorcreator,,"#cursor, #cursorcreator",11K,,,TRUE,6,Probable Scam,Keyword: 'link',"140k on insta @bitterbuilds
📥 bitterbuilds@gmail.com",https://cursor.com/grok-4-5?utm_source=tiktok_paid&utm_medium=paid&utm_campaign=%5BPurchase%5D_Prospecting_Evergreen_Max-Conversions%20-%20%5BCore%20T1%5D%20-%20%5BGrok%204.5%5D&utm_content=Grok%E2%80%99s%20new%20model%20%284.5%29%20is%20way%20better%20than%20Opus%204.8%20Comment%20%E2%80%9Clink%E2%80%9D%20for%2050%25%20off%20your%20first%20month%20%26%20double%20the%20Grok%204.5%20usage%20for%20the%20first%20week%20%23cursor%20%23cursorcreator_%5B261%5D%20-%20UGC%20-%20Partnership%20-%20Matt%20Bitter%20-%20Opus%204.8%20vs%20Grok%204.5%20-%20LinkedIn%20Profile%20App%20-%20EN%20-%20Grok%204.5%20Page&cc_adgroupid=1871265274097841&cc_adid=1871265333567538&utm_id=1871265131709585&cc_term=Purchase_Prospecting_Consolidated_US%7CCA%7CUK&ttclid=E_C_P_CtMBzP7lV6O5I7jJbdUGwBoO0ZI4RAX035OluE7UcTS1mGzdfgZTxBW_gSPWfkGEz-opuyot3pAgjxMNscBF6Xxo9nAl-9cmT_jbBX1y2vqmMbRHH1Uac2jmdjkfuKBU2YbqdLYq0OeGcUrhBEl69zFN2MhYHSJnczzWo5nBs96h3C8w557eESbvUhBMpbE2a60TP5cK0llCt-NzoOUP7TyKihl6AOgXDAYMltcnCC5MtyLNNye2JuN6Do6zNunEOzTam6vUPhgz6h8MKwZkCxhi0svHxxIEdjIuMA,38.9K,1.4M,N/A
2026-07-28 22:15:42,antoniopannofino_watches,"Come mai un brand così ""giovane"", come Rolex, riesce a vendere più di un Vecheron? ✨ Seguici per non perderti altre curiosità! ⌚️ (e mi raccomando, dicci la tua nei commenti) #orologi #rolex #audemars #vecheron",https://www.tiktok.com/@antoniopannofino_watches/video/7640967328821153056?is_from_webapp=1&sender_device=pc,"#orologi, #rolex, #audemars, #vecheron",5879,139,376,FALSE,6,Probable Scam,"Keyword: 'rolex', Keyword: 'watch', Phone number in bio","Compro, vendo e scambio orologi e gioielli di lusso
⌚️💎
WA 3926344799",,1563,17.6K,N/A
2026-07-28 22:17:58,macychuan7102,"#capcut #capcutpioneer ¿Quién cumple años en Agosto? Muchas felicidades a todos los cumpleañeros y cumpleañeras del mes de Agosto 🎂🎁🥳Ella Nació en Agosto 🎂 Si cumples años en Agosto usa está plantilla 👉 Sólo agrega tus fotografías o videos favoritos 💖Muchas felicidades a todas las personitas que cumplen años hoy 🎂 #felizcumpleaños #happybirthdaytome #esmicumpleaños Plantilla de Cumpleaños ¡Happy Birthday To Me! Hoy es mi cumpleaños! Dedica está plantilla para tí en este día tan importante ¡Tu Cumpleaños! Felicidades! 🎂🥳¡Feliz cumpleaños! ""Utiliza esta plantilla gratuita"" solo elige tu foto es todo! y como resultado tendrás este hermoso videoEfecto de cumpleañosPlantilla viral de cumpleañosTutorial de tendencia de cumpleañosTutorial de filtro de cumpleañosCómo hacer efecto IA de cumpleañosCómo usar el filtro de cumpleañosDesbloquea la tendencia de cumpleañosTutorial de filtro para fotos de cumpleañosHaz un video con filtro de cumpleañosTutorial de fotos de cumpleaños con Gemini AIEfecto de cumpleaños con Gemini AITendencia de cumpleaños con Gemini AITutorial de fotos de cumpleaños con IATutorial de tendencia viral de cumpleañosTutorial de filtro IA de cumpleañosCrea la tendencia viral de cumpleañosTendencia de cumpleaños con Gemini AISigue la tendencia viral de cumpleañosCrea filtros de cumpleaños con IAPlantilla de cumpleaños🎂 AI Birthday Video Tutorial 🎉✨Learn how to make your own personalized birthday greeting video using Gemini AI—turn a single photo into a vibrant scene packed with animations, festive music, and auto-generated messages. 🎁 Turn an ordinary picture into a magical, heartfelt birthday wish with dazzling effects, a cinematic style, and a cheerful vibe that’s perfect for surprising someone special. 💫🤖 How to Make Your AI Birthday Video – Step by Step 🎂Create a video with dynamic animations, moving photos, and a festive style that looks like it was made by a pro. 🎥 Upload your photo and let AI add music, visual effects, and birthday messages that turn your memories into an unforgettable surprise. 🎉AI Birthday Video Tutorial: Learn to make a personalized birthday video with Gemini AI. Turn memories into a magical surprise. Discover how it’s done!make personalized birthday video, AI birthday tutorial, birthday greeting video, turn photos into birthday video, birthday video ideas, animated birthday videos, make birthday videos with CapCut, birthday video music, heartfelt birthday videos, visual effects for birthday videosBirthday template",https://www.tiktok.com/@macychuan7102/video/7667219355234585876?is_from_webapp=1&sender_device=pc,"#capcut, #capcutpioneer",2731,29,4091,FALSE,0,Clean,N/A,No bio yet.,,29.7K,324.7K,N/A
2026-07-28 22:18:27,werger.foiles,"All-black dial with classic baton markers.The simpler it is, the more powerful it feels. 🖤 #watchtok #luxurywatch #timepiece #luxurylifestyle #fyp",https://www.tiktok.com/@werger.foiles/video/7652354978073398550?is_from_webapp=1&sender_device=pc,"#felizcumpleaños, #happybirthdaytome, #esmicumpleaños, #watchtok, #luxurywatch, #timepiece, #luxurylifestyle",895,3,82,FALSE,16,Almost Certainly a Scam,"Keyword: 'luxury', Keyword: 'watch', Hashtag: '#watch', Hashtag: '#luxury'","Which watch fits your vibe? ⌚
👇 Tap to see more: WhatsApp
Link: kernel.bio.link",https://www.tiktok.com/link/v2?aid=1988&lang=en&scene=bio_url&target=Kernel.bio.link,4872,227.2K,N/A
2026-07-28 22:20:34,doingthedamage,DJ? Apply For Access To Exclusive Edits,https://www.tiktok.com/@doingthedamage/video/7647525982198402326?is_from_webapp=1&sender_device=pc,"#watchtok, #luxurywatch, #timepiece, #luxurylifestyle, #fyp",2260,18,22,TRUE,4,Suspicious,"Hashtag: '#watch', Hashtag: '#luxury'","The Best DJ Pool for Exclusive Edits & Promos
🔒 Exclusive Tracks for DJs ONLY 🔒",https://doingthedamage.com/?utm_source=tiktok&utm_medium=paid&utm_id=1862110797936674&utm_campaign=Copy%201%20of%20Lead%20generation%20NEW&ttclid=E_C_P_CtIB90u1Lom7zmM0of0Zuary4VzmLWM9S7AOxI6Zb5ibv9FaggU_O6ZTWVoGXL5gdVbEgz0kh9hds4C7S3sYgeUmHXKGEKs0xEEV4hpo_WX6p-kS5Hh97o-MycUjrPC_aa-GVUR39tBoSm02sYgexvLwWm1ZP5oNGieu7fbNG7J5IP3h2mfA4AN-Mhx6J4R_fkOc6Gjzpc2UVajuc7UB82kw8FwZ-iGEnXXCegr3pgMlZi_etaXraVCogKu9HMNDgjg4vOvEsEaeJw4SI42b-PPzwouSEgR2Mi4w,1576,9243,N/A
2026-07-28 22:21:00,bridghgyij1,Don’t miss it #tiktokshop #fyp #TikTokShopHolidayHaul #makeup #brushholder,https://www.tiktok.com/@bridghgyij1/video/7644415064895671566?is_from_webapp=1&sender_device=pc,"#tiktokshop, #fyp, #TikTokShopHolidayHaul, #makeup, #brushholder",419,153,110,FALSE,3,Suspicious,Keyword: 'shop',No bio yet.,,529,8033,N/A
2026-07-28 22:21:26,norejectionguy,How to buy Shakespeare book for 1£ million #socialexperiment #social #luxury #book #buying,https://www.tiktok.com/@norejectionguy/video/7654310175578279190?is_from_webapp=1&sender_device=pc,"#socialexperiment, #social, #luxury, #book, #buying",89.3K,382,1365,FALSE,7,Probable Scam,"Keyword: 'luxury', Keyword: 'buy', Hashtag: '#luxury'","Confidence can take you places🔥
krolakmail@gmail.com

Join my NOREJECTION SCHOOL 😃
.",https://www.tiktok.com/link/v2?aid=1988&lang=en&scene=bio_url&target=https%3A%2F%2Fwww.skool.com%2Fnorejection-community-3571%2Fabout%3Fref%3D8c58ec60ec394c59992f891dbfa21cad,552.7K,39.9M,N/A
2026-07-28 22:23:36,pursuitofvacations,I See Myself In You is out today!,https://www.tiktok.com/@pursuitofvacations/video/7665829889450265870?is_from_webapp=1&sender_device=pc,N/A,402,1,2,TRUE,3,Suspicious,N/A,"✨✨✨


fanpage, not impersonating",https://vacations.ffm.to/iseemyselfinyou.NGY?utm_source=tiktok&utm_id=1871520826608210&utm_campaign=Vacations_3176_067003020480_Pursuit%20of%20Anything_I%20See%20Myself%20In%20You%20UGC_Conversions%09%09%09%09&utm_medium=paid&ttclid=E_C_P_CtMBly2EWA23waus5L6MSwxe2jdpcXtGQD-1JcTQk-qDCE4zi-iWmZdaDAbyHg4bbHMIYM1hwl6fEQrIYHDrW2P1cXzpAqHdS4pCf4zsjklvqTxXxKjApuNVRnd3BYoWsZ1ubDc1GBvYFfVHezTiJbY6zwMIc2UrQE3DXJJbLpgheUbSgEcDwb81USQ71iV7OYle8XWhj7vwCvLHCVTsksPjq_hVgEQqrpRv1miUsb_prDE4E3hIe-2MmemzHX-HTpvgGL085DiRpAqzzRsJBKu4vIuRERIEdjIuMA,15,1228,N/A
2026-07-28 22:24:03,celi.nho,#CapCut,https://www.tiktok.com/@celi.nho/video/7663193713329409301?is_from_webapp=1&sender_device=pc,#CapCut,160.1K,1208,2764,FALSE,0,Clean,N/A,No bio yet.,,20.6K,164.1K,N/A
2026-07-28 22:24:29,jffkhh85,Ein siebenjähriges Mädchen wurde auf offener Straße plötzlich von einer fremden Frau angegriffen. #fypシ゚viral🖤tiktok #gericht #german #news #gesetz,https://www.tiktok.com/@jffkhh85/video/7664939566364642593?is_from_webapp=1&sender_device=pc,"#fypシ゚viral🖤tiktok, #gericht, #german, #news, #gesetz",84.8K,1240,4572,FALSE,2,Suspicious,Keyword: 'ws',No bio yet.,,17.2K,180.4K,N/A
2026-07-28 22:24:56,notresucces,Get private access to our restock with exclsuive offers.,https://www.tiktok.com/@notresucces/video/7665121230290275606?is_from_webapp=1&sender_device=pc,N/A,604,5,2,TRUE,5,Suspicious,N/A,No bio yet.,https://notresucces.com/pages/early-access?pb=0&utm_source=tiktok&utm_id=1871335124327553&utm_campaign=Summer%20Private%20Restock%20&utm_medium=paid&tt_campaignid=1871335124327553&ttclid=E_C_P_CtIB_ZLVc5YkPWwl5GP61FiRZGt-R0fahPv5HVhenljqB1NX-DEm89ThA9vBO2y0DjyfIbcv62urQmXoreEWBqAFH2rITnYjR2b_IUrK7OTSuldsoXytv6iGb-FE5t07o1H0TUxonKaXiVe9OyTX73O0mfRQ590GSWCFsg0RjnUymvbFJyPJN72Z3qma1p-5qinLsQAMvXLusKCMaDiAGqDahY0HGjajWxNX2i2-65yyKSbMbVhzjTTHShI72nSgdFVbPqJqy6n-h4J5JDaXDCSwatLGEgR2Mi4w,26.2K,205.1K,N/A
2026-07-28 22:25:22,jacobandco,Is it better in rainbow? #jacobandco #inspiredbytheimpossible #bugatti,https://www.tiktok.com/@jacobandco/video/7640311084460625183?is_from_webapp=1&sender_device=pc,"#jacobandco, #inspiredbytheimpossible, #bugatti",31.1K,311,814,FALSE,2,Clean,N/A,Inspired by the Impossible,https://www.tiktok.com/link/v2?aid=1988&lang=en&scene=bio_url&target=https%3A%2F%2Fjacobandco.shop%2Fpages%2Fcollections,6.7M,122.6M,N/A
2026-07-28 22:25:50,hewson.kaur,"Patek Philippe NautilusReference: 5711/1A-010 (Blue-Black Gradient Dial)40mm Stainless Steel Case｜Integrated BraceletAs one of the most iconic creations in the Nautilus collection,the 5711/1A-010 is instantly recognizable with its signature porthole-inspired case design.The 40mm stainless steel case paired with an integrated braceletcreates the perfect balance between sporty elegance and haute horlogerie craftsmanship. #luxurywatch #timepiece #watchtok #unbox #fyp",https://www.tiktok.com/@hewson.kaur/video/7662740526784892182?is_from_webapp=1&sender_device=pc,N/A,936,5,77,FALSE,18,Almost Certainly a Scam,"Keyword: 'luxury', Keyword: 'watch', Keyword: 'ws'","⌚ Timeless watches, endless style.
👉 Shop & explore:→ whatsapp
Link:kernel.bio.link",https://www.tiktok.com/link/v2?aid=1988&lang=en&scene=bio_url&target=kernel.bio.link,1071,39K,N/A
2026-07-28 22:27:56,orientalcrystal2,"11:11 ✨sunstone & clear quartz ☀️✨for confidence, clarity,and the kind of energythat feels calm instead of rushed 🌙when you stop forcing everything,life begins to flow differently.sometimes happiness looks likequiet evenings, soft light, a good book,and a peaceful heart 🐈📖 #orientalcrystal #Wealth #Health #happiness #SelfLove",https://www.tiktok.com/@orientalcrystal2/video/7646613322669870349?is_from_webapp=1&sender_device=pc,"#luxurywatch, #timepiece, #watchtok, #unbox, #fyp",4059,1684,580,FALSE,8,Probable Scam,"Keyword: '1:1', Hashtag: '#watch', Hashtag: '#luxury'","✨ Premium crystals for wealth, health & happiness
🔮 Handpicked healing stones
🌿 Elevate your energy | Shop below ⬇️",https://www.tiktok.com/link/v2?aid=1988&lang=en&scene=bio_url&target=https%3A%2F%2Forientalcrystal.com,2443,126K,N/A
2026-07-28 22:30:02,nicovanderhorst,I react to Ryan Reynolds Omega #watches #fyp #Luxury,https://www.tiktok.com/@nicovanderhorst/video/7651592992775605526?is_from_webapp=1&sender_device=pc,"#orientalcrystal, #Wealth, #Health, #happiness, #SelfLove, #watches, #fyp, #Luxury",6633,36,86,FALSE,13,Almost Certainly a Scam,"Keyword: 'luxury', Keyword: 'watch', Hashtag: '#watch', Hashtag: '#watches', Hashtag: '#luxury'","That Watch Guy from YouTube⌚️

Socialmedia@prideandpinion.com",https://www.tiktok.com/link/v2?aid=1988&lang=en&scene=bio_url&target=https%3A%2F%2Flinktr.ee%2Fnicoleonard,1.4M,35.9M,N/A
2026-07-28 22:32:09,korea_travel_esim,Activate LG U+ eSIM: Unlimited 5G & Zero Throttling,https://www.tiktok.com/@korea_travel_esim/video/7667452317037284629?is_from_webapp=1&sender_device=pc,N/A,0,0,Share,TRUE,5,Suspicious,N/A,"koreasim.lguplus.com
Look for Korea eSIM",https://www.lguplus.com/korea-sim/eng/pc/product/esim?tab=data&utm_source=tiktok&utm_medium=paid&utm_campaign=conversion&utm_id=1869584428437874&utm_content=Land_Connected&ttclid=E_C_P_CtMBFoXFYPvGDMSjUoI6ZOfCVnaHXMz6pMkilq1z5i0XJ5dlxP45tEaVUmeB2y5MFCBGbiXvZL1qCwjYwpqTgXYUH1TyBaz-b7vK3VX0eTM64OU6FDPwnPLCVdGzeZY4B03HcZWVmBF7VUEO6V_rnE6Vcyg1O8waObqDD5XC7_yCAefmrKsPI8nc6IHeebUYZh69ZX_gZ-1PZngVzeh-g8oQG-c7Lf2igj0G9lKjOM1KzmUU7TvkYe-53_BsN2b5zvB7Urz2EIMBppuautOZGbbRez73khIEdjIuMA,7,46,N/A
2026-07-28 22:32:36,localltouch,"This is why street shoe shiners are so respected - STREET SHOE SHINE & POLISH by 18 yr old ""Fernando"" Mexico City 🇲🇽 #shoecleaner #shoeclean #travel #tourist",https://www.tiktok.com/@localltouch/video/7660094114326793503?is_from_webapp=1&sender_device=pc,N/A,269.9K,952,3933,FALSE,2,Clean,N/A,"Relax, watch, and discover.",,17K,1.2M,N/A
2026-07-28 22:33:10,apsnow8ih8,🛀သင့်ရဲ့ရေချိုးသည့်မီနီဗားရှင်းအလွန်ချစ်စရာကောင်းတယ်🥰ဓာတ်ပုံတစ်ပုံသာယူပြီးလုပ်လို့ရတယ်အခု TikTok မှာအရမ်းရေပန်းစားနေပြီ🔥အောက်ဘယ်ဘက်ထောင့်က CapCut ကိုနှိပ်ပြီးစမ်းကြည့်လိုက်ပါ🚿 #capcut #capcutpioneer #capcutnow,https://www.tiktok.com/@apsnow8ih8/video/7660037192630177045?is_from_webapp=1&sender_device=pc,"#capcut, #capcutpioneer, #capcutnow",71.5K,464,18.4K,FALSE,0,Clean,N/A,No bio yet.,,304.3K,2.4M,N/A
2026-07-28 22:48:45,top.watches25,#watch #luxury #luxurylifestyle,https://www.tiktok.com/@top.watches25/video/7665327836722498848?is_from_webapp=1&sender_device=pc,"#watch, #luxury, #luxurylifestyle",450,8,24,FALSE,18,Almost Certainly a Scam,"Keyword: 'luxury', Keyword: 'watch', Hashtag: '#watch', Hashtag: '#luxury', Phone number in bio","👇Topqualitywatches ⌚️ Contact👇
➕whats🅰️🅿️🅿️:+86 15920521268",,25K,293.1K,N/A
2026-07-28 22:50:47,engemannco,"Name a more elegant timepiece…. Rolex Datejust Watch is available at Engemann & Co, link in bio 👇",https://www.tiktok.com/@engemannco/video/7633821588588104982?is_from_webapp=1&sender_device=pc,N/A,5656,13,285,FALSE,15,Almost Certainly a Scam,"Keyword: 'link in bio', Keyword: 'rolex', Keyword: 'watch', Keyword: 'link'","No waitlist ✨ EU Based 🇪🇺 Sourced + Verified ✅ DM/PM 📨

Get your premium watch experience today at",https://www.tiktok.com/link/v2?aid=1988&lang=en&scene=bio_url&target=instagram.com%2Fengemannco_%2F,2386,305.5K,N/A
2026-07-28 22:52:56,lucytimepieces.comm,"The deep green dial catches the light from every angle, while the rose gold case adds warmth and character. Together, they create a timeless expression of modern luxury. #timepieces #luxury #watches #lucytimepieces",https://www.tiktok.com/@lucytimepieces.comm/video/7665353673127611669?is_from_webapp=1&sender_device=pc,"#timepieces, #luxury, #watches, #lucytimepieces",5820,17,330,FALSE,11,Almost Certainly a Scam,"Keyword: 'luxury', Keyword: 'watch', Hashtag: '#watch', Hashtag: '#watches', Hashtag: '#luxury'","Watchess Details
Things most people miss
🌐 inf.o us",https://www.tiktok.com/link/v2?aid=1988&lang=en&scene=bio_url&target=http%3A%2F%2Flucytimepieces.com%2Fcollections,71K,2.2M,N/A
2026-07-28 22:54:56,lsle058,#malaysia #crystalshop #bracelet #energy #malaysiashop,https://www.tiktok.com/@lsle058/video/7651562413728304391?is_from_webapp=1&sender_device=pc,"#timepieces, #luxury, #watches, #lucytimepieces, #malaysia, #crystalshop, #bracelet, #energy, #malaysiashop",59K,18.9K,10K,FALSE,5,Probable Scam,"Keyword: 'shop', Hashtag: '#watch', Hashtag: '#watches', Hashtag: '#luxury'",,,,,N/A
2026-07-28 22:55:20,colorize_music,sit back. relax. and enjoy this playlist :),https://www.tiktok.com/@colorize_music/video/7629061519896038678?is_from_webapp=1&sender_device=pc,N/A,165,1,3,TRUE,3,Suspicious,N/A,The best in Melodic & Progressive House.,https://ffm.to/colorize-morning-chill.PTK?utm_source=tiktok&utm_id=1839849795795185&utm_campaign=Enhanced%20-%20Morning%20Chill&utm_medium=paid&ttclid=E_C_P_CtEBn_l6r3TwwpfrEuFcA6udP2ZJg3e_1HuAMHg7HiC086B_3kSPJggw_D5DkbB6A4zHdh_LGNBExwqcGqmrNagwXNOOLJwg8IKLF5bxCJFYbUPUwIUoLDNuDnpxecJJP1p56QRgRLm3BwY6Qr6VmEWlzeZgn3UEQ_ji1ZPzlIBKZCkNBSBbl3M4qoKOBVjjJYENajoUr1qnmlpHKyEPGLIQCs4Hi220TSb5jdtnD8JzhzDdHzzu30rTEcgpCJJeGpKFzyC-v_yGU3uVL2gxCx42nCwSBHYyLjA,15.4K,108.6K,N/A
2026-07-28 22:55:40,thewatchkingnyc,PLEASE BE ATTENTIVE 👂👂 #watch #watchcollector #jewelry #watchmania #viral,https://www.tiktok.com/@thewatchkingnyc/video/7649094798854425870?is_from_webapp=1&sender_device=pc,"#watch, #watchcollector, #jewelry, #watchmania, #viral",46.6K,70,224,FALSE,7,Suspicious,"Keyword: 'watch', Hashtag: '#watch'","Day in the life of a watch wholesaler
📍 13 W 47th Street New York, NY
10036",https://www.tiktok.com/link/v2?aid=1988&lang=en&scene=bio_url&target=https%3A%2F%2Fwww.tiktok.com%2F%40thewatchkingnyc_2.0%3F_t%3D8ph0GpgBsE6%26_r%3D1,712.1K,21.3M,N/A
2026-07-28 22:57:40,strapsco.com,Love chatting watches so 🤷‍♂️ #fyp #watches,https://www.tiktok.com/@strapsco.com/video/7642047653538172167?is_from_webapp=1&sender_device=pc,"#fyp, #watches",2216,34,388,FALSE,8,Probable Scam,"Keyword: 'watch', Hashtag: '#watch', Hashtag: '#watches'",Watch Bands,https://www.tiktok.com/link/v2?aid=1988&lang=en&scene=bio_url&target=strapsco.com,11.2K,184.2K,N/A
2026-07-28 22:59:39,.dunoir,Du Noir Bracelets: Elevate Your Style Effortlessly,https://www.tiktok.com/@.dunoir/video/7667715500910234883?is_from_webapp=1&sender_device=pc,N/A,4,0,Share,TRUE,5,Suspicious,N/A,Refined essence. Honest luxury.,https://dunoir.co.uk/pages/build-your-stack?utm_source=tiktok&utm_id=1865631545583826&utm_campaign=Lead%20generation20260519083733&utm_medium=paid&tt_campaignid=1865631545583826&ttclid=E_C_P_CtIBfjWGkiLzrucBHKkqaW0AJRy5VvNQWdeG-RsjcqEV2Vpa1gCyrLyfgYDbpwH0l4sF-LL4K4h48__n_8bl2Jidyvgu6qio71Gd9zHnT53ZyFK08-_TO1vEWjkVFZeWfMlXFPWWiQYS61dG0L2H-mGOg015ruwGMx7JwXM-lzVZQnj1nnsOabkhEnx0gyDbVawLqMHwTN_Uojbhbo_SzDghj4Vh5hu2FuKREgqAZzE2JYmbq5Mk3-Sg_XrAzRfC8Xrrq9BZXU7uLJIR7UgQ2cEuDlR4EgR2Mi4w,311,1063,N/A
2026-07-28 22:59:59,jewelry3839,#rolex #luxury #watches #Mosesthejeweler #bennythedealernyc #vookum #luxury #traxnyc #mosesjewelry #diamond #davidthejeweler,https://www.tiktok.com/@jewelry3839/video/7643139396102851871?is_from_webapp=1&sender_device=pc,"#rolex, #luxury, #watches, #Mosesthejeweler, #bennythedealernyc, #vookum, #luxury, #traxnyc, #mosesjewelry, #diamond, #davidthejeweler",3066,28,64,FALSE,11,Almost Certainly a Scam,"Keyword: 'luxury', Keyword: 'rolex', Keyword: 'watch', Hashtag: '#watch', Hashtag: '#watches', Hashtag: '#luxury'","Wholesale Jewelry
WE SELL FINE JEWELRY, WATCHES AND DIAMONDS
Follow & Like Video",,23K,404.1K,N/A
2026-07-28 23:01:59,gillians.bliss.crystals,"This fluorite angel delivers strong spiritual protection to shield you from toxic energy, while clearing mental clutter, overthinking and scattered thoughts for calm, focused minds. #crystals #crystaltok #crystalshop #manifestation #1111 #fyp",https://www.tiktok.com/@gillians.bliss.crystals/video/7652684866147896597?is_from_webapp=1&sender_device=pc,"#mosesjewelry, #diamond, #davidthejeweler, #crystals, #crystaltok, #crystalshop, #manifestation",554,372,110,FALSE,3,Suspicious,Keyword: 'shop',"🧿Your daily dose of calm & positive energy.
🔮Healing & manifestation crystals
✨Believe in the power of belief",,6413,139K,N/A
2026-07-28 23:02:19,weglotapp,Your website in 100 languages. Set up in 5 minutes. Powered by AI.,https://www.tiktok.com/@weglotapp/video/7667612320582929686?is_from_webapp=1&sender_device=pc,"#crystals, #crystaltok, #crystalshop, #manifestation, #1111, #fyp",8,0,1,TRUE,5,Suspicious,N/A,No bio yet.,https://www.weglot.com/t/lp?utm_source=tiktok&utm_id=1871973037457730&utm_campaign=GS%20-%20Lead%20-%20ABO%20&utm_medium=paid&utm_term=Weglot_UGC_Chandler_Hook_Biggest_Hack_Expand_Reach&utm_content=GS%20-%20BROAD%20V1&ttclid=E_C_P_CtIBp3bIiYm9KZAf0nbR2Q3DVQc_vDZ6SID6gVSuaWCLtQnpp5mbk3gxXze3pXqvOujkoaFsLGA4Nwgc9H6faG3GD356HEiTNybVZ5fENmNkb818JyyYOQns346d1AhlZCgi-gHVWRJRrGprPFQsmQlR-xG1ju0CjOMeCaE9XsURib9X0T2fyDkRyRatOSUErr3wW06-oVhrYz_s4FT12Om68YRSgtUKWCxYSrIgHcrR7NmesXu86kbCLfoQtqvRl7BebqpWPdjhwzlsRCMRYJ0ZSE24EgR2Mi4w,591,6371,N/A
2026-07-28 23:02:47,nicovanderhorst,My opinion on the Cartier Rewind #watches #Luxury #fyp,https://www.tiktok.com/@nicovanderhorst/video/7646374941264203030?is_from_webapp=1&sender_device=pc,"#watches, #Luxury, #fyp",18K,71,139,FALSE,13,Almost Certainly a Scam,"Keyword: 'luxury', Keyword: 'watch', Hashtag: '#watch', Hashtag: '#watches', Hashtag: '#luxury'","That Watch Guy from YouTube⌚️

Socialmedia@prideandpinion.com",https://www.tiktok.com/link/v2?aid=1988&lang=en&scene=bio_url&target=https%3A%2F%2Flinktr.ee%2Fnicoleonard,1.4M,35.9M,N/A
2026-07-28 23:04:47,top.watches25,#watch #luxury #luxurylifestyle,https://www.tiktok.com/@top.watches25/video/7659116321963134240?is_from_webapp=1&sender_device=pc,"#watch, #luxury, #luxurylifestyle",3811,62,116,FALSE,16,Probable Scam,"Keyword: 'luxury', Keyword: 'watch', Hashtag: '#watch', Hashtag: '#luxury', Phone number in bio","👇Topqualitywatches ⌚️ Contact👇
➕whats🅰️🅿️🅿️:+86 15920521268",,25K,293.1K,N/A
2026-07-28 23:06:47,gillians.bliss.crystals,"In the noise of the world, these crystal angels are my quiet peace.Hold fast to your wishes, divine energy is working to bring them into reality ✨ #crystals #crystalhealing #manifestation #positiveenergy #crystalshop",https://www.tiktok.com/@gillians.bliss.crystals/video/7639767631096106247?is_from_webapp=1&sender_device=pc,"#crystals, #crystalhealing, #manifestation",29.6K,19.8K,6015,FALSE,2,Suspicious,Keyword: 'shop',"🧿Your daily dose of calm & positive energy.
🔮Healing & manifestation crystals
✨Believe in the power of belief",,6413,139K,N/A
2026-07-28 23:07:07,lofifruitsmusic,A Soothing Playlist for a Restful Night's Sleep,https://www.tiktok.com/@lofifruitsmusic/video/7581640529729834248?is_from_webapp=1&sender_device=pc,"#crystals, #crystalhealing, #manifestation, #positiveenergy, #crystalshop",12.8K,303,401,TRUE,0,Clean,N/A,"𝗣𝗹𝗮𝘆𝗹𝗶𝘀𝘁𝘀 𝘁𝗼 𝘀𝘁𝘂𝗱𝘆, 𝗿𝗲𝗹𝗮𝘅 𝗮𝗻𝗱 𝘀𝗹𝗲𝗲𝗽 𝘁𝗼 👇",https://sndl.ink/soundlink/ujtMwUyv8hDQa2Y8ApOGm?ttclid=E_C_P_CtEBFtSRMKM6dS0h9iQo9KMsVsX-PdUkg8vwkfBOENsFmgsWc7J_OQKrcBpkIrtLyVyBS5oMI9-Rdj-TfgYRa9RyostBLnK8-OW2iL0rofJpzWVTWGGC9aNyuzu7ChLrPqNxP_bAun1pPjlMrB2np0gOLA7LVjR5gB6cVuKODrRBjh1lPTNDsJgMyPtBbP4igH5PYx_x9C3H6LdXz9Et-alWyFGfwbMJeuwGdGw7S9RJYrGX72QsU5OtswZ9HUUh7JaqUsPajGWKtxyqz2fMnMWm0kcSBHYyLjA,8.3M,147M,N/A
2026-07-28 23:07:27,thewatchkingnyc,STARTING MY SON YOUNG 😎😎 #watch #watchcollector #jewelry #watchmania #viral,https://www.tiktok.com/@thewatchkingnyc/video/7655785088742919437?is_from_webapp=1&sender_device=pc,"#watch, #watchcollector, #jewelry, #watchmania, #viral",36.4K,80,241,FALSE,7,Suspicious,"Keyword: 'watch', Hashtag: '#watch'","Day in the life of a watch wholesaler
📍 13 W 47th Street New York, NY
10036",https://www.tiktok.com/link/v2?aid=1988&lang=en&scene=bio_url&target=https%3A%2F%2Fwww.tiktok.com%2F%40thewatchkingnyc_2.0%3F_t%3D8ph0GpgBsE6%26_r%3D1,712.1K,21.3M,N/A
2026-07-28 23:09:26,hewson.kaur,"Patek Philippe Nautilus 5711/1R-001 (full rose gold edition)The iconic “porthole-style” case, paired with this blue horizontally striped dial, reveals a striking sense of depth under the light. There’s no overly flashy design—yet the more you look at it, the more natural it feels, and the longer you wear it, the more timeless it becomes. #luxurywatch #watchtok #wristcheck #fyp #timepiece",https://www.tiktok.com/@hewson.kaur/video/7653097189652057366?is_from_webapp=1&sender_device=pc,N/A,6187,28,357,FALSE,16,Probable Scam,"Keyword: 'luxury', Keyword: 'watch', Keyword: 'ws'","⌚ Timeless watches, endless style.
👉 Shop & explore:→ whatsapp
Link:kernel.bio.link",https://www.tiktok.com/link/v2?aid=1988&lang=en&scene=bio_url&target=kernel.bio.link,1071,39K,N/A
2026-07-28 23:11:25,lsle058,#energy #handmade #bracelet #crystals #malaysiashop,https://www.tiktok.com/@lsle058/video/7653465039084489991?is_from_webapp=1&sender_device=pc,"#luxurywatch, #watchtok, #wristcheck, #fyp, #timepiece, #energy, #handmade, #bracelet, #crystals, #malaysiashop",805,576,154,FALSE,7,Almost Certainly a Scam,"Keyword: 'dm', Keyword: 'shop', Hashtag: '#watch', Hashtag: '#luxury'",,,,,N/A
2026-07-28 23:13:28,watchbyjuls1,We went detective mode to figure out if this Rolex was a Frankenstein or not #watchdealer #rolex #luxurywatches,https://www.tiktok.com/@watchbyjuls1/video/7654709004475682062?is_from_webapp=1&sender_device=pc,"#watchdealer, #rolex, #luxurywatches",59.9K,185,979,FALSE,16,Almost Certainly a Scam,"Keyword: 'luxury', Keyword: 'rolex', Keyword: 'watch', Hashtag: '#watch', Hashtag: '#luxury'","🤝Buy, Sell / Trade Luxury Watches
📍36 West 47th Street, W9, NYC
📩 inquiries: watchbyjuls@gmail.com
Not affiliated with any brands",https://www.tiktok.com/link/v2?aid=1988&lang=en&scene=bio_url&target=https%3A%2F%2Fyoutu.be%2Fwo7fskN2F_w%3Fsi%3Duy2KmxyBmvpjauyB,800K,17.6M,N/A
2026-07-28 23:15:28,coderhouse,Sumate a Coder y aprende las habilidades que abren más puertas en el mercado.,https://www.tiktok.com/@coderhouse/video/7661007713417039121?is_from_webapp=1&sender_device=pc,"#watchdealer, #rolex, #luxurywatches",2,0,Share,TRUE,7,Probable Scam,"Hashtag: '#watch', Hashtag: '#luxury'","Aprendé lo último antes que nadie 🚀
Certificados por Rappi, Ualá, Pedidos Ya, Tiendanube, Binance, Lemon y más :)",https://www.coderhouse.com/categorias/data?area=Data&utm_source=tiktok&utm_medium=cpc&utm_campaign=ARGEN_TIKTOK_GENERICO_VC&utm_id=ARGEN_TIKTOK_STANDARD_GENERICO&utm_term=ARGEN_TIKTOK_GENERICO_VC%7CGEN_VID_ALL_DATA_UGC%2B-%2BLUCIA%2BRAMIREZ%2B-%2BSPRINT%2B3&ttclid=E_C_P_CtMBAF__mNonDGzpW3dwTNE0l-tjRoR3w52Ug_IMNeKZQ48-gHqHZvsZ4xwDZ5VMchRGkclCGLIL9RYGwLjytRbxR4To8qRn8VosGhWu-bKjSg5a9_4QWPvtHaJYp6blthPrk9RK1kI76Fmhyyz9Bm1wxQruopOySFlbQAPbhyBrsc7dwIghKRZTCKs4N_Qt3vInLNgDIERl1N2mwGhEcKpPjR8uNXC8PHQqnvqPRrPLhTprpiMh0KCIW3t0B4Ns6BRWEei0fJLKMN40EVaFWvO9hC_iYBIEdjIuMA,281.6K,2.1M,N/A
2026-07-28 23:17:28,capcut_templates_024,#CapCut #intro #niveltiktok #paratiiiiiiiiiiiiiiiiiiiiiiiiiiiiiii,https://www.tiktok.com/@capcut_templates_024/video/7663663047805898015?is_from_webapp=1&sender_device=pc,"#CapCut, #intro, #niveltiktok, #paratiiiiiiiiiiiiiiiiiiiiiiiiiiiiiii",1060,55,211,FALSE,2,Clean,N/A,Follow Me new account@🔱🥷🏼 ᴄᴀᴘᴄᴜᴛ ᴋɪɴɢ 👑🔱🥷🏼,https://www.tiktok.com/link/v2?aid=1988&lang=en&scene=bio_url&target=https%3A%2F%2Fwww.paypal.me%2FDJMASTERUSA,216K,2.2M,N/A
2026-07-28 23:17:47,thi.giang049,The last princess...👸 #foryou #princess #love #hopecore #tiktok,https://www.tiktok.com/@thi.giang049/video/7650148949222788365?is_from_webapp=1&sender_device=pc,"#foryou, #princess, #love, #hopecore, #tiktok",171.9K,1373,10.1K,FALSE,0,Clean,N/A,No bio yet.,,159.9K,2.6M,N/A
2026-07-28 23:18:07,heywa_official,You've scrolled long enough. Find your next hobby on Heywa.,https://www.tiktok.com/@heywa_official/video/7666339406231473430?is_from_webapp=1&sender_device=pc,N/A,7,0,Share,TRUE,5,Suspicious,N/A,"stay curious, i'll do the rest ✨

try heywa ⬇️",https://www.heywa.com/?pageType=dynamic&q=New%20hobbies%20for%20someone%20who%20loves%20arts%20and%20crafts&tagline=discover%20your%20new%20obsession&utm_source=tiktok&utm_medium=paid-social&utm_campaign=ConversionsTT&utm_content=arts-&-crafts-hobby&ttclid=E_C_P_CtIBsJeGkE8p4POUoQVDFI110e-Ks_64nxX92y39yv9_vdPPs7ZfIfIEtxI9hnMJLjq2bPPIvae7v1AZXMy2adCNAjiGycG4HS3Zf53PvRKRRCE5gHZmabr72lmiIk-DTBf5c4_7aHiwP-3-4BwUMY4noEzA4-58qhPS5BQ20d3ihquJiIELizq-rYlK8l9MkjBgzhYYXBGC6L7E-3RhOadhJ38IbS91fI4iN420ugeRO9nqLvj_WE7QlmgpitTXDrbG3HFWGvoBfNEn8BPDPKpvtGNZEgR2Mi4w,632,18.4K,N/A
2026-07-28 23:18:27,c.inat,No Fugazi pt3 🙅‍♂️ #rolex #authentic #watch #submariner #hulk,https://www.tiktok.com/@c.inat/video/7638666926130072854?is_from_webapp=1&sender_device=pc,"#rolex, #authentic, #watch, #submariner, #hulk",1864,117,136,FALSE,5,Probable Scam,"Keyword: 'rolex', Keyword: 'watch', Hashtag: '#watch'",No Fugazi 🙅‍♂️,,171,39.6K,N/A
2026-07-28 23:18:47,nicovanderhorst,You only get these if you’ve got a good dealer 👀 @ROLEX #rolex #watches #luxury #fyp,https://www.tiktok.com/@nicovanderhorst/video/7634970779276283158?is_from_webapp=1&sender_device=pc,"#rolex, #watches, #luxury, #fyp",4692,14,36,FALSE,16,Almost Certainly a Scam,"Keyword: 'luxury', Keyword: 'rolex', Keyword: 'watch', Hashtag: '#watch', Hashtag: '#watches', Hashtag: '#luxury'","That Watch Guy from YouTube⌚️

Socialmedia@prideandpinion.com",https://www.tiktok.com/link/v2?aid=1988&lang=en&scene=bio_url&target=https%3A%2F%2Flinktr.ee%2Fnicoleonard,1.4M,35.9M,N/A
2026-07-28 23:20:47,lofifruitsmusic,A Soothing Playlist for a Restful Night's Sleep,https://www.tiktok.com/@lofifruitsmusic/video/7581640504593370385?is_from_webapp=1&sender_device=pc,N/A,196,8,1,TRUE,3,Suspicious,N/A,"𝗣𝗹𝗮𝘆𝗹𝗶𝘀𝘁𝘀 𝘁𝗼 𝘀𝘁𝘂𝗱𝘆, 𝗿𝗲𝗹𝗮𝘅 𝗮𝗻𝗱 𝘀𝗹𝗲𝗲𝗽 𝘁𝗼 👇",https://sndl.ink/soundlink/ujtMwUyv8hDQa2Y8ApOGm?ttclid=E_C_P_CtEB2P88XESIOCU0mHJi6huRId2mUtxY4zRzpKMMjMT9T5PAgqkfZ8wleMoOFQlkzxhoteXSBJEaJDzXY4TEtMuo0GdDTdpVp6H-RlhQXW64W3Dy_beItA7587B2QTjeX0VoVSnaOU8U42TyXUdrKxn3T8zK7VRL09QSARvBhB8D_sqnaRB7PWOrZGYGgfwA1EdlW0WY-UpIowUzF2rUM-EEY7wmynfXZkSHSKjTQj3UhoygQHwti3qomiNh8sdQpEOFcsQJ4ZqzoKAEEIjxS6gUeRMSBHYyLjA,8.3M,147M,N/A
2026-07-28 23:21:06,enchantedbrook,What’s your wish? ✨ #tarot #tarotreading #tarotreader #fyp #foryou,https://www.tiktok.com/@enchantedbrook/video/7653894964560055570?is_from_webapp=1&sender_device=pc,"#tarot, #tarotreading, #tarotreader, #fyp, #foryou",2664,308,55,FALSE,0,Clean,N/A,The Experience is the purpose. 🌌,,112,4709,N/A
2026-07-28 23:21:27,top.watches09,#watches #luxury #luxurylifestyle,https://www.tiktok.com/@top.watches09/video/7666808157489941793?is_from_webapp=1&sender_device=pc,"#watches, #luxury, #luxurylifestyle",11,0,2,FALSE,22,Almost Certainly a Scam,"Keyword: 'luxury', Keyword: 'watch', Hashtag: '#watch', Hashtag: '#watches', Hashtag: '#luxury', Phone number in bio","👇Topqualityjwatches⌚️ Contact➕
WhatsApp🅰️🅿️🅿️:+86 15920521268",,482,5165,N/A
2026-07-28 23:23:26,lofifruitsmusic,A Soothing Playlist for a Restful Night's Sleep (feat. Lil Baby),https://www.tiktok.com/@lofifruitsmusic/video/7581640502290713857?is_from_webapp=1&sender_device=pc,N/A,1454,18,66,TRUE,0,Clean,N/A,"𝗣𝗹𝗮𝘆𝗹𝗶𝘀𝘁𝘀 𝘁𝗼 𝘀𝘁𝘂𝗱𝘆, 𝗿𝗲𝗹𝗮𝘅 𝗮𝗻𝗱 𝘀𝗹𝗲𝗲𝗽 𝘁𝗼 👇",https://sndl.ink/soundlink/ujtMwUyv8hDQa2Y8ApOGm?ttclid=E_C_P_CtEBCVmDeChenjQXnfQk2HjPiBHrx6_q0OXMB6KNZCrxOYYU9KKLS0Mz9-K_k12RqRGyN_Jh-i1CVJJ1pxTUXkVVvz_adJfoAFeJ9PVeT72atTcotRiWjPLblnEOYy5UCN7FyXNby9jqHkGqynjKeNU_v1ZJC0ntBPCbs8hwvzQrzEB9XdL1Mvqn6e4-BN4YOeTziNrEsvTpP740tphrlrhK-Ao8NZS4er6LHZn4eQUxrUr5DrOuHFVZkMWW1G4WRW4Pe28-lxCZVlfZKGmXOiTb5NASBHYyLjA,8.3M,147M,N/A
2026-07-28 23:23:46,vookum,"Buying an UBER RARE vintage rolex day date for an incredible deal. I bought this 36mm rose gold Rolex day date for about $8,000 UNDER MARKET PRICE!!!I don’t think I could ever sell this #rolex #watches #luxury",https://www.tiktok.com/@vookum/video/7643985369108647198?is_from_webapp=1&sender_device=pc,N/A,20K,50,134,FALSE,12,Almost Certainly a Scam,"Keyword: 'luxury', Keyword: 'rolex', Keyword: 'watch', Keyword: 'buy'","YouTuber - Watches & Jewelry Business
# 1 Live Seller On The Internet
⚠️ Beware of impersonation scams (Facebook & telegram)",https://www.tiktok.com/link/v2?aid=1988&lang=en&scene=bio_url&target=https%3A%2F%2Fyoutube.com%2F%40vookummedia%3Fsi%3DUzhPc5_fwl9YWrK8,2.5M,69.8M,N/A
2026-07-28 23:25:45,Lobosjewelry,"Buying an UBER RARE vintage rolex day date for an incredible deal. I bought this 36mm rose gold Rolex day date for about $8,000 UNDER MARKET PRICE!!!I don’t think I could ever sell this #rolex #watches #luxury",https://www.tiktok.com/@Lobosjewelry/video/7625978788362407184?is_from_webapp=1&sender_device=pc,"#rolex, #watches, #luxury",310,7,1,TRUE,16,Almost Certainly a Scam,"Keyword: 'luxury', Keyword: 'rolex', Keyword: 'watch', Keyword: 'buy', Hashtag: '#watch', Hashtag: '#watches', Hashtag: '#luxury'",Premium Jewelry 🧊,https://www.lobosjewelry.com/collections/best-sellers?tt_campaignid=1805998317176881&utm_term=__ADGROUP_NAME__&utm_source=tiktok&utm_id=1805998317176881&utm_campaign=DDU_PROSPECTING_COST%20CAPS&utm_medium=paid_social&utm_content=__AD_NAME__&ttclid=E_C_P_CtMBG5Rfe6c2_JqC6XoV8jGQAS3AzUrPNHk7P3gZzWPlRaIRuU0JQPCvtiHWcFe8uMhHsIjMv1CxMf4RNwyhPlDUfZULzlMOOjmlfQcLa3SixVKUSfmKJ3iA3drkqnpguCfAElbsxc2EsmMAnewK_FSoHGojZcyqrxbZiBFDi06yBXHGO5eUo2EXez2tEleNs1v_qZrW-A2bL6qmVjMp7DLUZGi4528t9gk0DKdrSL-ymII3wMf8hmO-dMChJUMqczVNJ7NSEciWIkW9TTx0mxTrtBv2SBIEdjIuMA,10.1K,64.2K,N/A
2026-07-28 23:27:45,ukcomedyfun2.0,Infinite Shampoo Prank #funnytiktok #gunnyprank #prankvideo #funnypranks #prankviedo,https://www.tiktok.com/@ukcomedyfun2.0/video/7664317949087403294?is_from_webapp=1&sender_device=pc,"#funnytiktok, #gunnyprank, #prankvideo, #funnypranks, #prankviedo",13.6K,309,584,FALSE,0,Clean,N/A,Memes paɢe😂 FᎧllᎧw me if I made ʏᎧu lauɢh EnjᎧʏ the memes dᎧn’t take it persᎧnallʏ 🤣 All kinds Ꭷf memes,,48.1K,852.1K,N/A
2026-07-28 23:28:05,olesyahapon,"No head tilting, no dizziness, no constant swapping. Just clear sight.",https://www.tiktok.com/@olesyahapon/video/7662297640662469889?is_from_webapp=1&sender_device=pc,N/A,67,6,9,TRUE,2,Suspicious,N/A,No bio yet.,https://www.heyzeyla.us/magicglasses12_en/best7?utm_source=tiktok&utm_id=1870677214807170&utm_campaign=051_v3-7.5-en-7.14&utm_medium=paid&ttclid=E_C_P_CtMBAqubDdqVnL5OvHULcpG6hXLPNr_dslhPAQFODjwVGiVnpJhhaDki8fH3rX6-dxKcDI6xADgUrTz0xChblGNq_IypiWjQEdDHaXfZtbQXtWEsL3TheJEcDvEUL8DMDiAYRZtddlnFxRIvfnBxs2sbeEgb-6PsIvV1B3-g5VS8Zdi7txNfGbwOqrSz0_w3tB3tVW6AGa96d8bjHClUdXTIMGNQ6w9kZFC7P4VPevKfIkUbsAtzOFkEOlMmGPG28LnqstQld5Dx1hR0g-5Hss6ezQIN1RIEdjIuMA,2784,15.4K,N/A
2026-07-28 23:28:25,watchexpertreacts,@Breitling #wwe #romanreigns @Roman Reigns #breitling #wrestlemania,https://www.tiktok.com/@watchexpertreacts/video/7642437371836796182?is_from_webapp=1&sender_device=pc,"#wwe, #romanreigns, #breitling, #wrestlemania",756,2,11,FALSE,4,Probable Scam,Keyword: 'watch',YT - Nico Leonard,,60.1K,2M,N/A
2026-07-28 23:28:45,thewatchkingnyc,YOU GET PAID TO LEARN THE BUSINESS 😎😎 #watch #watchcollector #jewelry #watchmania #viral,https://www.tiktok.com/@thewatchkingnyc/video/7651348501476969742?is_from_webapp=1&sender_device=pc,"#watch, #watchcollector, #jewelry, #watchmania, #viral",24K,28,94,FALSE,7,Suspicious,"Keyword: 'watch', Hashtag: '#watch'","Day in the life of a watch wholesaler
📍 13 W 47th Street New York, NY
10036",https://www.tiktok.com/link/v2?aid=1988&lang=en&scene=bio_url&target=https%3A%2F%2Fwww.tiktok.com%2F%40thewatchkingnyc_2.0%3F_t%3D8ph0GpgBsE6%26_r%3D1,712.1K,21.3M,N/A
2026-07-28 23:30:45,bridghgyij1,Don’t miss it #tiktokshop #fyp #TikTokShopHolidayHaul #makeup #brushholder,https://www.tiktok.com/@bridghgyij1/video/7644495876982836494?is_from_webapp=1&sender_device=pc,"#tiktokshop, #fyp, #TikTokShopHolidayHaul, #makeup, #brushholder",338,88,35,FALSE,3,Suspicious,Keyword: 'shop',No bio yet.,,529,8033,N/A
2026-07-28 23:31:04,joshua.h19,Yeaaaah baby. 🔊Weird how many 18 year olds suddenly own £50k+ watches in the comments when I post a video 👀🐸☕️ #rolex #ap #patek #richardmille,https://www.tiktok.com/@joshua.h19/video/7636110691857927446?is_from_webapp=1&sender_device=pc,N/A,567,213,4,FALSE,8,Almost Certainly a Scam,"Keyword: 'rolex', Keyword: 'watch', Keyword: 'dm'",No bio yet.,,144,40.9K,N/A
2026-07-28 23:33:08,collabhouse.com,"One music ecosystem to release, promote, build your community, and unlock new opportunities.",https://www.tiktok.com/@collabhouse.com/video/7641671286946745622?is_from_webapp=1&sender_device=pc,"#rolex, #ap, #patek, #richardmille",1907,33,107,TRUE,2,Clean,N/A,ꜱʏɴᴄ ʟɪᴄᴇɴꜱɪɴɢ • ɪɴꜰʟᴜᴇɴᴄᴇʀ ᴄᴀᴍᴘᴀɪɢɴꜱ • ᴍᴜꜱɪᴄ ɴꜰᴛꜱ • ᴍᴜꜱɪᴄ ᴅɪꜱᴛʀɪʙᴜᴛɪᴏɴ,https://go.collabhouse.com/signup?utm_source=tiktok&utm_id=1865511607603409&utm_campaign=Collabhouse%20GO%20Launch&utm_medium=paid&ttclid=E_C_P_CtIBvzZx437kplseAdQ9sYMvKqnt1rQ4AqTq1-bxdJZJNqo9jFXO57X9xA0qNLnMWcnwZ7MK-L4SwNtEWEzg-bpW8trHoDA_meg_yZGO-ZJAT8pu61uWwlycc94Kck6T36jLKY_v4YzZ7RRcX6K1OJu7yYnu6F0ErdnPf8ZDYHTV20V4YWRyX66MypVdy-kwEY0iLfAFJa6epvOxi5l1xR9AirEZwYwLEIx-CRsIL-DjK4nOetTqC8LaM8tz_hi7i9kjNstVEyhIHvp8DbKsSrAzSEeiEgR2Mi4w,11.8K,95.1K,N/A
2026-07-28 23:33:27,derpdynamo,Others men kindness moments vs last one #tiktok #trollface,https://www.tiktok.com/@derpdynamo/video/7645221934082428173?is_from_webapp=1&sender_device=pc,#trollface,1M,2889,12.1K,FALSE,4,Clean,N/A,"🎬 Looking for a YouTube Partner
💰 50/50 Revenue Share
📩 DM @derp Dynamo",https://www.tiktok.com/link/v2?aid=1988&lang=en&scene=bio_url&target=https%3A%2F%2Fwww.youtube.com%2F%40derpdynamo,169.8K,3.1M,N/A
2026-07-28 23:33:47,fate.studio5,#tarotreader #tarotcards #manifestation #astrology #esoterism,https://www.tiktok.com/@fate.studio5/video/7648004052403391777?is_from_webapp=1&sender_device=pc,"#tarotreader, #tarotcards, #manifestation, #astrology, #esoterism",614,49,9,FALSE,3,Low Risk,N/A,"Instagram: Fatestudio.app
Download the app⤵️⤵️
linktr.ee/Fatestudio.app",,303,17.4K,N/A
2026-07-28 23:34:07,1q2w3e691,,https://www.tiktok.com/@1q2w3e691/video/7667609957444963617?is_from_webapp=1&sender_device=pc,N/A,31,6,2,TRUE,5,Suspicious,Phone number in bio,34 617192409,/messages?u=7005981539260105733,4223,83.9K,N/A
2026-07-28 23:34:26,werger.foiles,"Rolex Datejust 41Model: M126334-0002Collection: Datejust 41Features: Blue Dial | Fluted Bezel | Jubilee Bracelet | Oystersteel CaseThe deep blue dial combined with the iconic fluted bezel and Jubilee bracelet creates a refined and elegant presence on the wrist.The classic 41mm case blends polished details with the durability of steel, revealing a sophisticated shine under different lighting conditions.The clean blue dial, date display, and baton markers create a balanced and timeless design. #luxurywatch #timepiece #luxurylifestyle #watchoftheday⌚🔥 #fyp",https://www.tiktok.com/@werger.foiles/video/7667216668728298785?is_from_webapp=1&sender_device=pc,N/A,768,4,33,FALSE,18,Almost Certainly a Scam,"Keyword: 'luxury', Keyword: 'rolex', Keyword: 'watch', Phone number in description","Which watch fits your vibe? ⌚
👇 Tap to see more: WhatsApp
Link: kernel.bio.link",https://www.tiktok.com/link/v2?aid=1988&lang=en&scene=bio_url&target=Kernel.bio.link,4877,227.5K,N/A
2026-07-28 23:36:26,thewatchkingnyc,NOW ITS THE CRYSTAL 😂😂 #watch #watchcollector #jewelry #watchmania #viral,https://www.tiktok.com/@thewatchkingnyc/video/7650243380328402190?is_from_webapp=1&sender_device=pc,"#luxurywatch, #timepiece, #luxurylifestyle, #watchoftheday⌚🔥, #fyp, #watch, #watchcollector, #jewelry, #watchmania, #viral",35.8K,55,250,FALSE,8,Probable Scam,"Keyword: 'watch', Hashtag: '#watch', Hashtag: '#luxury'","Day in the life of a watch wholesaler
📍 13 W 47th Street New York, NY
10036",https://www.tiktok.com/link/v2?aid=1988&lang=en&scene=bio_url&target=https%3A%2F%2Fwww.tiktok.com%2F%40thewatchkingnyc_2.0%3F_t%3D8ph0GpgBsE6%26_r%3D1,712.1K,21.3M,N/A
2026-07-28 23:38:26,catmonr8,$39 MegaPad + free floor stand,https://www.tiktok.com/@catmonr8/video/7667257932614044929?is_from_webapp=1&sender_device=pc,N/A,1,1,1,TRUE,5,Suspicious,N/A,No bio yet.,https://www.mantloom.com/products/mega-pad?st=&utm_source=tiktok&utm_id=1871881950547986&utm_campaign=HOOMA%20&utm_medium=paid&ttclid=E_C_P_CtMBrzc0UTSW9PjGFjsgf7li1HYJdHKuZZi8hBiyX9eNYKflpTNjotPqQrVu4pMB3MoZM1Ux2SAq0jUK02hRy9BUkpVmwd00lRjQ8fvkNq0_jGi1JnW2kIQQvHlW2zJeRY9aHOpNaDSizP6aQ7nyBtYZNtMSx_iyUc8JWtHpF4_IvbADiMSjidoK9Lx5XAV51J3MgMDbdY0WMHMKSFZa5G0oXbk_7CSScoAHs_hnxuJQh0wYd_vjKsZKPMrgtAiE3Y1Ud8Ba8EyJIXvI4A5xJP0sS7ajfhIEdjIuMA,17,317,N/A
2026-07-28 23:38:47,oxygeneo_hongkong,Discover B2B Pricing for Wholesale Needs: Contact Us,https://www.tiktok.com/@oxygeneo_hongkong/video/7660442695202000150?is_from_webapp=1&sender_device=pc,N/A,81,7,3,TRUE,7,Probable Scam,Keyword: 'contact',"Peptide supplier

🔗https://www.neovapeptide.com/",https://www.mantloom.com/products/mega-pad?st=&utm_source=tiktok&utm_id=1871881950547986&utm_campaign=HOOMA%20&utm_medium=paid&ttclid=E_C_P_CtMBrzc0UTSW9PjGFjsgf7li1HYJdHKuZZi8hBiyX9eNYKflpTNjotPqQrVu4pMB3MoZM1Ux2SAq0jUK02hRy9BUkpVmwd00lRjQ8fvkNq0_jGi1JnW2kIQQvHlW2zJeRY9aHOpNaDSizP6aQ7nyBtYZNtMSx_iyUc8JWtHpF4_IvbADiMSjidoK9Lx5XAV51J3MgMDbdY0WMHMKSFZa5G0oXbk_7CSScoAHs_hnxuJQh0wYd_vjKsZKPMrgtAiE3Y1Ud8Ba8EyJIXvI4A5xJP0sS7ajfhIEdjIuMA,794,2208,N/A
2026-07-28 23:40:46,jacobandco,When @canelo walks in the door. #jacobandco #inspiredbytheimpossible,https://www.tiktok.com/@jacobandco/video/7655389961780202782?is_from_webapp=1&sender_device=pc,"#jacobandco, #inspiredbytheimpossible",19.4K,90,235,FALSE,2,Clean,N/A,Inspired by the Impossible,https://www.tiktok.com/link/v2?aid=1988&lang=en&scene=bio_url&target=https%3A%2F%2Fjacobandco.shop%2Fpages%2Fcollections,6.7M,122.6M,N/A
2026-07-28 23:41:15,lucytimepieces.comm,#luxury #lucytimepieces #luxurywatches #watch #watches,https://www.tiktok.com/@lucytimepieces.comm/video/7654961479300467988?is_from_webapp=1&sender_device=pc,"#luxury, #lucytimepieces, #luxurywatches, #watch, #watches",672,5,33,FALSE,13,Almost Certainly a Scam,"Keyword: 'luxury', Keyword: 'watch', Hashtag: '#watch', Hashtag: '#watches', Hashtag: '#luxury'","Watchess Details
Things most people miss
🌐 inf.o us",https://www.tiktok.com/link/v2?aid=1988&lang=en&scene=bio_url&target=http%3A%2F%2Flucytimepieces.com%2Fcollections,71K,2.2M,N/A
2026-07-28 23:43:15,user3962393298435,Don't miss out #tiktokshop #fyp #TikTokShopHolidayHaul #makeup #brushholder,https://www.tiktok.com/@user3962393298435/video/7665730592209751327?is_from_webapp=1&sender_device=pc,"#tiktokshop, #fyp, #TikTokShopHolidayHaul, #makeup, #brushholder",275,106,84,FALSE,3,Suspicious,Keyword: 'shop',No bio yet.,,3360,21.2K,N/A
2026-07-28 23:58:46,timetreasures8,#luxury #patekphilippe #quality #business #cost,https://www.tiktok.com/@timetreasures8/video/7667216296764837142?is_from_webapp=1&sender_device=pc,"#luxury, #patekphilippe, #quality, #business, #cost",1762,11,47,FALSE,20,Almost Certainly a Scam,"Keyword: 'luxury', Keyword: 'quality', Keyword: 'quality', Hashtag: '#luxury', Phone number in bio","best quality and service
Dm me WhatsApp：+86 17856524867",,54K,1.3M,N/A
2026-07-29 0:00:47,camilblum2r,Don’t miss it #tiktokshop #fyp #TikTokShopHolidayHaul #makeup #brushholder,https://www.tiktok.com/@camilblum2r/video/7658148620247551263?is_from_webapp=1&sender_device=pc,"#tiktokshop, #fyp, #TikTokShopHolidayHaul, #makeup, #brushholder",275,136,75,FALSE,3,Suspicious,Keyword: 'shop',No bio yet.,,2081,14.5K,N/A
2026-07-29 0:01:15,brownolivia89,Tissot watch⌚️ #Rolex #Tissot #Casio #watch #Cartier,https://www.tiktok.com/@brownolivia89/video/7638995772582677781?is_from_webapp=1&sender_device=pc,"#Rolex, #Tissot, #Casio, #watch, #Cartier",4932,57,398,FALSE,11,Probable Scam,"Keyword: 'rolex', Keyword: 'watch', Hashtag: '#watch', Phone number in bio","🛍️whatsapp:86:country code +86(China)17746055604
Chinese luxury goods factory!!
@Geniue This is my main account!",,934,19.5K,N/A
2026-07-29 0:03:16,yihengshixiong,Make a wish ! It works #crystalbracelet #crystal #diy #jewelry #crystalhealing,https://www.tiktok.com/@yihengshixiong/video/7665378346561244424?is_from_webapp=1&sender_device=pc,"#crystalbracelet, #crystal, #diy, #jewelry, #crystalhealing",2669,2572,459,FALSE,0,Clean,N/A,"Tailor made bracelets/life report reading
Fengshui/Bazi/Marriage/Career/Ritual/Horoscope
五行水晶訂製🔮 生辰手串訂製
事業/感情/運勢/健康",,1686,40.7K,N/A
2026-07-29 0:03:38,korea_travel_esim,LG U+ eSIM: Seamless Travel with Korea's 5G Network,https://www.tiktok.com/@korea_travel_esim/video/7667445497606507784?is_from_webapp=1&sender_device=pc,N/A,3,0,Share,TRUE,5,Suspicious,N/A,"koreasim.lguplus.com
Look for Korea eSIM",https://www.lguplus.com/korea-sim/eng/pc/product/esim?tab=data&utm_source=tiktok&utm_medium=paid&utm_campaign=conversion&utm_id=1869584428437874&utm_content=No_throttling&ttclid=E_C_P_CtMBulZhMtmmp3_npXgFaU8cSkYuVTS_nEE9UP4Oujh45vyXrVYAdyT92pv7LHl5hjSONuEJ0jzrOk5sGTPPbtUdLlY8TGhWqvwKa01sC3zQvlNeYE2Dw18NKGaW-GnwFDUUvebiY1wEHMnso7r8VRj_e9-8VZn6NTQ07_6YcEUglKIag9I9hOF8Zxk7CnAIZv5zWhSDO8T-nOduPDAXpioDLFSBJnpyi846Thos8FnT9HAHrzesj7D7Dkmlqg6abngfdmhleH2zbiiPd_mahEDeEnty7xIEdjIuMA,7,46,N/A
2026-07-29 0:03:57,thewatchkingnyc,IS IT OVER POlISHED ❓❓ #watch #watchcollector #jewelry #watchmania #viral,https://www.tiktok.com/@thewatchkingnyc/video/7657304464151399693?is_from_webapp=1&sender_device=pc,"#watch, #watchcollector, #jewelry, #watchmania, #viral",17.1K,49,61,FALSE,7,Suspicious,"Keyword: 'watch', Hashtag: '#watch'","Day in the life of a watch wholesaler
📍 13 W 47th Street New York, NY
10036",https://www.tiktok.com/link/v2?aid=1988&lang=en&scene=bio_url&target=https%3A%2F%2Fwww.tiktok.com%2F%40thewatchkingnyc_2.0%3F_t%3D8ph0GpgBsE6%26_r%3D1,712.1K,21.3M,N/A
2026-07-29 0:05:57,thelion2710,#CapCut #SAMA28 #fyp #viral #tasteofsunshine,https://www.tiktok.com/@thelion2710/video/7665556657346219285?is_from_webapp=1&sender_device=pc,"#CapCut, #SAMA28, #fyp, #viral, #tasteofsunshine",3665,214,862,FALSE,0,Clean,N/A,"🦁🦁🦁🦁🦁🦁🦁🦁🦁🦁🦁🦁🦁🦁🦁
#thelion2710",,481.2K,5.2M,N/A
2026-07-29 0:06:17,lsle058,Is this even real？ #crystal #energy #crystalhealing #naturalstone #true,https://www.tiktok.com/@lsle058/video/7650460305947905298?is_from_webapp=1&sender_device=pc,"#crystal, #energy, #crystalhealing, #naturalstone, #true",1269,916,214,FALSE,0,Clean,N/A,,,,,N/A
2026-07-29 0:06:40,korea_travel_esim,Unlock True Unlimited 5G with LG U+ eSIM,https://www.tiktok.com/@korea_travel_esim/video/7667452317037284629?is_from_webapp=1&sender_device=pc,N/A,0,0,Share,TRUE,5,Suspicious,N/A,"koreasim.lguplus.com
Look for Korea eSIM",https://www.lguplus.com/korea-sim/eng/pc/product/esim?tab=data&utm_source=tiktok&utm_medium=paid&utm_campaign=conversion&utm_id=1869584428437874&utm_content=Land_Connected&ttclid=E_C_P_CtMB610hu2AAVEquZGXOjscUjCPEhHCSYZpnWiRnjFmIPi_NS8D0G11vEusRjXDWfaL-LUQ8XoXWX3mS_JpDENMDvxvDZXqV86_uENTtLTCqf229YBP7eufE9XHkatIgV9BzbA5XfRDrKJ5M0masRcLj5wy8nA83NMX2v8iE56l85J5zpqQpeMyZFXvxPlEowAEsE_SXHQ6TM8Pl8xxdsRPth6moOrsW7aS-F0nfMwzpzT-k-UwF3EMnNCgRN4I66mQcRHbuXO8tvHrxr8djk7S59zv5qhIEdjIuMA,7,46,N/A
2026-07-29 0:07:00,rebecca.akre4,,https://www.tiktok.com/@rebecca.akre4/video/7664511631761722656?is_from_webapp=1&sender_device=pc,N/A,118.3K,1496,3197,FALSE,0,Clean,N/A,No bio yet.,,26.7K,121.5K,N/A
2026-07-29 0:07:20,sava.amsterdam,BIGGEST SALE OF THE YEAR LIVE,https://www.tiktok.com/@sava.amsterdam/video/7576996012347247894?is_from_webapp=1&sender_device=pc,N/A,2622,17,46,TRUE,2,Clean,N/A,Based in Amsterdam. Crafted by two brothers.,https://sava-amsterdam.com/products/cross-chain?utm_source=tiktok&utm_medium=paid&utm_id=1848629582426290&utm_campaign=Silver%20Cross%20Chain%20-%20Conversions%20-%20ROAS%201.2%20-%20CPP%20%E2%82%AC42&ttclid=E_C_P_CtIBahOmLibMF_xhYpsi390iftH5mlhatn1GeIyZk807yJd6TKXAer3nhDCoJvMDXlPFj58XiZpNxP5SDbcnf9UxaZ9F6zPRXS57dKGZI-Gf0N4VMN-v_0sbK0UOgZpQfhPRhiT0UNUQr55lOY6O-4ybtIXgxv8hrBEddOaqHOgZW8oVF1bFfy2SzL0m2ulLoahSmicDzZjdlKEPVlYIYeH6j9M4VVEsNtHheqbohErqgb3W0TodevxnGfkmN2rQmAi2zWD_sKPeq3daCSNe5EY51kBaEgR2Mi4w,13.1K,227.1K,N/A
2026-07-29 0:07:51,okdiario_oficial,,https://www.tiktok.com/@okdiario_oficial/video/7667223390662544672?is_from_webapp=1&sender_device=pc,N/A,9.2M,138K,1.7M,FALSE,2,Clean,N/A,📰 Las noticias que nadie se atreve a contar 🗞,https://www.tiktok.com/link/v2?aid=1988&lang=en&scene=bio_url&target=okdiario.com,2.7M,168.4M,N/A
2026-07-29 0:08:12,user5149373502829,Bold Masculine Luxury Watch Limited Savings,https://www.tiktok.com/@user5149373502829/video/7662331086495845653?is_from_webapp=1&sender_device=pc,N/A,80,1,7,TRUE,8,Probable Scam,"Keyword: 'luxury', Keyword: 'watch'",No bio yet.,https://xmgtri.com?utm_source=tiktok&utm_id=1870683363677618&utm_campaign=xmgtri%20&utm_medium=paid&ttclid=E_C_P_CtMBYNniYtRz5XlQs5f2MTvkB0ayTu8v62eWSPFk6vS1BRzsDGlkRoRtLez0PFAbpIVmyItAz-qNup0i4PfuvG5wlSiW1zeQ4OpNhRd4L28Dlbcsn36EDfCDsSCzBLtJHfhwNhsT2_WsdhUb2GzimECC4Rz80_T38b5npFTSsEWPCDEP_jTTBakAEMyr7q_ffPsPGmvi8SbkDZKox-0CKqTE__Woiog9-eWj0BNOh1u3gEr-bDWUb1r1dgJTTD0lwx8Mo5nu7ZDQvy48o1eFTp-yLte-EBIEdjIuMA,643,10.3K,N/A
2026-07-29 0:10:17,bentaylor_nyc,luxury car accessories,https://www.tiktok.com/@bentaylor_nyc/video/7666875149932645662?is_from_webapp=1&sender_device=pc,N/A,46.2K,118,2293,FALSE,8,Suspicious,Keyword: 'luxury',"Lifestyle, Home & Tech
team@bentaylormedia.com
Shop My Amazon ⬇️",https://www.tiktok.com/link/v2?aid=1988&lang=en&scene=bio_url&target=https%3A%2F%2Fbeacons.ai%2Fbentaylormedia,802.4K,24.5M,N/A
2026-07-29 0:12:17,mr.xiao324,"Comment créer cette vidéo mignonne où l'objet gonfle quand on le serre ? C’est super facile, je vais te montrer comment faire Tout d'abord, appuyez sur la flèche en bas à droite. Copiez le lien. Appuyez sur le modèle CapCut en bas à gauche. Si vous ne le voyez pas, appuyez sur ma photo de profil et retrouvez cette vidéo. Appuyez sur le modèle en bas à gauche. Appuyez sur le bouton « Utiliser le modèle ». Importez une photo de vous. Appuyez sur « Suivant » et le tour est joué ! Essayez ! #capcutforus #capcut #capcutpioneer #CapCat #ai",https://www.tiktok.com/@mr.xiao324/video/7666389997347474708?is_from_webapp=1&sender_device=pc,N/A,56,1,7,FALSE,2,Suspicious,N/A,No bio yet.,,26.4K,1.1M,N/A
2026-07-29 0:12:37,top.watches25,"Comment créer cette vidéo mignonne où l'objet gonfle quand on le serre ? C’est super facile, je vais te montrer comment faire Tout d'abord, appuyez sur la flèche en bas à droite. Copiez le lien. Appuyez sur le modèle CapCut en bas à gauche. Si vous ne le voyez pas, appuyez sur ma photo de profil et retrouvez cette vidéo. Appuyez sur le modèle en bas à gauche. Appuyez sur le bouton « Utiliser le modèle ». Importez une photo de vous. Appuyez sur « Suivant » et le tour est joué ! Essayez ! #capcutforus #capcut #capcutpioneer #CapCat #ai",https://www.tiktok.com/@top.watches25/video/7660965663942462753?is_from_webapp=1&sender_device=pc,"#capcutforus, #capcut, #capcutpioneer, #CapCat, #ai, #watch, #luxury, #luxurylifestyle",1020,17,65,FALSE,14,Probable Scam,"Keyword: 'watch', Hashtag: '#watch', Hashtag: '#luxury', Phone number in bio","👇Topqualitywatches ⌚️ Contact👇
➕whats🅰️🅿️🅿️:+86 15920521268",,25K,293.1K,N/A
2026-07-29 0:14:37,bykethryn,Every single time… #beauty #hair #makeup #outfit #pov,https://www.tiktok.com/@bykethryn/video/7665768283550846230?is_from_webapp=1&sender_device=pc,"#beauty, #hair, #makeup, #outfit, #pov",1.9M,4741,160K,FALSE,0,Clean,N/A,"Beauty | Skincare & Makeup 🌸
📩 Collabs: kathryn.collab@gmail.com
10К?🙏
🤍 Honest skincare & makeup
✨ Testing viral beauty products",,4214,1.9M,N/A
2026-07-29 0:14:57,.dunoir,Du Noir Bracelets: Elevate Your Style Effortlessly,https://www.tiktok.com/@.dunoir/video/7667183375102315798?is_from_webapp=1&sender_device=pc,N/A,26,0,Share,TRUE,5,Suspicious,N/A,Refined essence. Honest luxury.,https://dunoir.co.uk/pages/build-your-stack?utm_source=tiktok&utm_id=1865631545583826&utm_campaign=Lead%20generation20260519083733&utm_medium=paid&tt_campaignid=1865631545583826&ttclid=E_C_P_CtIBS04RrZxY18fVU-X2ezm8Nif4iSeBzKc_KqBNTEDg-lCA1hTX9MgB7YVf7wiHpA_k8qVKCJg3-tptmf9WbCGqnttx-avw7osHDID9L2bVwisSAqwDVB44XysUjP_A3Sm5UuIGJ5JAd8b3xnto9K6dmpGilsYlIa-IC42TJc9KOsFfWXP5Miz1bBcIVAu5jvKaSJDMLEAVsdhsZJbarEmN3NnlkkBa7Szx_YOvATC1XO1XaU4xnuX1bFnV4hFLmTvHWcSHf1Ojsu1C5qr2DIgH0JeGEgR2Mi4w,312,1065,N/A
2026-07-29 0:15:17,blairadqao3,Don’t miss it #tiktokshop #fyp #TikTokShopHolidayHaul #makeup #brushholder,https://www.tiktok.com/@blairadqao3/video/7657765523563793695?is_from_webapp=1&sender_device=pc,"#tiktokshop, #fyp, #TikTokShopHolidayHaul, #makeup, #brushholder",1490,1222,571,FALSE,2,Suspicious,Keyword: 'shop',No bio yet.,,1026,5202,N/A
2026-07-29 0:15:40,nowthatim30s,This is how jewellers make their bread and butter…Do you think this was fair? #negotiation #rolex #sales #timepiece #jewellers,https://www.tiktok.com/@nowthatim30s/video/7666809614331301141?is_from_webapp=1&sender_device=pc,"#negotiation, #rolex, #sales, #timepiece, #jewellers",7605,410,68,FALSE,2,Suspicious,Keyword: 'rolex',Life in your 30's,,9179,1.4M,N/A
2026-07-29 0:15:59,notresucces,Get private access to our restock with exclsuive offers.,https://www.tiktok.com/@notresucces/video/7665121230667795734?is_from_webapp=1&sender_device=pc,N/A,106,0,1,TRUE,5,Suspicious,N/A,No bio yet.,https://notresucces.com/pages/early-access?pb=0&utm_source=tiktok&utm_id=1871335124327553&utm_campaign=Summer%20Private%20Restock%20&utm_medium=paid&tt_campaignid=1871335124327553&ttclid=E_C_P_CtIBEdkwXNEnIWpn_66X4IObzPdb4YQxNkO7CdX6JZVDH3ErEa6nJftX8MO1Qi9h85cv-mTLheCobfdfdVutBPhVVH97UgRETpGXb0raEWKXco39rOIlmQTFWomgZktXXFOOkcg5k92ZLPZRuE8gGa-OC8gw2Qx9gHgz9ptEIW_SXx9zQdtXfO_bMloYast-syWVcGqAsPfzTLaJeIb48NtMn7hN5nt0MsBhozhDurLe7A0zEkl4hQ4prKGnCbNkVnLI_CMx3gla2yBU9g8UD9UhkRhzEgR2Mi4w,26.2K,205.2K,N/A
2026-07-29 0:16:18,the.time.workshop,Three watches I’d wear for the rest of my life (the fun one)… #watchtok #watches #casio #timex,https://www.tiktok.com/@the.time.workshop/video/7652291144411270422?is_from_webapp=1&sender_device=pc,"#watchtok, #watches, #casio, #timex",4126,92,55,FALSE,12,Probable Scam,"Keyword: 'watch', Keyword: 'shop', Hashtag: '#watch', Hashtag: '#watches'","Founder of Riley Watch Co.
Founder perspective.
Industry mechanics.

Instagram for more in depth stuff: time_workshop_",https://www.tiktok.com/link/v2?aid=1988&lang=en&scene=bio_url&target=https%3A%2F%2Ftimeworkshop.com%2Fdiscover%2F,16.4K,147.7K,N/A
2026-07-29 0:18:18,thelion2710,#CapCut #SAMA28 #fyp #fypviral #fyppp,https://www.tiktok.com/@thelion2710/video/7661845491461770517?is_from_webapp=1&sender_device=pc,"#watchtok, #watches, #casio, #timex, #CapCut, #SAMA28, #fyp, #fypviral, #fyppp",7812,209,1215,FALSE,2,Suspicious,"Hashtag: '#watch', Hashtag: '#watches'","🦁🦁🦁🦁🦁🦁🦁🦁🦁🦁🦁🦁🦁🦁🦁
#thelion2710",,481.2K,5.2M,N/A
2026-07-29 0:18:41,watchbyjuls1,How long did you wait for it to? Not long … from $4000 to $1500 in less than one week 😰 #ap #swatch,https://www.tiktok.com/@watchbyjuls1/video/7642452537328536845?is_from_webapp=1&sender_device=pc,"#ap, #swatch",31.8K,,934,FALSE,11,Suspicious,Keyword: 'watch',"🤝Buy, Sell / Trade Luxury Watches
📍36 West 47th Street, W9, NYC
📩 inquiries: watchbyjuls@gmail.com
Not affiliated with any brands",https://www.tiktok.com/link/v2?aid=1988&lang=en&scene=bio_url&target=https%3A%2F%2Fyoutu.be%2Fwo7fskN2F_w%3Fsi%3Duy2KmxyBmvpjauyB,800K,17.6M,N/A
2026-07-29 0:20:41,vookum,"I made ALMOST NOTHING on this $42,000 investment… would you risk $42K for that much of a return??? #rolex #watches #business #entrepreneur #luxury",https://www.tiktok.com/@vookum/video/7655432897783926047?is_from_webapp=1&sender_device=pc,N/A,1806,12,14,FALSE,11,Almost Certainly a Scam,"Keyword: 'luxury', Keyword: 'rolex', Keyword: 'watch'","YouTuber - Watches & Jewelry Business
# 1 Live Seller On The Internet
⚠️ Beware of impersonation scams (Facebook & telegram)",https://www.tiktok.com/link/v2?aid=1988&lang=en&scene=bio_url&target=https%3A%2F%2Fyoutube.com%2F%40vookummedia%3Fsi%3DUzhPc5_fwl9YWrK8,2.5M,69.8M,N/A
2026-07-29 0:22:41,gairacrystals,"I made ALMOST NOTHING on this $42,000 investment… would you risk $42K for that much of a return??? #rolex #watches #business #entrepreneur #luxury",https://www.tiktok.com/@gairacrystals/video/7659602784647531807?is_from_webapp=1&sender_device=pc,"#rolex, #watches, #business, #entrepreneur, #luxury, #fyp, #crystals, #crystaltok, #necklace, #citrine",729,905,264,FALSE,10,Almost Certainly a Scam,"Keyword: 'luxury', Keyword: 'rolex', Keyword: 'watch', Hashtag: '#watch', Hashtag: '#watches', Hashtag: '#luxury'","Modern Crystal Jewelry🔮
Designed with Meaning.
Made to Be Worn Daily.
🛒: gairacrystals.com",,347,4206,N/A
2026-07-29 0:24:42,.dunoir,SS26 Drop Now Live. Do not miss out.,https://www.tiktok.com/@.dunoir/video/7667721191381126422?is_from_webapp=1&sender_device=pc,N/A,1,0,Share,TRUE,5,Suspicious,N/A,Refined essence. Honest luxury.,https://dunoir.co.uk/pages/build-your-stack?utm_source=tiktok&utm_id=1865631545583826&utm_campaign=Lead%20generation20260519083733&utm_medium=paid&tt_campaignid=1865631545583826&ttclid=E_C_P_CtIBIdoteuOwKPwwPxbQp7-sn_gSXUIdTh15R7OuJKvEfWZL_QtNx-6aWsb7heMUwAu9WN4g8lD67lWogJ2qjJ4Ve1du4k7Uik49eOlWw5dYdhxYX0tls-SNrg20ytylZPslexPPd2bISOZIWskAo2FN6dvzAUB14ksER2_hMdIJj-MikbprqpVDuHCTKPZXeE6sWPFTk0-WS9moBoU536ifSS7LTuF2_B8l6uODZ5WkECYN35E8htC5tkCVLq3lRtb9l64h-YT75cLXmSUYWg8c4o-JEgR2Mi4w,312,1065,N/A
2026-07-29 0:25:02,danielspocketwatch,What an awesome orange dial! #watchtok #watches #watchcollector #watch #wristwatch,https://www.tiktok.com/@danielspocketwatch/video/7657182110192618783?is_from_webapp=1&sender_device=pc,"#watchtok, #watches, #watchcollector, #watch, #wristwatch",2373,80,26,FALSE,10,Probable Scam,"Keyword: 'watch', Hashtag: '#watch', Hashtag: '#watches'","Learning about Watches: Inside & Out.
Repair | Restore| Style
The Art of the Timepiece ⏱️",https://www.tiktok.com/link/v2?aid=1988&lang=en&scene=bio_url&target=https%3A%2F%2Flinktr.ee%2Fdanielspocket,5269,104.3K,N/A
2026-07-29 0:27:01,jacobandco,We're at Miami F1 #Jacobandco #inspiredbytheimpossible #Bugatti,https://www.tiktok.com/@jacobandco/video/7636314795024583966?is_from_webapp=1&sender_device=pc,"#Jacobandco, #inspiredbytheimpossible, #Bugatti",31K,211,870,FALSE,2,Clean,N/A,Inspired by the Impossible,https://www.tiktok.com/link/v2?aid=1988&lang=en&scene=bio_url&target=https%3A%2F%2Fjacobandco.shop%2Fpages%2Fcollections,6.7M,122.6M,N/A
2026-07-29 0:27:21,parenghayb,"NYC SERIES: Samahan niyo pa rin kami ng tropahan— Pareng G Pareng Chollo dito sa Diamond District, susubukan natin mag fast flip ng watches kila Juls at Reem. Done deal kaya? 🤔 Let's go! #parenghayb #rolex #luxurywatches #travel #fyp",https://www.tiktok.com/@parenghayb/video/7643788466953784597?is_from_webapp=1&sender_device=pc,"#parenghayb, #rolex, #luxurywatches, #travel, #fyp",88.6K,215,1518,FALSE,11,Almost Certainly a Scam,"Keyword: 'luxury', Keyword: 'rolex', Keyword: 'watch', Hashtag: '#luxury', Phone number in bio","Entrepreneur | Gentry Timepieces |
Proposals: 📧 Hayb@gentry.ph | 0927 950 1910",https://www.tiktok.com/link/v2?aid=1988&lang=en&scene=bio_url&target=Gentry.ph,1.7M,43M,N/A
2026-07-29 0:29:20,brian_luebben,Why do yall wait on rolexes?,https://www.tiktok.com/@brian_luebben/video/7639169926736956703?is_from_webapp=1&sender_device=pc,"#parenghayb, #rolex, #luxurywatches, #travel, #fyp",899,85,19,FALSE,6,Probable Scam,"Keyword: 'rolex', Hashtag: '#luxury'",Left Corporate to Travel World ✈️🏝️🌎,https://www.tiktok.com/link/v2?aid=1988&lang=en&scene=bio_url&target=https%3A%2F%2Fpodcasts.apple.com%2Fus%2Fpodcast%2Faction-academy-millionaire-mentorship-for-your-life%2Fid1588326291,189.1K,5.7M,N/A
2026-07-29 0:31:21,colorize_music,sit back. relax. and enjoy this playlist :),https://www.tiktok.com/@colorize_music/video/7629061519065615638?is_from_webapp=1&sender_device=pc,N/A,6785,38,130,TRUE,0,Clean,N/A,The best in Melodic & Progressive House.,https://ffm.to/colorize-morning-chill.PTK?utm_source=tiktok&utm_id=1839849795795185&utm_campaign=Enhanced%20-%20Morning%20Chill&utm_medium=paid&ttclid=E_C_P_CtEBguGKQRaXHqB76yxmTfinte72SKlHAP7s8B7yjh47SbfoEWFJyDWJ8QXMDJahiWmzRAqKJSL-uQXtmg8Okf4_x0L4nCIw-dEYiOx0CmGYqiA3oyMu5YtYkXccBJwMoafAHNNXqztuB34HT49i20NPjwupHP1Zp94hZlkho0VVq3DODcZPjV5egNgvDaQpAdyXfV2ZTp4ClaN-rOyaVRQnKutZmmCazrUE94iEwMff7qor6WqnyO7-FITxG_4k4dk-SsGPEAH8b73kfMrSd6avcn0SBHYyLjA,15.4K,108.6K,N/A
2026-07-29 0:31:41,rocky99086,#CapCut,https://www.tiktok.com/@rocky99086/video/7658063747059076385?is_from_webapp=1&sender_device=pc,#CapCut,51.2K,856,14K,FALSE,0,Clean,N/A,No bio yet.,,3371,51.8K,N/A
2026-07-29 0:32:01,lucywatches.official,The simplicity of the Oyster Perpetual works perfectly with pastel tones. #lucytimepieces #collections #timpieces #watch #watches,https://www.tiktok.com/@lucywatches.official/video/7657134693456055573?is_from_webapp=1&sender_device=pc,"#lucytimepieces, #collections, #timpieces, #watch",540,2,38,FALSE,9,Probable Scam,"Keyword: 'watch', Hashtag: '#watch'","🎥 Unbox ARMS with lucytimepieces !!!!
|| Original Content by LUCY Team
|| I love US - UK - EU - FR
📧
IG : @lucytimepieces_official✔️",https://www.tiktok.com/link/v2?aid=1988&lang=en&scene=bio_url&target=https%3A%2F%2Fwa.me%2Fmessage%2FEW5DL36SD4J7I1,21.1K,1.1M,N/A
2026-07-29 0:34:01,etherfiels,11:11🔮Soft purple crystal Peace&gentle energy #crystals #crystaltok #healingcrystals #fypage #crystaljewelry,https://www.tiktok.com/@etherfiels/video/7665726593972653326?is_from_webapp=1&sender_device=pc,"#lucytimepieces, #collections, #timpieces, #watch, #watches, #crystals, #crystaltok, #healingcrystals, #fypage, #crystaljewelry",1319,843,198,FALSE,4,Probable Scam,"Keyword: '1:1', Hashtag: '#watch', Hashtag: '#watches'","✨ crystals that pass the vibe check.
Claim yours 👇
www.etherfiels.com",,576,12.2K,N/A
2026-07-29 0:34:21,thelion2710,#CapCut #SAMA28 #fyp #viral #tasteofsunshine,https://www.tiktok.com/@thelion2710/video/7663737523340086549?is_from_webapp=1&sender_device=pc,"#CapCut, #SAMA28, #fyp, #viral, #tasteofsunshine",1572,114,319,FALSE,0,Clean,N/A,"🦁🦁🦁🦁🦁🦁🦁🦁🦁🦁🦁🦁🦁🦁🦁
#thelion2710",,481.2K,5.2M,N/A
2026-07-29 0:34:42,Lobosjewelry,Premium jewelry that’s built to last.,https://www.tiktok.com/@Lobosjewelry/video/7647963237958339857?is_from_webapp=1&sender_device=pc,N/A,18,0,Share,TRUE,5,Suspicious,N/A,Premium Jewelry 🧊,https://www.lobosjewelry.com/collections/bundles?utm_source=tiktok&utm_id=1805998317176881&utm_campaign=DDU_PROSPECTING_COST%20CAPS&utm_medium=paid_social&tt_campaignid=1805998317176881&utm_term=__ADGROUP_NAME__&utm_content=__AD_NAME__&ttclid=E_C_P_CtMBIx9uyJkPzXRQOo6X7RcMYO0d3L94mvej1jyE4nbgg7CjyuT7HeOarxoAS6Guz96VEtp_-kyFYaXGNlbWsew3YQl2SOd4-IzG84sAhy_dUBNtqj_YOsobiYv601ppBaPfd6EVZqbsOy9731plQqhS-eo3OxBb6MhTexh6J8ebHcPkU_JlzrEvEXNiQa_jSVjF0HeBrUMygafKU6Mi22-2gq_fu-qhZlaFOR7uRtfrSPVRcEVtt-o5y8GipWlAe37_RpxLaN6aB5F-IqWfV-dNoe8bWBIEdjIuMA,10.1K,64.2K,N/A
2026-07-29 0:35:01,bens_watches,Is Nico Leonard right about Grand Seiko?,https://www.tiktok.com/@bens_watches/video/7646869434765724941?is_from_webapp=1&sender_device=pc,N/A,17.1K,651,274,FALSE,6,Suspicious,Keyword: 'watch',"It Started with Watches
Now it's Everything
ben@bens-watches.com
New Video ⬇️",https://www.tiktok.com/link/v2?aid=1988&lang=en&scene=bio_url&target=https%3A%2F%2Fwww.wrenwatches.com%2Fwren-ben-signup,222.5K,9.1M,N/A
2026-07-29 0:37:01,thewatchkingnyc,FUTURE ATTORNEY SELLS A 🐼 🐼 #watch #watchcollector #jewelry #watchmania #viral,https://www.tiktok.com/@thewatchkingnyc/video/7665084558089473293?is_from_webapp=1&sender_device=pc,"#watch, #watchcollector, #jewelry, #watchmania, #viral",9754,47,142,FALSE,7,Suspicious,"Keyword: 'watch', Hashtag: '#watch'","Day in the life of a watch wholesaler
📍 13 W 47th Street New York, NY
10036",https://www.tiktok.com/link/v2?aid=1988&lang=en&scene=bio_url&target=https%3A%2F%2Fwww.tiktok.com%2F%40thewatchkingnyc_2.0%3F_t%3D8ph0GpgBsE6%26_r%3D1,712.1K,21.3M,N/A
2026-07-29 0:39:01,colorize_music,sit back. relax. and enjoy this playlist :),https://www.tiktok.com/@colorize_music/video/7653185402790006038?is_from_webapp=1&sender_device=pc,N/A,340,4,12,TRUE,2,Suspicious,N/A,The best in Melodic & Progressive House.,https://ffm.to/colorize-morning-chill.PTK?utm_source=tiktok&utm_id=1839849795795185&utm_campaign=Enhanced%20-%20Morning%20Chill&utm_medium=paid&ttclid=E_C_P_CtEBft6cn2LGvS6GXPnwrGMmgvHrkRsmWw1lYSC5cqoGkUIVgwVdUCZY2DhuWnv5y_JD-WdZz1fVNCUt3G6j3PpmfilPZPmqpfC8HMqBgsKmbLFe1AnzxP-uXTSBBEurrOJ9CRmgTHfDwlwGXuV6CRa_BGxkEY7A3PaIC7F8kL0XESNNMWCmQEeBso-SVoIjvvPGSI5oKtA3U8PVcQHBNPv3otcVwpvO8ldFXiJJS9f5Dqd4n1QoWnFfjwkjrtpkd4W3XqfkEqt6OQgVDgmHuN_acfwSBHYyLjA,15.4K,108.6K,N/A
2026-07-29 0:39:21,olympus_creation,#parleamonduck #kwark #foryoupage❤️❤️ #🦆 #wallpaper,https://www.tiktok.com/@olympus_creation/video/7665061410077986081?is_from_webapp=1&sender_device=pc,"#parleamonduck, #kwark, #foryoupage❤️❤️, #🦆, #wallpaper",51,1,3,FALSE,3,Suspicious,N/A,"🦆Kwark 🦆 THE Ducks ! https://www.parleamonduck.fun/
Viens me parler si tu oses ....",,1648,16.7K,N/A
2026-07-29 0:39:40,dane_mcbeth,New modern home office setup.All products are linked in my bio 🔗 #asmr #satisfying #homeoffice #officesetup #aesthetic,https://www.tiktok.com/@dane_mcbeth/video/7666112259890105620?is_from_webapp=1&sender_device=pc,"#asmr, #satisfying, #homeoffice, #officesetup, #aesthetic",42.9K,221,1556,FALSE,4,Suspicious,Keyword: 'link',dane@upsidedowntalent.com,https://www.tiktok.com/link/v2?aid=1988&lang=en&scene=bio_url&target=www.danemcbeth.com,560.9K,14.6M,N/A
2026-07-29 0:39:59,bpthedev,"I put the new Grok 4.5 model head to head with Opus 4.8... Comment ""Cursor"" and I'll DM you a link for 50% off your first month, plus double Grok 4.5 usage for the first week. I pretty much exclusively code with Claude models, but whenever a new model drops I like to try it out. I was surprised by how much I enjoyed the Cursor experience, and SpaceX's new model, Grok 4.5, is really impressive. @trycursor #Cursor #cursorcreator",,"#homeoffice, #officesetup, #aesthetic",88.1K,,,TRUE,10,Probable Scam,"Keyword: 'dm', Keyword: 'link'","💻 developer | ai | business
📲 building @linkrrstore & @yourkind.io
📩 bpthedev@gmail.com",https://cursor.com/grok-4-5?utm_source=tiktok_paid&utm_medium=paid&utm_campaign=%5BPurchase%5D_Prospecting_Evergreen_Max-Conversions%20-%20%5BCore%20T1%5D%20-%20%5BGrok%204.5%5D&utm_content=I%20put%20the%20new%20Grok%204.5%20model%20head%20to%20head%20with%20Opus%204.8...%20%20Comment%20%22Cursor%22%20and%20I%27ll%20DM%20you%20a%20link%20for%2050%25%20off%20your%20first%20month%2C%20plus%20double%20Grok%204.5%20usage%20for%20the%20first%20week.%20I%20pretty%20much%20exclusively%20code%20with%20Claude%20models%2C%20but%20whenever%20a%20new%20model%20drops%20I%20like%20to%20try%20it%20out.%20I%20was%20surprised%20by%20how%20much%20I%20enjoyed%20the%20Cursor%20experience%2C%20and%20SpaceX%27s%20new%20model%2C%20Grok%204.5%2C%20is%20really%20impressive.%20%40trycursor%20%23Cursor%20%23cursorcreator%20_%5B262%5D%20-%20UGC%20-%20Partnership%20-%20Bailey%20Parker%20-%20Opus%204.8%20vs%20Grok%204.5%20-%20App%20Speech%20t&cc_adgroupid=1871265180558802&cc_adid=1871265211465906&utm_id=1871265131709585&cc_term=Purchase_Prospecting_Competitors_US%7CCA%7CUK&ttclid=E_C_P_CtQBs3CkLd_vOu8uqRdhc3XY9NL-ggfIqQ68mxCbwTbb3azQh3BmmvVkCCUkjjOdYNHhGqe0Fs87kCulUWd04w2cz-87lK5x81wDfNoRNueOfp1ptrWZITNfUd8MvwJdy8b2efkAKmua2wIRLmWsR75n1NLSqPr5WDCgRsfwIrwMwnajCo1ttKTTB23nR9ioe62PwWvLu6fm091opSFPeYwCi_jv_NnR_UHI9S0z5B6jHznM91u7SYsoZPJC2wkZ9JAmYylYBNRFuyKkgAjezcr_D_qpLS8SBHYyLjA,11.1K,183.2K,N/A
2026-07-29 0:41:59,nicovanderhorst,"I put the new Grok 4.5 model head to head with Opus 4.8... Comment ""Cursor"" and I'll DM you a link for 50% off your first month, plus double Grok 4.5 usage for the first week. I pretty much exclusively code with Claude models, but whenever a new model drops I like to try it out. I was surprised by how much I enjoyed the Cursor experience, and SpaceX's new model, Grok 4.5, is really impressive. @trycursor #Cursor #cursorcreator",https://www.tiktok.com/@nicovanderhorst/video/7651677850130615575?is_from_webapp=1&sender_device=pc,"#Cursor, #cursorcreator, #watches, #Luxury, #fyp",5997,17,47,FALSE,13,Almost Certainly a Scam,"Keyword: 'dm', Keyword: 'link', Hashtag: '#watch', Hashtag: '#watches', Hashtag: '#luxury'","That Watch Guy from YouTube⌚️

Socialmedia@prideandpinion.com",https://www.tiktok.com/link/v2?aid=1988&lang=en&scene=bio_url&target=https%3A%2F%2Flinktr.ee%2Fnicoleonard,1.4M,35.9M,N/A
2026-07-29 0:44:58,tophot2026,View Donation Details,,N/A,1,,,TRUE,5,Suspicious,N/A,No bio yet.,https://savingsbuild.com/paid-sperm-donation-understanding-the-process-benefits-and-growing-interest?utm_campaign=vb-SkyRZhSpermDonationWWen2007KRtg3-tg_3-tk-intl-r-0720-GE06&utm_source=tiktok&utm_term=tg_3&utm_content=SkyRZhSpermDonationWWen2007KRtg3&utm_medium=r&l=g&ttclid=E_C_P_CtIBuNam2p8ZFYKr1fatZlsnyJ_ZeqOPdIaLeVFfim1zP2vZdcEbg0oeN2gwoS_iky2CDF9mvqZECn7lksB_Kny9yY0U19dnbuC1MiREAUe4bnz0wqygxsMSju7QhNIoA9gTk-qA1cUx0RCf5Ikk5reJOui-EvK1bdbLOSkEc4q8vY-f4ZjV8YUvbox_w8tZFSQbs0xU2dIhiAx_k3Vp8KEWY3AmumANh_-AZWAZRVsS8UNCnHjTSaTHdVvZRlXxqnPXuGZv8B8vIocLc5XokHhMUogmEgR2Mi4w,4378,38.8K,N/A
2026-07-29 0:45:58,tophot2026,Find Out About Sperm Donation,,N/A,4,,,TRUE,5,Suspicious,N/A,No bio yet.,https://savingsbuild.com/paid-sperm-donation-understanding-the-process-benefits-and-growing-interest?utm_campaign=vb-SkyRZhSpermDonationWWen2007KRtg3-tg_3-tk-intl-r-0720-GE06&utm_source=tiktok&utm_term=tg_3&utm_content=SkyRZhSpermDonationWWen2007KRtg3&utm_medium=r&l=g&ttclid=E_C_P_CtIBtMRjJ2Xyz4H8_FzEwfcdtiIKg4KRctSvBsaTmLBsE9VGeYXlsH3XjGGqX_73Xb34Je2fWGQ4RhATFTChoPB0r5cYwR9t8PKB3WXMolQHf3BbXQDV0_2yZx8kdjmLiHwnDzyLcSpnc8J36goezkRvn4OizqcQbqPaziUmllr5oD5LPsg3TibcXA-FEOgKvi5Tag2gEXGBbB6hYHYl8hV-2jaJwjO3E7FmoNTrRuOSJRQCcU7BGEEnxk2KkCSBPP4WIm9vMKydyWp4fmlhAIK_9GHEEgR2Mi4w,4378,38.8K,N/A
2026-07-29 0:46:23,tophot2026,"NYC SERIES: For today's video, mag fafast flip tayo ng watches kay brother Vookum at sa ibang dealers around Diamond District. Let's see kung ilang relo ang mabebenta natin today. Ganado ako ngayon guys kaya let's go! #parenghayb #luxurywatches #gentrytimepieces #travel #fyp",,"#parenghayb, #luxurywatches, #gentrytimepieces, #travel, #fyp",0,,,TRUE,10,Almost Certainly a Scam,"Keyword: 'luxury', Keyword: 'watch', Hashtag: '#luxury'",No bio yet.,https://savingsbuild.com/the-complete-guide-to-sperm-donation-understanding-the-process-requirements-and-rewards-in-the-uk?utm_campaign=vb-SkyBabenkoSDUK-tg1-tk-intl-i-0715-GE20&utm_source=tiktok&utm_term=tg1&utm_content=SkyBabenkoSDUK&utm_medium=i&l=br&ttclid=E_C_P_CtIBsvxCRnmAKcjPg11_x63RBI5euEsuWYyZVOo0wVcu3TaMOvnlxhTYZza3EQOR6hjK7fPXjAsGS9zT3EjCkFui_GlyGapH6lSSB61vooHwSVT1IBG5bGcvJzstA-sPgzU_d74dJisEKAV9MxJaOORSp6KZPuPjiVWYNcU3Mn2K32Onin9iVe2bnQ7Q5REAqY3aSgyDTLBEBDlE6zF16FNI-G3LI0Q1-BRl6rkuaAq-LHWo5sYu_PZeWB3RPbnuSA1uwLhkSCoNydI3laKB1o57thHtEgR2Mi4w,4378,38.8K,N/A
2026-07-29 0:48:44,gotodream116,Learn more,,N/A,1,,,TRUE,5,Suspicious,N/A,No bio yet.,https://savingsbuild.com/the-complete-guide-to-sperm-donation-understanding-the-process-requirements-and-rewards-in-the-uk?utm_campaign=vb-SkyBabenkoSDUK-tg1-tk-intl-i-0723-GE01&utm_source=tiktok&utm_term=tg1&utm_content=SkyBabenkoSDUK&utm_medium=i&l=g&ttclid=E_C_P_CtIB4tKrUInmhKMG6SQsF6FA-eVP4TeG-SSUP6K8srHGhS5aReHvzsgRvKWEg8XIkgNFlP564IGu5MuDwkCPW11opWApc977BlFHEzodL26QIbe4WBX-st7PmRFss7V1R-H5-8s3-x37A3oasQpV_MGQ3fkdn3ywsnoZCHoo5kjY1chX-FxxE61jcvHJJsKs3wbcFvTMXUl5DfsiH-doM5VP63kZ3NakWospC96xAN_Wx2cgaZ8-hqSXcVBVbkFOD_t7GY4-jRW408Bn9M6mNmPN2vOZEgR2Mi4w,45,479,N/A
2026-07-29 1:05:18,cesarnascimento534,#CapCut #hoje,https://www.tiktok.com/@cesarnascimento534/video/7666862553313627400?is_from_webapp=1&sender_device=pc,"#CapCut, #hoje",12,0,Share,FALSE,3,Suspicious,N/A,bio @🟣Angela Pereira 2014🟣 ❌@verity ❌,,1407,11.7K,N/A
2026-07-29 1:05:39,lucywatches.official,"""Chocolate dial not loud luxury.Just effortless elegance."" #lucytimepieces #collections #timpieces #watch #watches",https://www.tiktok.com/@lucywatches.official/video/7654163165521169684?is_from_webapp=1&sender_device=pc,"#lucytimepieces, #collections, #timpieces, #watch, #watches",2769,16,260,FALSE,10,Probable Scam,"Keyword: 'luxury', Keyword: 'watch', Hashtag: '#watch', Hashtag: '#watches'","🎥 Unbox ARMS with lucytimepieces !!!!
|| Original Content by LUCY Team
|| I love US - UK - EU - FR
📧
IG : @lucytimepieces_official✔️",https://www.tiktok.com/link/v2?aid=1988&lang=en&scene=bio_url&target=https%3A%2F%2Fwa.me%2Fmessage%2FEW5DL36SD4J7I1,21.1K,1.1M,N/A
2026-07-29 1:07:39,lsle058,#malaysia #singapore #crystals #crystalbracelets #tiktokshop,https://www.tiktok.com/@lsle058/video/7656077437926771976?is_from_webapp=1&sender_device=pc,"#malaysia, #singapore, #crystals, #crystalbracelets, #tiktokshop",1370,918,265,FALSE,2,Suspicious,Keyword: 'shop',,,,,N/A
2026-07-29 1:08:11,frozenbeanclips,The Best Watch For Every Budget… ⌚ #watch #watchexpert #watches #fyp,https://www.tiktok.com/@frozenbeanclips/video/7650953403312393504?is_from_webapp=1&sender_device=pc,"#watch, #watchexpert, #watches, #fyp",521,21,20,FALSE,5,Probable Scam,"Keyword: 'watch', Hashtag: '#watch', Hashtag: '#watches'","Daily Clips From the Most Famous Podcasts 🎙
Fan Page Account",,12K,2M,N/A
2026-07-29 1:08:32,user3962393298435,Don't miss out #tiktokshop #fyp #TikTokShopHolidayHaul #makeup #brushholder,https://www.tiktok.com/@user3962393298435/video/7666025696996756767?is_from_webapp=1&sender_device=pc,"#tiktokshop, #fyp, #TikTokShopHolidayHaul, #makeup, #brushholder",261,106,37,FALSE,3,Suspicious,Keyword: 'shop',No bio yet.,,3366,21.3K,N/A
2026-07-29 1:08:52,blez.online,BEST CARDS IN THE GAME. Every TENNIS pack is hand-crafted with hits collectors want.,https://www.tiktok.com/@blez.online/video/7659198175416175885?is_from_webapp=1&sender_device=pc,N/A,5,0,Share,TRUE,7,Suspicious,N/A,"VIRTUAL PACKS.
REAL CARDS.
Rip a pack in the Blez virtual card shop 24/7.
Customer Service: support@blezonline.com
www.blezonline.com",https://www.blezonline.com/shop?utm_source=tiktok&utm_medium=paid&utm_campaign=hyperrip-tennis&ttclid=E_C_P_CtMBibwT-kBC21Luu3j7xrw1XvDYFQJl6LL1TpssISLlHmBU6Si9_Y0_KOHTix5m7KpNTa6I2xOi3YgpzgY_aBaQCX3aY2M5Nxp9lXPPq-TJP0fs6rIQMoOqAAhCQyTgpwrDOh_lLGMRsLTTe1n4rpjYjGFo-HLzyDmJqkWtSxwbF7_SFfg2zFyOUqro-Ct4IptvKkhNLMs-AMV6wmGiJRe88Vw92PF_O2bTBz_HD3v02Dx3E02iMAqh7oZUDgdTgj94QJmahzlJPyh7eyNgGgCejyvFaRIEdjIuMA,2627,32.1K,N/A
2026-07-29 1:10:52,pxeg2upfz9,"#capcutpioneer ✋🏾 Crée ton propre effet giant hand effect main géante avec l’IA ! ✨ Tendance ultra virale du moment, tuto vidéo IA effet spécial, prompt pinch person effect, forced perspective et effet hand grabbing person pour transformer tes propres vidéos en scène drôle et magique, avec une main énorme devant la caméra, doigts qui attrapent le personnage, personnage miniature, illusion de perspective, personne comme une mini figurine, mouvement TikTok, tenue streetwear, sac rouge, décor salon réaliste et vibes “ma main contrôle la personne” très puissantes 😂. Transforme tes vidéos en edit effet spécial façon Dakar, Abidjan, Bamako, Conakry, Cotonou, Lomé, Douala, Yaoundé, Kinshasa, Lagos, Accra, Paris, Bruxelles, Montréal vibes 🌍. Rédige le prompt IA parfait pour créer une vidéo réaliste, dynamique et virale, avec giant hand effect, main géante, pinch person effect, forced perspective, hand grabbing person, personnage miniature, tiny person illusion, AI video effect, CapCut hand effect, TikTok perspective trick et énergie “effet visuel impossible” très tendance ✨. Sauvegarde ce prompt, tag quelqu’un qui aime les effets TikTok, commente ton pays et crée ton edit avec ta main, ton personnage, ton outfit et ta vibe. Learn how to create this viral giant hand pinch person AI video effect from your own clips, with an oversized hand close to the camera, fingers pinching or grabbing the person, forced perspective illusion, tiny person effect, realistic living room background, streetwear outfit, funny motion and strong TikTok special effect energy. Turn your selfie video into a powerful forced perspective hand edit, make it realistic, funny, dynamic and viral-ready, then save this AI prompt for your next giant hand effect, pinch person trend, CapCut hand effect or AI video edit. #GiantHandEffect #TikTokEffect #AIPhotoEdit #capcut",https://www.tiktok.com/@pxeg2upfz9/video/7666836764174175521?is_from_webapp=1&sender_device=pc,#capcutpioneer,188,2,33,FALSE,2,Suspicious,N/A,No bio yet.,,13.7K,33.1K,N/A
2026-07-29 1:11:12,sari16b4,#🙏🙏,https://www.tiktok.com/@sari16b4/video/7666955985797336338?is_from_webapp=1&sender_device=pc,"#GiantHandEffect, #TikTokEffect, #AIPhotoEdit, #capcut, #🙏🙏",6463,27,575,FALSE,0,Clean,N/A,"""Dios Es Amor"". Juan..4.8 🛐",,6084,92.1K,N/A
2026-07-29 1:11:32,thelucy.watchesclub,📷 “No Time To Die “ • The “James Bond 007 “ Legend in Seamaster 300M Handcrafted #timepieces #watches #luxurywatches #newlife #luxurystyle,https://www.tiktok.com/@thelucy.watchesclub/video/7650921199328972039?is_from_webapp=1&sender_device=pc,"#timepieces, #watches, #luxurywatches, #newlife, #luxurystyle",12.8K,73,1103,FALSE,13,Almost Certainly a Scam,"Keyword: 'luxury', Keyword: 'watch', Hashtag: '#watch', Hashtag: '#watches', Hashtag: '#luxury'","THE LUCY™ | Built for the Detail-Oriented
Modern Luxury Media
Independent Luxury Visuals
Selected Pieces | Worldwide",https://www.tiktok.com/link/v2?aid=1988&lang=en&scene=bio_url&target=https%3A%2F%2Fbeacons.ai%2Fthelucywatches,2259,48.6K,N/A
2026-07-29 1:13:32,user3962393298435,Don't miss out #tiktokshop #fyp #TikTokShopHolidayHaul #makeup #brushholder,https://www.tiktok.com/@user3962393298435/video/7665571031322529055?is_from_webapp=1&sender_device=pc,"#tiktokshop, #fyp, #TikTokShopHolidayHaul, #makeup, #brushholder",249,138,59,FALSE,3,Suspicious,Keyword: 'shop',No bio yet.,,3366,21.3K,N/A
2026-07-29 1:13:53,thewatchkingnyc,ROME WASNT bUILT IN A DAY 👀👀 #watch #watchcollector #jewelry #watchmania #viral,https://www.tiktok.com/@thewatchkingnyc/video/7651716977890741517?is_from_webapp=1&sender_device=pc,"#watch, #watchcollector, #jewelry, #watchmania, #viral",17.6K,41,173,FALSE,7,Suspicious,"Keyword: 'watch', Hashtag: '#watch'","Day in the life of a watch wholesaler
📍 13 W 47th Street New York, NY
10036",https://www.tiktok.com/link/v2?aid=1988&lang=en&scene=bio_url&target=https%3A%2F%2Fwww.tiktok.com%2F%40thewatchkingnyc_2.0%3F_t%3D8ph0GpgBsE6%26_r%3D1,712.1K,21.3M,N/A
2026-07-29 1:15:54,legitgrails,We authenticate 550+ brands - from luxury to hype to beauty. Authenticate your items now.,https://www.tiktok.com/@legitgrails/video/7664903706294390038?is_from_webapp=1&sender_device=pc,N/A,2,0,Share,TRUE,9,Probable Scam,Keyword: 'luxury',"🔍 Luxury Item Authentication 24/7
👇 Get 15% Off First Authentication",https://legitgrails.com/?utm_source=tiktok&utm_campaign=prosp&utm_medium=paid_social&utm_content=ad&ttclid=E_C_P_CtMBeMcLq3x2-hh1-yrCIlGF5hggJiOXbC0jF0SswI2JyXcEXQPxE4_i7nnIdk_KNzzPSfP5_VdcDiPOmSjoDWgyPMSi7PZOsLPOlkhzmXMSoJmVCB11NVcQQryl_8jcyaXRpJ7szTp4bdbLsLamBXlq1JDTh74hBPDXxIJbjRcJ0KJKcyFzz-iO508GqqBRorWdeebdYapRHJdip9jHSpVaNNeugprt2bfbWwu5QKoMwFn8qoFuR7wTBJm6jv-ZjE3hr61v5WNzBWmI8YOqk7_At_aLVRIEdjIuMA,22.4K,199.8K,N/A
2026-07-29 1:17:55,thelion2710,#CapCut #SAMA28 #fyp #viral #fypシ,https://www.tiktok.com/@thelion2710/video/7660180704139070741?is_from_webapp=1&sender_device=pc,"#CapCut, #SAMA28, #fyp, #viral, #fypシ",5022,232,1310,FALSE,0,Clean,N/A,"🦁🦁🦁🦁🦁🦁🦁🦁🦁🦁🦁🦁🦁🦁🦁
#thelion2710",,481.2K,5.2M,N/A
2026-07-29 1:18:15,usafunfunny,#BalliBotMagos #TredingReels #TredingReels #ForYouPage #FYP #FYP #ViralTikTok #MillionViews #TechMagic #SmartBot #AITrend #RobotVibes #Innovation,https://www.tiktok.com/@usafunfunny/video/7657631967533485343?is_from_webapp=1&sender_device=pc,"#BalliBotMagos, #TredingReels, #TredingReels, #ForYouPage, #FYP, #FYP, #ViralTikTok, #MillionViews, #TechMagic, #SmartBot, #AITrend, #RobotVibes",103.7K,154,9039,FALSE,2,Suspicious,Keyword: 'ws',No bio yet.,,619.9K,8.6M,N/A
2026-07-29 1:18:34,1q2w3e691,,https://www.tiktok.com/@1q2w3e691/video/7667609759071112480?is_from_webapp=1&sender_device=pc,"#TechMagic, #SmartBot, #AITrend, #RobotVibes, #Innovation",4,3,Share,TRUE,5,Suspicious,Phone number in bio,34 617192409,/messages?u=7005981539260105733,4224,83.9K,N/A
2026-07-29 1:18:54,mackenziewc,Stock my new Porsche with me,https://www.tiktok.com/@mackenziewc/video/7662003973850696974?is_from_webapp=1&sender_device=pc,N/A,62.3K,381,1485,FALSE,4,Clean,N/A,"Lifestyle, Self Care, Fitness",https://www.tiktok.com/link/v2?aid=1988&lang=en&scene=bio_url&target=https%3A%2F%2Flinktr.ee%2Fmackenziewilliam,2.4M,86.3M,N/A
2026-07-29 1:19:14,bucv4khmz2,"✋🏾 Crée ton propre effet giant hand effect main géante avec l’IA ! ✨ Tendance ultra virale du moment, tuto vidéo IA effet spécial, prompt pinch person effect, forced perspective et effet hand grabbing person pour transformer tes propres vidéos en scène drôle et magique, avec une main énorme devant la caméra, doigts qui attrapent le personnage, personnage miniature, illusion de perspective, personne comme une mini figurine, mouvement TikTok, tenue streetwear, sac rouge, décor salon réaliste et vibes “ma main contrôle la personne” très puissantes 😂. Transforme tes vidéos en edit effet spécial façon Dakar, Abidjan, Bamako, Conakry, Cotonou, Lomé, Douala, Yaoundé, Kinshasa, Lagos, Accra, Paris, Bruxelles, Montréal vibes 🌍. Rédige le prompt IA parfait pour créer une vidéo réaliste, dynamique et virale, avec giant hand effect, main géante, pinch person effect, forced perspective, hand grabbing person, personnage miniature, tiny person illusion, AI video effect, CapCut hand effect, TikTok perspective trick et énergie “effet visuel impossible” très tendance ✨. Sauvegarde ce prompt, tag quelqu’un qui aime les effets TikTok, commente ton pays et crée ton edit avec ta main, ton personnage, ton outfit et ta vibe. Learn how to create this viral giant hand pinch person AI video effect from your own clips, with an oversized hand close to the camera, fingers pinching or grabbing the person, forced perspective illusion, tiny person effect, realistic living room background, streetwear outfit, funny motion and strong TikTok special effect energy. Turn your selfie video into a powerful forced perspective hand edit, make it realistic, funny, dynamic and viral-ready, then save this AI prompt for your next giant hand effect, pinch person trend, CapCut hand effect or AI video edit. #GiantHandEffect #TikTokEffect #AIPhotoEdit #capcut #capcutpioneer",https://www.tiktok.com/@bucv4khmz2/video/7665623375913487638?is_from_webapp=1&sender_device=pc,N/A,203,5,42,FALSE,2,Suspicious,N/A,No bio yet.,,3540,9625,N/A
2026-07-29 1:19:34,design_your_desir,"✋🏾 Crée ton propre effet giant hand effect main géante avec l’IA ! ✨ Tendance ultra virale du moment, tuto vidéo IA effet spécial, prompt pinch person effect, forced perspective et effet hand grabbing person pour transformer tes propres vidéos en scène drôle et magique, avec une main énorme devant la caméra, doigts qui attrapent le personnage, personnage miniature, illusion de perspective, personne comme une mini figurine, mouvement TikTok, tenue streetwear, sac rouge, décor salon réaliste et vibes “ma main contrôle la personne” très puissantes 😂. Transforme tes vidéos en edit effet spécial façon Dakar, Abidjan, Bamako, Conakry, Cotonou, Lomé, Douala, Yaoundé, Kinshasa, Lagos, Accra, Paris, Bruxelles, Montréal vibes 🌍. Rédige le prompt IA parfait pour créer une vidéo réaliste, dynamique et virale, avec giant hand effect, main géante, pinch person effect, forced perspective, hand grabbing person, personnage miniature, tiny person illusion, AI video effect, CapCut hand effect, TikTok perspective trick et énergie “effet visuel impossible” très tendance ✨. Sauvegarde ce prompt, tag quelqu’un qui aime les effets TikTok, commente ton pays et crée ton edit avec ta main, ton personnage, ton outfit et ta vibe. Learn how to create this viral giant hand pinch person AI video effect from your own clips, with an oversized hand close to the camera, fingers pinching or grabbing the person, forced perspective illusion, tiny person effect, realistic living room background, streetwear outfit, funny motion and strong TikTok special effect energy. Turn your selfie video into a powerful forced perspective hand edit, make it realistic, funny, dynamic and viral-ready, then save this AI prompt for your next giant hand effect, pinch person trend, CapCut hand effect or AI video edit. #GiantHandEffect #TikTokEffect #AIPhotoEdit #capcut #capcutpioneer",https://www.tiktok.com/@design_your_desir/video/7666931535047707918?is_from_webapp=1&sender_device=pc,"#GiantHandEffect, #TikTokEffect, #AIPhotoEdit, #capcut, #capcutpioneer, #customphonecase, #phonecaseshop, #gta6, #grandtheftauto, #gaminggifts, #aestheticphonecase, #tiktokmademebuyit, #shopsmall, #fyp",31,0,Share,TRUE,7,Suspicious,N/A,"Print-on-demand made easy✨
You imagine it—we print it
👇 Shop here
https://www.designyourdesirestudio.com/collections/phone-cases",https://www.designyourdesirestudio.com/collections/phone-cases?ttclid=E_C_P_CtIBF-kM3j3RE4fRCjQ1MFqSVvms5BB_mbPWlP-sbNknZYV1tzyZtFOQbgYyF8QvcsNFApkIPa_UVdXFiJe0CPNkfLYrhszpkS0vNmi9A1yVFq4GLUB24L6lnL73bn9sWk5gV-nlx3HXk61JiK3gRiDRtPcYBUEP6GmUEKPhFbJz8yiUgdz7UBNU1-i7L8mlrXhgxP2K0POfnp6Xs8txmuT9s0Z3fvlpSeqfpVgY00VS0D8TcMwoNiDlfdGYeQ-JsUW9r2xWJ2A4BdPhHje-eVtI_JPxEgR2Mi4w,8,111,N/A
2026-07-29 1:21:33,srgeofacts,Which Country Makes the Best Perfumes? 🤔. #unitedkindom #usa🇺🇸 #frases #italy,https://www.tiktok.com/@srgeofacts/video/7666535214469877014?is_from_webapp=1&sender_device=pc,"#unitedkindom, #usa🇺🇸, #frases, #italy",1128,72,54,FALSE,0,Clean,N/A,No bio yet.,,23,1475,N/A
2026-07-29 1:21:53,ryehn,"If you’re stuck on what to buy, let me help you with that. #rolex #daytona #fyp #watches",https://www.tiktok.com/@ryehn/video/7636906885945298197?is_from_webapp=1&sender_device=pc,"#rolex, #daytona, #fyp, #watches",12K,43,3058,FALSE,10,Almost Certainly a Scam,"Keyword: 'rolex', Keyword: 'watch', Keyword: 'buy', Hashtag: '#watch', Hashtag: '#watches'","📸 IG: @ryehn 👆🏻
📧 Business Enquiries:
ryehnong@gmail.com",https://www.tiktok.com/link/v2?aid=1988&lang=en&scene=bio_url&target=https%3A%2F%2Fwww.instagram.com%2Fryehn,9728,444.6K,N/A
2026-07-29 1:23:52,jamievwdlgg,Don’t miss it #fyp #tiktok #tiktokshop #tiktokshopholidayhaul #makeup,https://www.tiktok.com/@jamievwdlgg/video/7642145979956858126?is_from_webapp=1&sender_device=pc,"#rolex, #daytona, #fyp, #watches, #fyp, #tiktok, #tiktokshop, #tiktokshopholidayhaul, #makeup",1377,858,401,FALSE,4,Probable Scam,"Keyword: 'shop', Hashtag: '#watch', Hashtag: '#watches'",Follow me for good luck 💵💵💵💵,,1401,4947,N/A
2026-07-29 1:24:12,thewatchkingnyc,HOW MUCH FOR THE PATEK 🥶🥶 #watch #watchcollector #jewelry #watchmania #viral,https://www.tiktok.com/@thewatchkingnyc/video/7634278004973260046?is_from_webapp=1&sender_device=pc,"#watch, #watchcollector, #jewelry, #watchmania, #viral",81.8K,78,338,FALSE,7,Suspicious,"Keyword: 'watch', Hashtag: '#watch'","Day in the life of a watch wholesaler
📍 13 W 47th Street New York, NY
10036",https://www.tiktok.com/link/v2?aid=1988&lang=en&scene=bio_url&target=https%3A%2F%2Fwww.tiktok.com%2F%40thewatchkingnyc_2.0%3F_t%3D8ph0GpgBsE6%26_r%3D1,712.1K,21.3M,N/A
2026-07-29 1:26:12,sailyworld,"Content creators, listen up! Promote Saily to your followers and earn money for every referral.",https://www.tiktok.com/@sailyworld/video/7657465066308078870?is_from_webapp=1&sender_device=pc,N/A,13,1,2,TRUE,5,Suspicious,N/A,The Saily eSIM service – affordable mobile data for every journey!,https://saily.com/creators-program/?utm_source=tiktok&utm_id=1869496145896562&utm_campaign=TT%20%7C%7C%20web%20leads%20%7C%7C%20smart%2B%20%7C%7C%20SAILY%20%7C%7C%20WW%20%7C%7C%20Creator%20Program%20%7C%7C%200107&utm_medium=paid&ttclid=E_C_P_CtMBl1arSEeY9YoxHaQ7HFDeXP3tqJImctX3Jcl9szENzR15Jp-bfK2axbt3oHYdPAHt10L8RyQfPD_w2kZimmxQDlTECiwa84_uJsH7Zmonv4X1vO35RS1M47NlDsWXT7kwiYp8JlNjH_ddVsO6h5aTlWJXbYKWiC0grps2kSWcIB8hJAstUnk2o_BvoHPQ_yhPzH9jIjUWT39d73MQmvL1WgECnt9dJRKa-z70Lcnt5DUWu1SU_iRiujO62a8og2ghLh8v9DHzhlHUAz82S1PUlIlvvxIEdjIuMA,123.6K,5.5M,N/A
2026-07-29 1:26:31,jwyuqqo523,TheOG unboxing #watch #Casio #Seiko #timex #pretty,https://www.tiktok.com/@jwyuqqo523/video/7651245286102256928?is_from_webapp=1&sender_device=pc,"#watch, #Casio, #Seiko, #timex, #pretty",3470,14,130,FALSE,12,Probable Scam,"Keyword: 'watch', Hashtag: '#watch', Phone number in bio","🛍️whatsapp:86:country code +86(China)17746055604
Chinese luxury goods factory!!
@Geniue This is my main account!",https://www.tiktok.com/link/v2?aid=1988&lang=en&scene=bio_url&target=https%3A%2F%2Fnumber-top1.x.yupoo.com%2F.,8570,133.6K,N/A
2026-07-29 1:28:31,fgh42188,"""Geary thought he was playing the inmates. He was just a pawn in the blueprint."" #PrisonBreak #MichaelScofield #MindGames #ThrillerVibes #PlotTwist",https://www.tiktok.com/@fgh42188/video/7667141246925753631?is_from_webapp=1&sender_device=pc,"#PrisonBreak, #MichaelScofield, #MindGames, #ThrillerVibes, #PlotTwist",102.6K,88,720,FALSE,0,Clean,N/A,No bio yet.,,14.2K,529.9K,N/A
2026-07-29 1:28:59,oliandaliciauk,"Watch #2 is in. ⚫⌚The Citizen Tsuyosa 60 Automatic (NK0020-55E). Integrated five-link bracelet, 40mm silver-tone case, and a black sunray dial that catches the light beautifully. Sapphire crystal up top, automatic movement underneath, and a proper 60-hour power reserve.Punches well above its price for that integrated-bracelet, sports-luxe feel.From quartz to my first ever mechanical, the collection's growing.Two down. What’s next? A dress watch like the Orient Bambino, or maybe a cheeky Vintage Casio? #watch #unbox #citizen #tsuyosa",https://www.tiktok.com/@oliandaliciauk/video/7653794493912632598?is_from_webapp=1&sender_device=pc,#2,730,20,104,FALSE,5,Probable Scam,"Keyword: 'watch', Keyword: 'link'",Real Estate - Entrepreneurship - Lifestyle,,82,1987,N/A
2026-07-29 1:29:20,user3962393298435,Don't miss out #tiktokshop #fyp #TikTokShopHolidayHaul #makeup #brushholder,https://www.tiktok.com/@user3962393298435/video/7667405679900069151?is_from_webapp=1&sender_device=pc,"#watch, #unbox, #citizen, #tsuyosa, #tiktokshop, #fyp, #TikTokShopHolidayHaul, #makeup, #brushholder",241,148,36,FALSE,4,Probable Scam,"Keyword: 'shop', Hashtag: '#watch'",No bio yet.,,3368,21.4K,N/A
2026-07-29 1:29:39,numberartistshop,"Paint, relax, and unwind with our paint by number sets!",https://www.tiktok.com/@numberartistshop/video/7565869537816579335?is_from_webapp=1&sender_device=pc,N/A,0,0,Share,TRUE,7,Probable Scam,Keyword: 'shop',"The best paint-by-number kits in the world ✨🎨
New releases every week 🖼️🖌️",https://numberartist.com/collections/paint-by-numbers?utm_source=tiktok&utm_medium=paid&utm_id=1842348438308993&utm_campaign=na%20-%20abo%20-%20testing%20-%20usa%20%26%20new%20ww%20-%20new%20acc&nb_platform=tiktok&nbt=nb%3Atiktok%3A%3A1842348438308993%3A1847134756902018%3A1847134756902034&ttclid=E_C_P_CtIBNnwHov5M2fsxVAcXC_KSql93AJyUphUszrOxBjjSEzskLxePqWRwoTC1ROrSLjo7ZXP8egGhEwSdXh5gOj258eEJGJ6XDOlSXkrBaGaBagqxEZXqdMMr8xyWjeTB7pb9lOMP9WwwJ0dUA4kufLvwU8raCJpFK9KYUydKdBedEDzzFPGzd8EWUbhnyPRkzNVUINYd-bnm7xEd4Y49h6SDM0EPywARR0JfMfe2mdGm4ea_hBTzhC9ixNmfXH16O_T5byAAoTenbppUI-160mOl8JvfEgR2Mi4w,15.5K,137.3K,N/A
2026-07-29 1:31:39,thewatchkingnyc,IDENTICAL TWINS 👯 👯 #watch #watchcollector #jewelry #watchmania #viral,https://www.tiktok.com/@thewatchkingnyc/video/7663220355967896845?is_from_webapp=1&sender_device=pc,"#watch, #watchcollector, #jewelry, #watchmania, #viral",6797,15,53,FALSE,7,Suspicious,"Keyword: 'watch', Hashtag: '#watch'","Day in the life of a watch wholesaler
📍 13 W 47th Street New York, NY
10036",https://www.tiktok.com/link/v2?aid=1988&lang=en&scene=bio_url&target=https%3A%2F%2Fwww.tiktok.com%2F%40thewatchkingnyc_2.0%3F_t%3D8ph0GpgBsE6%26_r%3D1,712.1K,21.3M,N/A
2026-07-29 1:33:38,nathaliacamposofficial,Happy wife happy life … 💎💍 #fyyyyp #birkin #hermes #foryour,https://www.tiktok.com/@nathaliacamposofficial/video/7666862014601383190?is_from_webapp=1&sender_device=pc,"#fyyyyp, #birkin, #hermes, #foryour",133.3K,81,20K,FALSE,0,Clean,N/A,No bio yet.,,23.5K,920.2K,N/A
2026-07-29 1:33:58,lofifruitsmusic,"sit back, relax, and plug into this playlist!",https://www.tiktok.com/@lofifruitsmusic/video/7561549337692572945?is_from_webapp=1&sender_device=pc,N/A,192.6K,2232,1101,TRUE,0,Clean,N/A,"𝗣𝗹𝗮𝘆𝗹𝗶𝘀𝘁𝘀 𝘁𝗼 𝘀𝘁𝘂𝗱𝘆, 𝗿𝗲𝗹𝗮𝘅 𝗮𝗻𝗱 𝘀𝗹𝗲𝗲𝗽 𝘁𝗼 👇",https://sndl.ink/soundlink/G6N1COnCcaqMl53PYbDBP?utm_source=tiktok&utm_medium=paid&ttclid=E_C_P_CtEBuJqy2UQyS4yFxsE5Gr2AvaUoAPL_YJCLkTMK2OXAFfa7WXKNM-0HViW6CD7gM48OGpwzlC_S7Yj-y07_nQNn3f6gLl-zB-hCxlgnKvJslEQ25z32j2QW_sDrvpUJ3BEZ0EKaW_TTiz9J0DaJ4Ui1Q0lhh1bboMhD-NzdwpnhgV9tvU1kEA5fHhikMCEeCd-cVaEMNsfce1rCNcxivmxPrk18HkXoR-MeaCq7jlG1LzFx8ITOAZbaqNdfgh_3rAPQORYRHoysOn6XY3rz272hY6MSBHYyLjA,8.3M,147M,N/A
2026-07-29 1:34:18,fflora77,"¡Bienvenido agosto con este video viral! Gratis y muy fácil ✨ Te explico. Ya casi es Agosto . Y adivinen que...! ✨ Tutorial del mismo video de ramos románticos ""Ya casi es agosto""📸 Tutorial para crear el video de ambiente tan popular ""Ya casi llega agosto""✅ Tutorial completo y detallado para el video viral de bienvenida a agosto. Plantilla de agosto. Plantilla de agosto para CapCut. Plantilla de ""Hola agosto"" para CapCut. Plantilla gratuita de agosto. Plantilla de agosto. Plantilla de agosto para CapCut. Plantilla de ""Hola agosto"" para CapCut. Plantilla gratuita de agosto. #agosto #holaagosto #capcut #capcutpioneer",https://www.tiktok.com/@fflora77/video/7667073692144258322?is_from_webapp=1&sender_device=pc,N/A,7855,68,4125,FALSE,0,Clean,N/A,"❤️Gracias por el apoyo, cariño. Si no ves la plantilla, entra en el vídeo de mi perfil y ahí la encontrarás❤️❤️❤️",,586.6K,1.8M,N/A
2026-07-29 1:34:37,usafunfunny,"¡Bienvenido agosto con este video viral! Gratis y muy fácil ✨ Te explico. Ya casi es Agosto . Y adivinen que...! ✨ Tutorial del mismo video de ramos románticos ""Ya casi es agosto""📸 Tutorial para crear el video de ambiente tan popular ""Ya casi llega agosto""✅ Tutorial completo y detallado para el video viral de bienvenida a agosto. Plantilla de agosto. Plantilla de agosto para CapCut. Plantilla de ""Hola agosto"" para CapCut. Plantilla gratuita de agosto. Plantilla de agosto. Plantilla de agosto para CapCut. Plantilla de ""Hola agosto"" para CapCut. Plantilla gratuita de agosto. #agosto #holaagosto #capcut #capcutpioneer",https://www.tiktok.com/@usafunfunny/video/7654301012953435423?is_from_webapp=1&sender_device=pc,"#agosto, #holaagosto, #capcut, #capcutpioneer, #BalliBotMagos, #TredingReels, #TredingReels, #ForYouPage, #FYP, #FYP, #ViralTikTok, #MillionViews, #TechMagic, #SmartBot, #AITrend, #RobotVibes",29K,448,3188,FALSE,0,Clean,N/A,No bio yet.,,619.9K,8.6M,N/A
2026-07-29 1:34:56,user9373223121920,One guitar. One take. One feeling. Tell me what this made you feel. ❤️ #usa🇺🇸,https://www.tiktok.com/@user9373223121920/video/7667700156971650335?is_from_webapp=1&sender_device=pc,"#TechMagic, #SmartBot, #AITrend, #RobotVibes, #Innovation, #usa🇺🇸",69,1,1,TRUE,3,Suspicious,N/A,private page,/messages?u=7665611112344192014,5,106,N/A
2026-07-29 1:35:16,a.s.33z,,https://www.tiktok.com/@a.s.33z/video/7643704348173700384?is_from_webapp=1&sender_device=pc,N/A,5818,190,1513,FALSE,0,Clean,N/A,"Цитаты,👋 Music,🤝Videos🫶",,31.8K,442.1K,N/A
2026-07-29 1:35:43,thewatchkingnyc,HE IS RESILIENT 🙏🙏 #watch #watchcollector #jewelry #watchmania #viral,https://www.tiktok.com/@thewatchkingnyc/video/7643923141428858125?is_from_webapp=1&sender_device=pc,"#watch, #watchcollector, #jewelry, #watchmania, #viral",32K,42,142,FALSE,7,Suspicious,"Keyword: 'watch', Hashtag: '#watch'","Day in the life of a watch wholesaler
📍 13 W 47th Street New York, NY
10036",https://www.tiktok.com/link/v2?aid=1988&lang=en&scene=bio_url&target=https%3A%2F%2Fwww.tiktok.com%2F%40thewatchkingnyc_2.0%3F_t%3D8ph0GpgBsE6%26_r%3D1,712.1K,21.3M,N/A
2026-07-29 1:37:44,wildcrazylass123,"#capcut #capcutpioneer Upload a full-body photo to get this viral slow-mo portrait template for a cool and stylish vibe.Modèle de portrait slow-mo viral. Téléversez une photo en plan entier pour un rendu fluide et chic.Template potret slowmo estetik viral, unggah foto tubuh penuh untuk efek gerakan smooth & modis.Plantilla de retrato en cámara lenta viral y elegante. Sube una foto de cuerpo completo para un resultado fluido y moderno.قالب بورتريه بطيء الانتشار وأنيق، ارفع صورتك بالكامل للحصول على إطلالة سلسة وعصرية.Stilvolle virale Slow-Mo Porträt-Vorlage. Lade ein Ganzkörperfoto hoch für einen flüssigen modernen Look. #slowmotrend #portraitvibes #africantiktok",https://www.tiktok.com/@wildcrazylass123/video/7661988751685455125?is_from_webapp=1&sender_device=pc,"#capcut, #capcutpioneer",7981,89,2930,FALSE,0,Clean,N/A,No bio yet.,,507.6K,3.9M,N/A
2026-07-29 1:38:04,skull96293,Funny prank #foryou #funny #fyp #prank #usa,https://www.tiktok.com/@skull96293/video/7645210150076288287?is_from_webapp=1&sender_device=pc,"#slowmotrend, #portraitvibes, #africantiktok, #foryou, #funny, #fyp, #prank, #usa",144.2K,482,9941,FALSE,0,Clean,N/A,No bio yet.,,39.5K,569.4K,N/A
2026-07-29 1:38:33,valerppp6s1,#watch #watches #watchmymaigic #watchmegrow #fyp,https://www.tiktok.com/@valerppp6s1/video/7656815515662339361?is_from_webapp=1&sender_device=pc,"#watch, #watches, #watchmymaigic, #watchmegrow, #fyp",716,9,23,FALSE,16,Probable Scam,"Keyword: 'watch', Hashtag: '#watch', Hashtag: '#watches', Phone number in bio","Top quality 1:1⌚️
👇Worldwide delivery 👇✈️
👇Order👇
➕whats🅰️PP：+86 139 2954 3793",https://www.tiktok.com/link/v2?aid=1988&lang=en&scene=bio_url&target=https%3A%2F%2Ftr.ee%2Fuhg3GCni-P,9804,48.9K,N/A
2026-07-29 1:40:34,thewatchkingnyc,FROM LONDON TO THE SHARK TANK 🦈🦈 #watch #watchcollector #jewelry #watchmania #viral,https://www.tiktok.com/@thewatchkingnyc/video/7637615425831980302?is_from_webapp=1&sender_device=pc,"#watch, #watchcollector, #jewelry, #watchmania, #viral",66.6K,45,141,FALSE,7,Suspicious,"Keyword: 'watch', Hashtag: '#watch'","Day in the life of a watch wholesaler
📍 13 W 47th Street New York, NY
10036",https://www.tiktok.com/link/v2?aid=1988&lang=en&scene=bio_url&target=https%3A%2F%2Fwww.tiktok.com%2F%40thewatchkingnyc_2.0%3F_t%3D8ph0GpgBsE6%26_r%3D1,712.1K,21.3M,N/A
2026-07-29 1:42:34,Lobosjewelry,Buy once. Wear forever.,https://www.tiktok.com/@Lobosjewelry/video/7651690636202102023?is_from_webapp=1&sender_device=pc,N/A,12,0,Share,TRUE,7,Probable Scam,Keyword: 'buy',Premium Jewelry 🧊,https://www.lobosjewelry.com/collections/best-sellers?tt_campaignid=1805998317176881&utm_term=__ADGROUP_NAME__&utm_source=tiktok&utm_id=1805998317176881&utm_campaign=DDU_PROSPECTING_COST%20CAPS&utm_medium=paid_social&utm_content=__AD_NAME__&ttclid=E_C_P_CtMBDxVkG-c-YN77VIAsslce1FJksms8OrLSCaSmyFHuPUZ0312p7GcIAQOqJ7wIvibVOJXSrrli69qKTKNr5kw07_jhlIbmmOo0sXZWlaI0xbB8bkLhuZ8NrGbXyxxKrb_LwzRFNhNx-vpIlU929dvc9s63G1PW-T-pgKRjrkrderMzvR5iHfWL_NwHbxJuSc9opoUyIOfk28ryCif7tvxvGXKZ5q-jR-2LMIudrlSrL1UbggE8yy5Lre7Yq-YJcOj6glXvv9XvZdaxvXyGnxtjYTDwUxIEdjIuMA,10.1K,64.2K,N/A
2026-07-29 1:44:34,moogo_x,#CapCut #capcut #capcutpioneer #pioneertemplate #worldcup,https://www.tiktok.com/@moogo_x/video/7658924710335450386?is_from_webapp=1&sender_device=pc,"#CapCut, #capcut, #capcutpioneer, #pioneertemplate, #worldcup",21.7K,366,518,FALSE,0,Clean,N/A,"مصمم قوالب CupCut
@Moogo X
👆حسابacc2👆
🎧🎬",,161.9K,2.3M,N/A
2026-07-29 1:44:53,user3962393298435,Don't miss out #tiktokshop #fyp #TikTokShopHolidayHaul #makeup #brushholder,https://www.tiktok.com/@user3962393298435/video/7666392334262652190?is_from_webapp=1&sender_device=pc,"#tiktokshop, #fyp, #TikTokShopHolidayHaul, #makeup, #brushholder",382,153,117,FALSE,3,Suspicious,Keyword: 'shop',No bio yet.,,3369,21.4K,N/A
2026-07-29 1:45:13,.dunoir,SS26 Drop Now Live. Do not miss out.,https://www.tiktok.com/@.dunoir/video/7667722231182593302?is_from_webapp=1&sender_device=pc,N/A,0,0,Share,TRUE,5,Suspicious,N/A,Refined essence. Honest luxury.,https://dunoir.co.uk/pages/build-your-stack?utm_source=tiktok&utm_id=1865631545583826&utm_campaign=Lead%20generation20260519083733&utm_medium=paid&tt_campaignid=1865631545583826&ttclid=E_C_P_CtIB7XBLZBRNWcbdTlRsKDTO7ZsBDlzFPQcEUGZk_r_DRGS7Dy-QS9v6weSDCduDZZcYkKl0IaR4sfRsIuKiuB_gO5pBqNuyopI_0_zfBtgRaCorGe8lmMvEjZA3PR1Wj-sc9G88LmhY9W88VoLfC8e_Iq3J4UcqCJMUwdySYuX14PIDztiXIrXsPCcRvtsIueb9Xhbn-fW6vJSSEbh3gtNeQT91-OMr5Yf7wCSTLSGaK62-DbQ-P2Pd9tLpDM73Zs57JiX-G1NzBRoHMyG3_GffXLrHEgR2Mi4w,312,1067,N/A
2026-07-29 1:45:33,andranik.nasxat,Inst: andranik_nasxat,https://www.tiktok.com/@andranik.nasxat/video/7665482676937264405?is_from_webapp=1&sender_device=pc,N/A,726.4K,301,12.7K,FALSE,0,Clean,N/A,"From Javakhq
Inst: andranik.nasxat",,23.1K,2.8M,N/A
2026-07-29 1:45:53,prosperitytime_,The Audemars Piguet Royal Oak Mini Frosted Gold 67630OR — 33mm of hand-hammered brilliance in rose gold. Not your average Mother’s Day gift. This is the one she’ll never take off.Make it unforgettable. DM to Inquire #audemarspiguet #prosperitytime #luxurywatches #mothersday,https://www.tiktok.com/@prosperitytime_/video/7638467945298955550?is_from_webapp=1&sender_device=pc,#audemarspiguet,15.9K,74,2293,FALSE,8,Probable Scam,"Keyword: 'luxury', Keyword: 'watch', Keyword: 'dm'","Luxury Timepiece Concierge💎
Accepts Crypto📈
Twitter & Insta ⬇️
@ProsperityTime_",,917,43.9K,N/A
2026-07-29 1:47:52,billionaireevankate362,"I’m helping 10 people today. If you genuinely need help, just text “DONE.” No scams, please only serious people.",https://www.tiktok.com/@billionaireevankate362/video/7667680257146735894?is_from_webapp=1&sender_device=pc,"#audemarspiguet, #prosperitytime, #luxurywatches, #mothersday",5,11,Share,TRUE,4,Probable Scam,Hashtag: '#luxury',No bio yet.,/messages?u=7610131133967713302,1310,111,N/A
2026-07-29 2:03:26,gillians.bliss.crystals,"When you’re stuck in low vibration, this dopamine reset crystal grid is my top pick.If you’ve been feeling drained lately, place this crystal set in your bedroom.It has warm bright hues without harsh glare, helping your energy slowly bounce back.DM me for a personalized dopamine energy crystal grid made just for you. #crystals #crystalhealing #crystalshop #manifestation #crystalgrid",https://www.tiktok.com/@gillians.bliss.crystals/video/7657973052956839175?is_from_webapp=1&sender_device=pc,N/A,557,363,97,FALSE,7,Almost Certainly a Scam,"Keyword: 'dm me', Keyword: 'dm', Keyword: 'shop'","🧿Your daily dose of calm & positive energy.
🔮Healing & manifestation crystals
✨Believe in the power of belief",,6418,139.1K,N/A
2026-07-29 2:05:27,frozenbeanclips,Watch Expert EXPOSES The Worst Luxury Watch Brand 😳 #nickleonard #watch #watches #hublot #fyp,https://www.tiktok.com/@frozenbeanclips/video/7639078611047238945?is_from_webapp=1&sender_device=pc,"#crystals, #crystalhealing, #crystalshop, #manifestation, #crystalgrid, #nickleonard, #watch, #watches, #hublot, #fyp",3344,25,87,FALSE,6,Probable Scam,"Keyword: 'luxury', Keyword: 'watch', Hashtag: '#watch', Hashtag: '#watches'","Daily Clips From the Most Famous Podcasts 🎙
Fan Page Account",,12K,2M,N/A
2026-07-29 2:07:27,pxeg2upfz9,"✋🏾 Crée ton propre effet giant hand effect main géante avec l’IA ! ✨ Tendance ultra virale du moment, tuto vidéo IA effet spécial, prompt pinch person effect, forced perspective et effet hand grabbing person pour transformer tes propres vidéos en scène drôle et magique, avec une main énorme devant la caméra, doigts qui attrapent le personnage, personnage miniature, illusion de perspective, personne comme une mini figurine, mouvement TikTok, tenue streetwear, sac rouge, décor salon réaliste et vibes “ma main contrôle la personne” très puissantes 😂. Transforme tes vidéos en edit effet spécial façon Dakar, Abidjan, Bamako, Conakry, Cotonou, Lomé, Douala, Yaoundé, Kinshasa, Lagos, Accra, Paris, Bruxelles, Montréal vibes 🌍. Rédige le prompt IA parfait pour créer une vidéo réaliste, dynamique et virale, avec giant hand effect, main géante, pinch person effect, forced perspective, hand grabbing person, personnage miniature, tiny person illusion, AI video effect, CapCut hand effect, TikTok perspective trick et énergie “effet visuel impossible” très tendance ✨. Sauvegarde ce prompt, tag quelqu’un qui aime les effets TikTok, commente ton pays et crée ton edit avec ta main, ton personnage, ton outfit et ta vibe. Learn how to create this viral giant hand pinch person AI video effect from your own clips, with an oversized hand close to the camera, fingers pinching or grabbing the person, forced perspective illusion, tiny person effect, realistic living room background, streetwear outfit, funny motion and strong TikTok special effect energy. Turn your selfie video into a powerful forced perspective hand edit, make it realistic, funny, dynamic and viral-ready, then save this AI prompt for your next giant hand effect, pinch person trend, CapCut hand effect or AI video edit. #GiantHandEffect #TikTokEffect #AIPhotoEdit #capcutpioneer #capcut",https://www.tiktok.com/@pxeg2upfz9/video/7665279774109044001?is_from_webapp=1&sender_device=pc,"#nickleonard, #watch, #watches, #hublot, #fyp",410,4,48,FALSE,4,Probable Scam,"Hashtag: '#watch', Hashtag: '#watches'",No bio yet.,,13.7K,33.1K,N/A
2026-07-29 2:07:55,thewatchkingnyc,ALL THE WAY FROM LONDON 😎😎 #watch #watchcollector #jewelry #watchmania #viral,https://www.tiktok.com/@thewatchkingnyc/video/7665440819213618446?is_from_webapp=1&sender_device=pc,"#watch, #watchcollector, #jewelry, #watchmania, #viral",4248,20,40,FALSE,7,Suspicious,"Keyword: 'watch', Hashtag: '#watch'","Day in the life of a watch wholesaler
📍 13 W 47th Street New York, NY
10036",https://www.tiktok.com/link/v2?aid=1988&lang=en&scene=bio_url&target=https%3A%2F%2Fwww.tiktok.com%2F%40thewatchkingnyc_2.0%3F_t%3D8ph0GpgBsE6%26_r%3D1,712.1K,21.3M,N/A
2026-07-29 2:09:56,user93933901479980,Premium Natural Crystal Jewelry ✨Every bracelet is carefully handmade with selected crystals and thoughtful design. #crystals #gifts,https://www.tiktok.com/@user93933901479980/video/7649637648839085333?is_from_webapp=1&sender_device=pc,"#crystals, #gifts",1635,1222,324,FALSE,4,Suspicious,Keyword: 'dm',"Premium Natural Crystal Jewelry⭐Every bracelet is carefully handmade with selected crystal and thoughtful design.A meaningful gift,a daily energy piece",,854,21.9K,N/A
2026-07-29 2:10:17,swanandedgar,The Diplomat,https://www.tiktok.com/@swanandedgar/video/7653037840749694230?is_from_webapp=1&sender_device=pc,N/A,155,6,10,TRUE,4,Suspicious,N/A,"Timeless British Elegance
#swanandedgar",https://swanandedgar.com/products/diplomat-silver?tw_source=tiktok&tw_adid=1868411897292113&utm_source=tiktok&utm_id=1868411849252113&utm_campaign=MBM%20%7C%20Diplomat%20%7C%20UK%20USA&utm_medium=cpc&utm_content=__ADID_V2_NAME__&ttclid=E_C_P_CtIBb0JwKQQzJyZxbCb83yfMsTNHcMvzkFO1ltMb3z_r2C6HoMEvqtMVlnHEGpYt-pfcV22x7GjpXWQihAVcnlupigIEKqylAMdxEcBNPiHlyPUYSWzogLrVK1hM8xFftQ2P2gMqzIPqTRqNZPqED-auk95sexr3P71j3zcqv-5AOjOoDagsVUsPTqcJ5fcvZRIku4GE6TQorVxYrxD9bg6lCcOnNDZ4UreXIKNHl_n_YL8SSpUCJjeaXhPOYqEgT8w39mBPDt-ElIozFKupzZ3qNfRyEgR2Mi4w,2379,9346,N/A
2026-07-29 2:10:37,chrono.falcon,2010 Chronomat Evolution Fullset Mint Condition. A true statement piece. #breitling #chronomat #gold #watches #iconic @Breitling @Chrono24 @Marc Gebauer Lifestyle GmbH,https://www.tiktok.com/@chrono.falcon/video/7644646605001329952?is_from_webapp=1&sender_device=pc,"#breitling, #chronomat, #gold, #watches, #iconic",1306,39,113,FALSE,10,Probable Scam,"Keyword: 'watch', Hashtag: '#watch', Hashtag: '#watches'","Chrono Falcon || Luxury Watches
🇩🇪Iserlohn
www.chronofalcon.de
Buy & Sell",,2316,19.8K,N/A
2026-07-29 2:12:37,noy_tawil1,Take me back !!!! #wedding #mykonos,https://www.tiktok.com/@noy_tawil1/video/7666110005241810207?is_from_webapp=1&sender_device=pc,"#wedding, #mykonos",11.3K,32,538,FALSE,2,Clean,N/A,I got a thing for diamonds,https://www.tiktok.com/link/v2?aid=1988&lang=en&scene=bio_url&target=https%3A%2F%2Fshopmy.us%2Fshop%3FCurator_id%3D76520%26Section_id%3D228045,69.2K,7.3M,N/A
2026-07-29 2:12:58,hewson.kaur,Rolex Cosmograph DaytonaModel: M126518LN-0001Collection: Cosmograph DaytonaFeatures: 18K Yellow Gold Case | Tiffany Blue Dial | Black Ceramic Tachymeter Bezel | Oysterflex Rubber Strap #luxurywatch #timepiece #unbox #fyp #luxurystyle,https://www.tiktok.com/@hewson.kaur/video/7666795880850148630?is_from_webapp=1&sender_device=pc,N/A,443,3,28,FALSE,20,Almost Certainly a Scam,"Keyword: 'luxury', Keyword: 'rolex', Keyword: 'watch', Keyword: 'ws'","⌚ Timeless watches, endless style.
👉 Shop & explore:→ whatsapp
Link:kernel.bio.link",https://www.tiktok.com/link/v2?aid=1988&lang=en&scene=bio_url&target=kernel.bio.link,1075,39.2K,N/A
2026-07-29 2:14:57,iio7rb2tp3,"✋🏾 Crée ton propre effet giant hand effect main géante avec l’IA ! ✨ Tendance ultra virale du moment, tuto vidéo IA effet spécial, prompt pinch person effect, forced perspective et effet hand grabbing person pour transformer tes propres vidéos en scène drôle et magique, avec une main énorme devant la caméra, doigts qui attrapent le personnage, personnage miniature, illusion de perspective, personne comme une mini figurine, mouvement TikTok, tenue streetwear, sac rouge, décor salon réaliste et vibes “ma main contrôle la personne” très puissantes 😂. Transforme tes vidéos en edit effet spécial façon Dakar, Abidjan, Bamako, Conakry, Cotonou, Lomé, Douala, Yaoundé, Kinshasa, Lagos, Accra, Paris, Bruxelles, Montréal vibes 🌍. Rédige le prompt IA parfait pour créer une vidéo réaliste, dynamique et virale, avec giant hand effect, main géante, pinch person effect, forced perspective, hand grabbing person, personnage miniature, tiny person illusion, AI video effect, CapCut hand effect, TikTok perspective trick et énergie “effet visuel impossible” très tendance ✨. Sauvegarde ce prompt, tag quelqu’un qui aime les effets TikTok, commente ton pays et crée ton edit avec ta main, ton personnage, ton outfit et ta vibe. Learn how to create this viral giant hand pinch person AI video effect from your own clips, with an oversized hand close to the camera, fingers pinching or grabbing the person, forced perspective illusion, tiny person effect, realistic living room background, streetwear outfit, funny motion and strong TikTok special effect energy. Turn your selfie video into a powerful forced perspective hand edit, make it realistic, funny, dynamic and viral-ready, then save this AI prompt for your next giant hand effect, pinch person trend, CapCut hand effect or AI video edit. #GiantHandEffect #TikTokEffect #AIPhotoEdit #capcut #capcutpioneer",https://www.tiktok.com/@iio7rb2tp3/video/7665345758912154903?is_from_webapp=1&sender_device=pc,"#luxurywatch, #timepiece, #unbox, #fyp, #luxurystyle",52,1,49,FALSE,3,Suspicious,Hashtag: '#luxury',No bio yet.,,4408,32.9K,N/A
2026-07-29 2:15:17,thewatchkingnyc,"✋🏾 Crée ton propre effet giant hand effect main géante avec l’IA ! ✨ Tendance ultra virale du moment, tuto vidéo IA effet spécial, prompt pinch person effect, forced perspective et effet hand grabbing person pour transformer tes propres vidéos en scène drôle et magique, avec une main énorme devant la caméra, doigts qui attrapent le personnage, personnage miniature, illusion de perspective, personne comme une mini figurine, mouvement TikTok, tenue streetwear, sac rouge, décor salon réaliste et vibes “ma main contrôle la personne” très puissantes 😂. Transforme tes vidéos en edit effet spécial façon Dakar, Abidjan, Bamako, Conakry, Cotonou, Lomé, Douala, Yaoundé, Kinshasa, Lagos, Accra, Paris, Bruxelles, Montréal vibes 🌍. Rédige le prompt IA parfait pour créer une vidéo réaliste, dynamique et virale, avec giant hand effect, main géante, pinch person effect, forced perspective, hand grabbing person, personnage miniature, tiny person illusion, AI video effect, CapCut hand effect, TikTok perspective trick et énergie “effet visuel impossible” très tendance ✨. Sauvegarde ce prompt, tag quelqu’un qui aime les effets TikTok, commente ton pays et crée ton edit avec ta main, ton personnage, ton outfit et ta vibe. Learn how to create this viral giant hand pinch person AI video effect from your own clips, with an oversized hand close to the camera, fingers pinching or grabbing the person, forced perspective illusion, tiny person effect, realistic living room background, streetwear outfit, funny motion and strong TikTok special effect energy. Turn your selfie video into a powerful forced perspective hand edit, make it realistic, funny, dynamic and viral-ready, then save this AI prompt for your next giant hand effect, pinch person trend, CapCut hand effect or AI video edit. #GiantHandEffect #TikTokEffect #AIPhotoEdit #capcut #capcutpioneer",https://www.tiktok.com/@thewatchkingnyc/video/7641336224556256525?is_from_webapp=1&sender_device=pc,"#GiantHandEffect, #TikTokEffect, #AIPhotoEdit, #capcut, #capcutpioneer, #watch, #watchcollector, #jewelry, #watchmania, #viral",33.8K,37,165,FALSE,7,Suspicious,"Keyword: 'watch', Hashtag: '#watch'","Day in the life of a watch wholesaler
📍 13 W 47th Street New York, NY
10036",https://www.tiktok.com/link/v2?aid=1988&lang=en&scene=bio_url&target=https%3A%2F%2Fwww.tiktok.com%2F%40thewatchkingnyc_2.0%3F_t%3D8ph0GpgBsE6%26_r%3D1,712.1K,21.3M,N/A
2026-07-29 2:17:17,colorize_music,sit back. relax. and enjoy this playlist :),https://www.tiktok.com/@colorize_music/video/7653185429444889878?is_from_webapp=1&sender_device=pc,N/A,165,3,3,TRUE,3,Suspicious,N/A,The best in Melodic & Progressive House.,https://ffm.to/colorize-morning-chill.PTK?utm_source=tiktok&utm_id=1839849795795185&utm_campaign=Enhanced%20-%20Morning%20Chill&utm_medium=paid&ttclid=E_C_P_CtEBN7kgHiBKHgseMynFQIJPg5vmLl4NrwJimWYlflvCBfivT1-QaT1ZzNmt3l1wiCHT1G2E3dIAu8kShv1Y1SHorAjm-oMdzEMjHCzm5fL57Y9bKrS4QkU2_Db61na_T4JmC1HOs4xAaNOXyG-7p0GJ4LIJ69oX4fe2gnjVHQeR1VBMF9na3eQ-tEaFSafJJLiEupRsPzJGF1_6ZCFrewS616xRnTdVguCc4xPv798jfDXejghyNN4SW1zawOuiKp1okqSopgoKuN5PsokNxUYPC54SBHYyLjA,15.4K,108.6K,N/A
2026-07-29 2:17:38,user3962393298435,Don't miss out #tiktokshop #fyp #TikTokShopHolidayHaul #makeup #brushholder,https://www.tiktok.com/@user3962393298435/video/7665705938384358686?is_from_webapp=1&sender_device=pc,"#tiktokshop, #fyp, #TikTokShopHolidayHaul, #makeup, #brushholder",300,156,50,FALSE,3,Suspicious,Keyword: 'shop',No bio yet.,,3371,21.4K,N/A
2026-07-29 2:17:58,thelion2710,#CapCut #SAMA28 #fyp #fyppppppppppppppppppppppp #tasteofsunshine,https://www.tiktok.com/@thelion2710/video/7659618279786286356?is_from_webapp=1&sender_device=pc,"#CapCut, #SAMA28, #fyp, #fyppppppppppppppppppppppp, #tasteofsunshine",12.8K,245,1086,FALSE,0,Clean,N/A,"🦁🦁🦁🦁🦁🦁🦁🦁🦁🦁🦁🦁🦁🦁🦁
#thelion2710",,481.2K,5.2M,N/A
2026-07-29 2:18:18,user5149373502829,Bold Masculine Luxury Watch Limited Savings,https://www.tiktok.com/@user5149373502829/video/7662331092438977812?is_from_webapp=1&sender_device=pc,N/A,288,9,19,TRUE,8,Probable Scam,"Keyword: 'luxury', Keyword: 'watch'",No bio yet.,https://xmgtri.com?utm_source=tiktok&utm_id=1870683363677618&utm_campaign=xmgtri%20&utm_medium=paid&ttclid=E_C_P_CtMBskTnn1H6gWQjY3IRADpmVccGdhm3emdLCnJ3-kb2CRdLsDVb3SDMjAPEUzlWz6WvhbJ4w5nlfpNgEeUHAcUJ6UyntXNt-kVPqGjk757lO0unThrIOd6gugFXt_P5YvtiQGsEPTq77meC-RtN7S5FKqpSdtx9-YZEW4hv9c6VCjSv1vI8qSAN1uzseGagWVPPBxxPIlxbSym9APhoRPr1NDwf4zl29FNWKyDk6BHmVjlIv4wwK9vsgMZ2WrXB17OIUFmDNTlezI9ZvkRXvhQ-3D-cxhIEdjIuMA,643,10.3K,N/A
2026-07-29 2:20:18,joeysardi,my chiropractor is gonna love this,https://www.tiktok.com/@joeysardi/video/7662677263061716245?is_from_webapp=1&sender_device=pc,N/A,54.7K,98,2815,FALSE,2,Clean,N/A,"loves an appointment, a cute find & a little treat
joaanisardi@gmail.com",https://www.tiktok.com/link/v2?aid=1988&lang=en&scene=bio_url&target=https%3A%2F%2Fwww.instagram.com%2Fjoeysardi%3Figsh%3DMTAyN3pjdjRrOXJhMQ%3D%3D,40.4K,12.2M,N/A
2026-07-29 2:20:38,bigmoewatches,This is the real difference between the Rolex Yacht-Master and the Rolex Submariner⌚️🫢Reach out to us for your next Rolex!,https://www.tiktok.com/@bigmoewatches/video/7634612762659917076?is_from_webapp=1&sender_device=pc,N/A,1254,23,39,FALSE,12,Probable Scam,"Keyword: 'rolex', Keyword: 'watch'","Dubai Luxury Watches
Authentic, Unworn, Same-Day Delivery
WhatsApp to inquire",https://www.tiktok.com/link/v2?aid=1988&lang=en&scene=bio_url&target=bigmoewatches.com,75.8K,2.1M,N/A
2026-07-29 2:22:38,lucia.w0o,"Comment LOVART DESIGN, I’ll send you the mass production prompts through dm 📜 or Comment LOVART FONT for the reference deck 🗃️ How to fix a clunky vlog thumbnail by Agent Automation that is Actually Pretty 🧐 <STEP 1. VLOG TITLES> 1. Open Lovart Canvas @LovartAI 2. Put font references and tap Font Generator 3. Tap Generate *No Prompt needed 4. BAMM💥 Use the generated font to get the actual vibe you want 🔥 <STEP 2. BUILD DESIGN SYSTEM> 1. Download the thumbnail you made from the canvas 2. Open Lovart Brand Kit and put the thumbnail image 3. Create Project with the Brand Kit *No Prompt needed 4. BAMM💥 <STEP 3. MASS PRODUCING TIME> 1. Open Lovart Canvas and dump my vlog photos *No need to crop or arrange the size, any size including 3:4, 16:9, 1:1 is fine 2. Select them and paste the prompt 3. Vlog thumbnails are ready💥 4. Select the generated vlog thumbnails and paste the sizing prompt 5. Vlog thumbnails for every platforms are ready💥 You can also get 45% OFF now in Lovart✨ #BuiltWithLovart #AiDesign #AIBranding #aitutorial #designer VibeDesign AItrend AIPrompts AIDesign AITools",https://www.tiktok.com/@lucia.w0o/video/7647920658910956814?is_from_webapp=1&sender_device=pc,N/A,666,1,1,TRUE,7,Almost Certainly a Scam,"Keyword: 'dm', Keyword: '1:1'","📍nyc / seoul
tech🌀 ai🤖 photography📸 editing🎬
easy peasy tutorials and yapping

IG 70k @lucia.w0o",https://www.lovart.ai/?sourceid=910397&utm_source=tiktok&utm_campaign=ZT_WZ_910397_Lovart_pc_TT_260714_T1_web_kol_shi_tcpa_purchase&utm_id=1870698485830849&utm_medium=paid_social&af_adset=T1-spark-purchase-01&af_adset_id=1870700189815954&utm_content=KOL_lucia.w0o&af_ad_id=1870700405435441&placement=__PLACEMENT&creative=Comment%20LOVART%20DESIGN%2C%20I%E2%80%99ll%20send%20you%20the%20mass%20production%20prompts%20through%20dm%20%F0%9F%93%9C%20or%20Comment%20LOVART%20FONT%20for%20the%20reference%20deck%20%F0%9F%97%83%EF%B8%8F%20How%20to%20fix%20a%20clunky%20vlog%20thumbnail%20by%20Agent%20Automation%20that%20is%20Actually%20Pretty%20%F0%9F%A7%90%20%3CSTEP%201.%20VLOG%20TITLES%3E%201.%20Open%20Lovart%20Canvas%C2%A0%40LovartAI%20%202.%20Put%20font%20references%20and%20tap%20Font%20Generator%203.%20Tap%20Generate%20%2ANo%20Prompt%20needed%204.%20BAMM%F0%9F%92%A5%20Use%20the%20generated%20font%20to%20get%20the%20actual%20vibe%20you%20want%20%F0%9F%94%A5%20%3CSTEP%202.%20BUILD%20DESIGN%20SYSTEM%3E%201.%20Download%20the%20thumbnail%20you%20made%20from%20the%20canvas%202.%20Open%20Lovart%20Brand&ttclid=E_C_P_CtMBJe8SPqlAjlRdZaPtGwwq-1I9DazUenLK80ha-oY1GowMh7qIVwi_J9KB8iE_FhSXGFKLByw9qzrwxl7XHdy6S-_tYrk05FcAoUwOXB8l6Djd1Wl7ZHPTep8mI89AmMusXL-MFyA2EEXzJIuuOXQ3lOTwDhWxHQZLvFBeoDU3wGcc6lvcU04J8qpMfO4oKbN6qmH6TxGyuL1ejhgElCNkSFUeUq4iogj5n9Rh1AkQpbQj0Q7NYsvi1k6ss0tvLFGTQi3FeTavtnLesfsvqyQ8HUJRVBIEdjIuMA,2136,145.7K,N/A
2026-07-29 2:24:38,frostfallwish,Love is made of these little moments ❤️ #wholesome #hopecore #love #tiktokgrowthchallenge,https://www.tiktok.com/@frostfallwish/video/7661816528437824798?is_from_webapp=1&sender_device=pc,"#BuiltWithLovart, #AiDesign, #AIBranding, #aitutorial, #designer, #wholesome, #hopecore, #love, #tiktokgrowthchallenge",1.3M,2422,92.1K,FALSE,0,Clean,N/A,Just to bring joy to everyoneEmail:bob.boy9686@gmail.com,,61.4K,2.9M,N/A
2026-07-29 2:24:58,swisswatchexpo,"Marriage is a scary thing, especially if she mistakes the immense weight of your Platinum Ice Blue dial Day-Date or a heavy Rose Gold Olive Green dial masterpiece for a standard Datejust. If you are going to commit, make sure it is to a legendary President that truly commands the respect your wrist deserves.* Rolex Day-Date 40 Olive Green* Rolex Day-Date Platinum Ice Blue* Rolex Day-Date Yellow Gold Rainbow* Rolex Day-Date II White Gold Brown* Rolex Day-Date Yellow Gold DiamondEach of these pre-owned watches (and more) are available now on swisswatchexpo.comFULL DETAILS AND PRICING:Rolex Day-Date 40 President Rose Gold Green Dial Mens Watch 228235https://www.swisswatchexpo.com/watches/rolex-day-date-40-president-rose-gold-green-dial-mens-watch-228235-box-card-79554/Rolex President Day-Date Platinum Ice Blue Dial Mens Watch 128236https://www.swisswatchexpo.com/watches/rolex-president-day-date-platinum-ice-blue-dial-mens-watch-128236-box-card-79175/Rolex Day Date Yellow Gold Pave Diamond Rainbow Dial Watch 128238https://www.swisswatchexpo.com/watches/rolex-day-date-yellow-gold-pave-diamond-rainbow-dial-watch-128238-box-card-76584/Rolex President Day-Date II White Gold Brown Dial Mens Watch 218239https://www.swisswatchexpo.com/watches/rolex-president-day-date-ii-white-gold-brown-dial-mens-watch-218239-75353/Rolex President Day-Date Yellow Gold Diamond Mens Watch 118388https://www.swisswatchexpo.com/watches/rolex-president-day-date-36-yellow-gold-diamond-mens-watch-118388-box-card-74969/#Rolex #DayDate #RolexDayDate #Presidential #IceBlueDial #PlatinumRolex #RoseGold #WatchCollector #WatchFam #Horology",https://www.tiktok.com/@swisswatchexpo/video/7644455594962816287?is_from_webapp=1&sender_device=pc,N/A,5085,7,411,FALSE,13,Almost Certainly a Scam,"Keyword: 'rolex', Keyword: 'watch', Phone number in description","The #1 choice retailer of Authentic, Pre-Owned Watches | Rolex, Omega and more",https://www.tiktok.com/link/v2?aid=1988&lang=en&scene=bio_url&target=SwissWatchExpo.com,36.1K,827.6K,N/A
2026-07-29 2:27:00,rexyanggggg,"Marriage is a scary thing, especially if she mistakes the immense weight of your Platinum Ice Blue dial Day-Date or a heavy Rose Gold Olive Green dial masterpiece for a standard Datejust. If you are going to commit, make sure it is to a legendary President that truly commands the respect your wrist deserves.* Rolex Day-Date 40 Olive Green* Rolex Day-Date Platinum Ice Blue* Rolex Day-Date Yellow Gold Rainbow* Rolex Day-Date II White Gold Brown* Rolex Day-Date Yellow Gold DiamondEach of these pre-owned watches (and more) are available now on swisswatchexpo.comFULL DETAILS AND PRICING:Rolex Day-Date 40 President Rose Gold Green Dial Mens Watch 228235https://www.swisswatchexpo.com/watches/rolex-day-date-40-president-rose-gold-green-dial-mens-watch-228235-box-card-79554/Rolex President Day-Date Platinum Ice Blue Dial Mens Watch 128236https://www.swisswatchexpo.com/watches/rolex-president-day-date-platinum-ice-blue-dial-mens-watch-128236-box-card-79175/Rolex Day Date Yellow Gold Pave Diamond Rainbow Dial Watch 128238https://www.swisswatchexpo.com/watches/rolex-day-date-yellow-gold-pave-diamond-rainbow-dial-watch-128238-box-card-76584/Rolex President Day-Date II White Gold Brown Dial Mens Watch 218239https://www.swisswatchexpo.com/watches/rolex-president-day-date-ii-white-gold-brown-dial-mens-watch-218239-75353/Rolex President Day-Date Yellow Gold Diamond Mens Watch 118388https://www.swisswatchexpo.com/watches/rolex-president-day-date-36-yellow-gold-diamond-mens-watch-118388-box-card-74969/#Rolex #DayDate #RolexDayDate #Presidential #IceBlueDial #PlatinumRolex #RoseGold #WatchCollector #WatchFam #Horology",https://www.tiktok.com/@rexyanggggg/video/7626119820613930254?is_from_webapp=1&sender_device=pc,"#bag, #luxurybags, #luxury, #luxurylife",6716,69,154,TRUE,9,Almost Certainly a Scam,"Keyword: 'rolex', Keyword: 'watch', Hashtag: '#luxury', Phone number in description","Share best bag and also doing best videos
👇Call and Email👇",https://lunaaa.taplink.bio?utm_source=tiktok&utm_id=1871819394532385&utm_campaign=27%20July%20Rex-luna%2001&utm_medium=paid&ttclid=E_C_P_CtIBgWSxRgXx8qom6YxbGv2D_aYi1mmlwGtaYyJLfvvCVuTLR67tePYX3RHkG3wzQK07W9b8p25C8bwd94mJloABAe5IbJ9H0YDttUoSL5JYNTCy-YjtRNdpnBPmsLcmORmrYdLZA95HdwIXGLTlaYxa4hKOsGg5kucUum3O0E8wXaaSdt7ITRrOnd5YxWy0SFKNXyqipqbYXgjHBsfERkBNtKJ9CYJjNSLgFGTFgbbYOA9-BW0Dp3Fg8popMhAufOMnsViXmcagATD9tgQn3RxETENkEgR2Mi4w,16.1K,138.8K,N/A
2026-07-29 2:29:00,brevonwatch,"Never buy them, be warned.",https://www.tiktok.com/@brevonwatch/video/7645229951641226503?is_from_webapp=1&sender_device=pc,N/A,680,7,39,FALSE,10,Probable Scam,"Keyword: 'watch', Keyword: 'buy'","🇲🇾 KL • Malaysia
🌏 Free Worldwide Shipping!
SHOP NOW! ⬇️",https://www.tiktok.com/link/v2?aid=1988&lang=en&scene=bio_url&target=Brevonwatches.com,19.7K,164.7K,N/A
2026-07-29 2:31:01,simone_astitime,Per info e prezzo contattatemi al 3517450213 @Asti Time Orologi #rolex #submariner #orologio #adv #fyp,https://www.tiktok.com/@simone_astitime/video/7654975272969604384?is_from_webapp=1&sender_device=pc,"#rolex, #submariner, #orologio, #adv, #fyp",317,22,12,FALSE,7,Probable Scam,"Keyword: 'rolex', Phone number in description, Phone number in bio","Asti time orologi srl
Corso Dante Alighieri 33 Asti
☎️ 0141091923 - 3517450213",,7924,114.9K,N/A
2026-07-29 2:33:10,voyagevibezs,Worst Watch Brands EXPOSED by Nico Leonard #watchindustry #nicoleonard #hublot,https://www.tiktok.com/@voyagevibezs/video/7636516426467003680?is_from_webapp=1&sender_device=pc,"#watchindustry, #nicoleonard, #hublot",17.7K,477,401,FALSE,3,Suspicious,"Keyword: 'watch', Hashtag: '#watch'",No bio yet.,,15K,292.6K,N/A
2026-07-29 2:33:31,user3962393298435,Don't miss out #tiktokshop #fyp #TikTokShopHolidayHaul #makeup #brushholder,https://www.tiktok.com/@user3962393298435/video/7667630945037602079?is_from_webapp=1&sender_device=pc,"#tiktokshop, #fyp, #TikTokShopHolidayHaul, #makeup, #brushholder",195,117,51,FALSE,3,Suspicious,Keyword: 'shop',No bio yet.,,3372,21.5K,N/A
2026-07-29 2:33:50,softwarewithnick,"Grok 4.5 vs Opus 4.8 🤔 Want to try it out yourself with 50% off a cursor pro plan? All you need to do is check the link in my bio ✅ Grok 4.5 is supposed to be a fast AND powerful model, but how does it stack up against other front-runners? Having a fast/cheap model is one thing, but @Cursor newest model gives you the best of both worlds by not only working fast and cheap, but also producing high quality work! #cursor #cursorpartner #tech #coding #ai",,N/A,52.1K,,,TRUE,10,Almost Certainly a Scam,"Keyword: 'quality', Keyword: 'quality', Keyword: 'link'","Data Scientist 📊
Software Developer 💻
Learn analytics in 90d or money back 👇",https://cursor.com/grok-4-5?utm_source=tiktok_paid&utm_medium=paid&utm_campaign=%5BPurchase%5D_Prospecting_Evergreen_Max-Conversions%20-%20%5BCore%20T1%5D%20-%20%5BGrok%204.5%5D&utm_content=Grok%204.5%20vs%20Opus%204.8%20%F0%9F%A4%94%20Want%20to%20try%20it%20out%20yourself%20with%2050%25%20off%20a%20cursor%20pro%20plan%3F%20All%20you%20need%20to%20do%20is%20check%20the%20link%20in%20my%20bio%20%E2%9C%85%20Grok%204.5%20is%20supposed%20to%20be%20a%20fast%20AND%20powerful%20model%2C%20but%20how%20does%20it%20stack%20up%20against%20other%20front-runners%3F%20Having%20a%20fast%2Fcheap%20model%20is%20one%20thing%2C%20but%20%40Cursor%20newest%20model%20gives%20you%20the%20best%20of%20both%20worlds%20by%20not%20only%20working%20fast%20and%20cheap%2C%20but%20also%20producing%20high%20quality%20work%21%20%23cursor%20%23cursorpartner%20%23tech%20%23coding%20%23ai_%5B258%5D%20-%20UGC%20-%20Partnership%20-%20Nick%20Amato%20-%20Opus%204.8%20vs%20Gro&cc_adgroupid=1871265274097841&cc_adid=1871265317428418&utm_id=1871265131709585&cc_term=Purchase_Prospecting_Consolidated_US%7CCA%7CUK&ttclid=E_C_P_CtQB4q-eqHBrWwZW1xZ-YsPmjwnrgci_HPl-8_UzinBKy2n_bwjA_yeXfTu3Htu9TapESZoucwK7UP1ISrhUxAQVGlQA-F4N7P42yQBhR43KmDZCQX3xd3VqVfSx1yAsincRtCdkyihFL7-R55VSDBY06iTZQoe0m002tkI3QGMMBhihKC8egkWb3msmjo-P2CsUuGN_cn2YBSwit_YKl13tYZtKmyH1lApANGCBamjRN1aMG5ukpy6SQOeqNwCQMXYHpBA2dRUap-FNGWfQf_OXI6_NC8gSBHYyLjA,41.9K,783K,N/A
2026-07-29 2:35:50,embtff,save your tears #theweeknd,https://www.tiktok.com/@embtff/video/7661665910658174241?is_from_webapp=1&sender_device=pc,"#cursor, #cursorpartner, #tech, #coding, #ai, #theweeknd",496.5K,548,13.8K,FALSE,2,Clean,N/A,"insta: embtf
emna@foll-ow.com",https://www.tiktok.com/link/v2?aid=1988&lang=en&scene=bio_url&target=glamroomparis.com,395.3K,27.8M,N/A
2026-07-29 2:36:10,hewson.kaur,"Rolex Datejust 41Model: M126300-0022Collection: Datejust 41Features: Green Dial | Smooth Bezel | Oyster Bracelet | Oystersteel CaseThe distinctive green dial brings a fresh and modern character to the classic Datejust design.The 41mm Oystersteel case paired with a smooth bezel creates a clean and refined look, highlighting the elegant lines and contemporary style.The Oyster bracelet offers durability and comfort, perfectly complementing the green dial with a sophisticated presence under different lighting conditions. #luxurywatch #timepiece #unbox #fyp #luxurystyle",https://www.tiktok.com/@hewson.kaur/video/7667217423157693719?is_from_webapp=1&sender_device=pc,N/A,257,1,7,FALSE,22,Almost Certainly a Scam,"Keyword: 'luxury', Keyword: 'rolex', Keyword: 'watch', Keyword: 'ws', Phone number in description","⌚ Timeless watches, endless style.
👉 Shop & explore:→ whatsapp
Link:kernel.bio.link",https://www.tiktok.com/link/v2?aid=1988&lang=en&scene=bio_url&target=kernel.bio.link,1077,39.2K,N/A
2026-07-29 2:38:10,sailyworld,"Sign up today, and you can start promoting Saily right away!",https://www.tiktok.com/@sailyworld/video/7657465059995700502?is_from_webapp=1&sender_device=pc,"#luxurywatch, #timepiece, #unbox, #fyp, #luxurystyle",4868,208,184,TRUE,3,Low Risk,Hashtag: '#luxury',The Saily eSIM service – affordable mobile data for every journey!,https://saily.com/creators-program/?utm_source=tiktok&utm_id=1869496145896562&utm_campaign=TT%20%7C%7C%20web%20leads%20%7C%7C%20smart%2B%20%7C%7C%20SAILY%20%7C%7C%20WW%20%7C%7C%20Creator%20Program%20%7C%7C%200107&utm_medium=paid&ttclid=E_C_P_CtMBduYYK6gq_1v5SwtV8vsm4Oo-Xbw-2Q29iB8OAth5hQQ-3nWU14BCtvj_WqSY7mZ_ix3AxrYf9sPc-LAy3WYenIwdu54J6e9vQPCwvFaFnHDwovKiLZDnu88_D0dmM4uZSCJhbdvXWwMSSt7786MLn1f4LlQwCLwqwFgYPnVYV4TgFSXe1fMP1soCGyI_CWl708eyINTakCLvHx-QSLxhWUMlBThaWBVH6sIRilxIoMgUalG3IMNyWrhXKdF6vfXWfOvYxVEPJCz35uQxV5zbCPujxhIEdjIuMA,123.6K,5.5M,N/A
2026-07-29 2:38:30,bymonamarie,wir hätten es fast nicht bemerkt @mrs.lulou,https://www.tiktok.com/@bymonamarie/video/7647589864564608288?is_from_webapp=1&sender_device=pc,N/A,50.5K,137,14.2K,FALSE,2,Clean,N/A,auf IG bin ich cooler,https://www.tiktok.com/link/v2?aid=1988&lang=en&scene=bio_url&target=https%3A%2F%2Fwww.instagram.com%2Fbymonamarie%3Figsh%3DY29hbjZwMW41c2dx%26utm_source%3Dqr,241.5K,4.2M,N/A
2026-07-29 2:38:50,nicovanderhorst,This is why you don’t go here 🤦‍♂️ #watches #Luxury #fyp,https://www.tiktok.com/@nicovanderhorst/video/7651681844504661270?is_from_webapp=1&sender_device=pc,"#watches, #Luxury, #fyp",27.4K,56,125,FALSE,13,Almost Certainly a Scam,"Keyword: 'luxury', Keyword: 'watch', Hashtag: '#watch', Hashtag: '#watches', Hashtag: '#luxury'","That Watch Guy from YouTube⌚️

Socialmedia@prideandpinion.com",https://www.tiktok.com/link/v2?aid=1988&lang=en&scene=bio_url&target=https%3A%2F%2Flinktr.ee%2Fnicoleonard,1.4M,35.9M,N/A
2026-07-29 2:40:50,sava.amsterdam,BIGGEST SALE OF THE YEAR IS LIVE,https://www.tiktok.com/@sava.amsterdam/video/7576996021553728790?is_from_webapp=1&sender_device=pc,N/A,138,1,5,TRUE,4,Suspicious,N/A,Based in Amsterdam. Crafted by two brothers.,https://sava-amsterdam.com/products/cross-chain?utm_source=tiktok&utm_medium=paid&utm_id=1848629582426290&utm_campaign=Silver%20Cross%20Chain%20-%20Conversions%20-%20ROAS%201.2%20-%20CPP%20%E2%82%AC42&ttclid=E_C_P_CtIBQXFvV4KXPVblozEhlEjsNMhRODHloTphbM5-x1zcI4IOiSsBPJnOBI1j8hBNd2v6MWlhLHEuEgWQnP5Kd5gUxTlqRKfJyt5LvJmNvgpEvTSc3ssMDBtOW8Lx1HInzmkZu8DNJ5eJ0XQfSMQSW4dAgBJGve_b-xMwYxaIHN1sucBUsV2kV0hrTVTcp2TVdvLs_HqiIKtUBkHWVVDqbHK6atwPisvSbUo9KmzzguF5ksgIo5peAqP0CWtjRBOt1HCmu9_f6g1DweTlrf7bz6LL96veEgR2Mi4w,13.1K,227.2K,N/A
2026-07-29 2:41:10,og63s,2027 Urban Cullinan #urbanautomotive #rollsroyce #vossen #carsoftiktok,https://www.tiktok.com/@og63s/video/7656207561959443742?is_from_webapp=1&sender_device=pc,"#urbanautomotive, #rollsroyce, #vossen, #carsoftiktok",72.1K,323,5457,FALSE,0,Clean,N/A,"Creating Bespoke Vehicles One Day At A Time 💸
🇬🇾
IG : OMMMMAH",,1529,247.3K,N/A
2026-07-29 2:41:30,thewatchkingnyc,BE HUMBLE WHEN YOU COME TO SELL 🙏🙏 #watch #watchcollector #jewelry #watchmania #viral,https://www.tiktok.com/@thewatchkingnyc/video/7662465489628613902?is_from_webapp=1&sender_device=pc,"#watch, #watchcollector, #jewelry, #watchmania, #viral",7265,60,163,FALSE,7,Suspicious,"Keyword: 'watch', Hashtag: '#watch'","Day in the life of a watch wholesaler
📍 13 W 47th Street New York, NY
10036",https://www.tiktok.com/link/v2?aid=1988&lang=en&scene=bio_url&target=https%3A%2F%2Fwww.tiktok.com%2F%40thewatchkingnyc_2.0%3F_t%3D8ph0GpgBsE6%26_r%3D1,712.1K,21.3M,N/A
2026-07-29 2:43:29,ylvq3r5,Omega watch #watch #tissot #casio #rolex #omega,https://www.tiktok.com/@ylvq3r5/video/7638595142064082207?is_from_webapp=1&sender_device=pc,"#watch, #tissot, #casio, #rolex, #omega",1812,34,127,FALSE,11,Probable Scam,"Keyword: 'rolex', Keyword: 'watch', Hashtag: '#watch', Phone number in bio","🛍️whatsapp:86:country code +86(China)17746055604
Chinese luxury goods factory!!
@Geniue This is my main account!",,524,10K,N/A
2026-07-29 2:45:29,finny2661,Should I name her bunny #bridetok #badbunny #pregnant #pregnantlife #foryoupagе,https://www.tiktok.com/@finny2661/video/7652493069396282655?is_from_webapp=1&sender_device=pc,"#bridetok, #badbunny, #pregnant, #pregnantlife, #foryoupagе",280.3K,312,3055,FALSE,2,Clean,N/A,"I work, I mom, I love a good party🤸‍♀️
Work with me ❤️ colezerboni@gmail.com",https://www.tiktok.com/link/v2?aid=1988&lang=en&scene=bio_url&target=https%3A%2F%2Fshopmy.us%2Fcolezerboni,14.4K,4.2M,N/A
2026-07-29 2:45:49,cctemplatessz,#CapCut #pioneertemplate #capcutpioneer #viralcut #trend,https://www.tiktok.com/@cctemplatessz/video/7663526971548142868?is_from_webapp=1&sender_device=pc,"#CapCut, #pioneertemplate, #capcutpioneer, #viralcut, #trend",159.9K,760,3699,FALSE,2,Clean,N/A,"Support my edits 💖
👇🏼",https://www.tiktok.com/link/v2?aid=1988&lang=en&scene=bio_url&target=https%3A%2F%2Fko-fi.com%2Fcctemplatessz,3.1M,58.5M,N/A
2026-07-29 2:46:09,bigmoewatches,Here is why the depth indicator on your watch doesn’t give you the amount of meters you can actually dive with the watch 😱🤯 #bigmoe #bigmoewatches #bigmoeinc #dubai,https://www.tiktok.com/@bigmoewatches/video/7638628344283630869?is_from_webapp=1&sender_device=pc,N/A,857,6,32,FALSE,12,Probable Scam,Keyword: 'watch',"Dubai Luxury Watches
Authentic, Unworn, Same-Day Delivery
WhatsApp to inquire",https://www.tiktok.com/link/v2?aid=1988&lang=en&scene=bio_url&target=bigmoewatches.com,75.8K,2.1M,N/A
2026-07-29 2:48:17,hewson.kaur,"That ice blue just hits different. 🧊Clean, fresh, and impossible to ignore.The texture on the dial? Next level.Low-key flex, but it speaks loud.This is the kind of watch you don’t get tired of. #watchtok #wristcheck #luxurywatch #watchstyle #fyp",https://www.tiktok.com/@hewson.kaur/video/7636503982420036886?is_from_webapp=1&sender_device=pc,N/A,390,5,25,FALSE,18,Almost Certainly a Scam,"Keyword: 'luxury', Keyword: 'watch', Keyword: 'ws'","⌚ Timeless watches, endless style.
👉 Shop & explore:→ whatsapp
Link:kernel.bio.link",https://www.tiktok.com/link/v2?aid=1988&lang=en&scene=bio_url&target=kernel.bio.link,1078,39.2K,N/A
2026-07-29 2:50:18,nicovanderhorst,TJR’s iced out G-Shock! #watches #Luxury #fyp,https://www.tiktok.com/@nicovanderhorst/video/7643771495033933078?is_from_webapp=1&sender_device=pc,"#watchtok, #wristcheck, #luxurywatch, #watchstyle, #fyp, #watches, #Luxury, #fyp",100.7K,212,286,FALSE,13,Almost Certainly a Scam,"Keyword: 'luxury', Keyword: 'watch', Hashtag: '#watch', Hashtag: '#watches', Hashtag: '#luxury'","That Watch Guy from YouTube⌚️

Socialmedia@prideandpinion.com",https://www.tiktok.com/link/v2?aid=1988&lang=en&scene=bio_url&target=https%3A%2F%2Flinktr.ee%2Fnicoleonard,1.4M,35.9M,N/A
2026-07-29 2:52:18,Lobosjewelry,Buy once. Wear forever.,https://www.tiktok.com/@Lobosjewelry/video/7647963238742641927?is_from_webapp=1&sender_device=pc,N/A,12,0,Share,TRUE,7,Probable Scam,Keyword: 'buy',Premium Jewelry 🧊,https://www.lobosjewelry.com/collections/bundles?utm_source=tiktok&utm_id=1805998317176881&utm_campaign=DDU_PROSPECTING_COST%20CAPS&utm_medium=paid_social&tt_campaignid=1805998317176881&utm_term=__ADGROUP_NAME__&utm_content=__AD_NAME__&ttclid=E_C_P_CtMBjqfEd7BZoi8arX138wfuRIuwzT9OZODccOmgU5FDImv9mVgOv80P7LI3sXGfVeenmLcKnaXMv1RSMgwEzePQeDojAAyCvKopu0mUw4ecsmRYtXMMAArZ8Ki_wXUA0e24L45i6YpRr6Kgg5x-vQhcupApuZQKAZiklKvOdwUaXRJUN2LHkNJoNDFOorViFQMkRGLDObnSsGF4pke6GqzgfrId_nmMQlXwg1kVuVDboPE_KqjUuzjwPA8Y5msKRG62Xs2ZWZrSkJzOIR4BfurPfIyKRBIEdjIuMA,10.1K,64.2K,N/A
2026-07-29 2:54:18,thewatchkingnyc,BLAME THE BEZEL 😎😎 #watch #watchcollector #jewelry #watchmania #viral,https://www.tiktok.com/@thewatchkingnyc/video/7610928651403660558?is_from_webapp=1&sender_device=pc,"#watch, #watchcollector, #jewelry, #watchmania, #viral",885.2K,481,2453,FALSE,7,Suspicious,"Keyword: 'watch', Hashtag: '#watch'","Day in the life of a watch wholesaler
📍 13 W 47th Street New York, NY
10036",https://www.tiktok.com/link/v2?aid=1988&lang=en&scene=bio_url&target=https%3A%2F%2Fwww.tiktok.com%2F%40thewatchkingnyc_2.0%3F_t%3D8ph0GpgBsE6%26_r%3D1,712.1K,21.3M,N/A
2026-07-29 2:56:18,daoyuanlustre,"#peace #calm #healing #CrystalHealing #EnergyProtection #LuckyCrystals #HealingCrystal #SpiritualJewelry #fyp #GoodVibes #CrystalBlessing #CrystalEnergy #lucky #daoyuanstore #healingcrystal #spiritualjewelry #crystal Translucent vs Icy-Clear Crystals: Which Fits You?Translucent and icy-clear crystals — which one is your perfect match?Start with what draws you first: translucent crystals often diffuse light softly, offering a gentle, comforting presence for meditation, calm, and everyday grounding. Icy-clear crystals, by contrast, transmit light with sharp clarity and are often chosen for focused energy protection, mental clarity, and amplifying intentions.How to tell them apart- Appearance: Translucent crystals let light through but appear softened or milky; icy-clear crystals are transparent with crisp edges and minimal inclusions.- Feel: Many people sense warmth or softness from translucent stones and a cooler, more ‘sharp’ sensation from icy-clear ones.Common uses- Translucent crystals: favored for peace, emotional healing, and creating a soothing environment. They pair well with calming rituals and wear as spiritual jewelry to promote steady, gentle support.- Icy-clear crystals: chosen for protection, clarity, and amplifying intentions. Ideal for focused practices, energy clearing, and manifesting specific goals.Choosing your match1. Intent: If you seek calm and healing, lean toward translucent stones. If you want clarity, protection, or to amplify intentions, choose icy-clear varieties.2. Aesthetic and feel: Let your eye and touch decide—hold both and notice which one resonates.3. Practical use: Consider how you’ll carry or wear the crystal. Translucent pieces suit wearable, grounding jewelry; icy-clear stones work well in dedicated altar spaces or as focal pieces in meditation.A simple ritualMake a wish in the next seven seconds. Focus on your intention, then type and share “11” as a small symbolic action to reinforce your choice and spread the energy.TakeawayBoth translucent and icy-clear crystals offer meaningful support—pick the one that aligns with your intention: calm and healing, or clarity and protection. Which did you choose? Share your pick and type 11 to make your wish part of the ritual.Keywords: translucent crystal benefits, icy-clear crystal meanings, crystal healing for calm, energy protection crystals, lucky crystals for grounding, healing crystal comparison, spiritual jewelry crystals, how to choose crystals, crystals for meditation, crystal wish practice",https://www.tiktok.com/@daoyuanlustre/video/7666351981534907678?is_from_webapp=1&sender_device=pc,"#peace, #calm, #healing, #CrystalHealing, #EnergyProtection, #LuckyCrystals, #HealingCrystal, #SpiritualJewelry, #fyp, #GoodVibes, #CrystalBlessing",154,127,54,FALSE,5,Suspicious,Keyword: 'ws',"refined details & timeless glow ✨
shop ➡️ https://daoyuanstore.com/",,2294,15.5K,N/A
2026-07-29 2:56:38,pursuitofvacations,I See Myself In You is out today!,https://www.tiktok.com/@pursuitofvacations/video/7665829889450265870?is_from_webapp=1&sender_device=pc,"#SpiritualJewelry, #fyp, #GoodVibes, #CrystalBlessing, #CrystalEnergy, #lucky, #daoyuanstore, #healingcrystal, #spiritualjewelry, #crystal",414,1,2,TRUE,3,Suspicious,N/A,"✨✨✨


fanpage, not impersonating",https://vacations.ffm.to/iseemyselfinyou.NGY?utm_source=tiktok&utm_id=1871520826608210&utm_campaign=Vacations_3176_067003020480_Pursuit%20of%20Anything_I%20See%20Myself%20In%20You%20UGC_Conversions%09%09%09%09&utm_medium=paid&ttclid=E_C_P_CtMB19JviHdiO6j9eqRmB1vFjxmzoUknFKuUVHlbf35Ic1p9mAjLKD_52ESO6ZCQMV62BVP65JRPZzpAy5gRTQWDJbhktuzw2ClHpPUONmnwNIRh09c66cELgmsS3TVwLpSu7N0BCGYSpobCOazZZjggs3lG16v6FsWeugRzy8piB-DfL0H_0Cu_3WHszlKUTAsY5SKaRkOLm-lo-v1VnVaHzs1aJ3exWA7akf1h83eu8bo39y5cY3I5CQUu-D_jbVlA6CG4rM0Mckd4IwVOQ_uftzAn7BIEdjIuMA,15,1244,N/A
2026-07-29 2:56:58,kate_motovilova,,https://www.tiktok.com/@kate_motovilova/video/7659146356077989128?is_from_webapp=1&sender_device=pc,N/A,1.7M,1279,53.6K,FALSE,4,Clean,N/A,РКН: https://gosuslugi.ru/snet/6949709c1d0704120f5b63e2,https://www.tiktok.com/link/v2?aid=1988&lang=en&scene=bio_url&target=https%3A%2F%2Ft.me%2Fkate_motovilovaa,355K,13.4M,N/A
2026-07-29 2:57:18,reeceonrepeat,ignore the sticker I didn’t realize was stuck to my foot…. #heelslover #beautyispain #blisters,https://www.tiktok.com/@reeceonrepeat/video/7648736637459107085?is_from_webapp=1&sender_device=pc,"#heelslover, #beautyispain, #blisters",142.1K,866,6366,FALSE,6,Clean,N/A,"CHICAGO📍
navigating law school & .... life
food, fashion, law, events✨🤍
💌 collabs: peyton@ashhagency.com",https://www.tiktok.com/link/v2?aid=1988&lang=en&scene=bio_url&target=https%3A%2F%2Flinktr.ee%2Freeceonrepeat,26.8K,929.6K,N/A
2026-07-29 2:59:18,lofifruitsmusic,A Soothing Playlist for a Restful Night's Sleep,https://www.tiktok.com/@lofifruitsmusic/video/7581640499778342161?is_from_webapp=1&sender_device=pc,N/A,5634,69,45,TRUE,0,Clean,N/A,"𝗣𝗹𝗮𝘆𝗹𝗶𝘀𝘁𝘀 𝘁𝗼 𝘀𝘁𝘂𝗱𝘆, 𝗿𝗲𝗹𝗮𝘅 𝗮𝗻𝗱 𝘀𝗹𝗲𝗲𝗽 𝘁𝗼 👇",https://sndl.ink/soundlink/ujtMwUyv8hDQa2Y8ApOGm?ttclid=E_C_P_CtEBfa6JC0rIdiClyCcUzYS6vSN3lFXE2rAf0NWaCf8wARHThoskNCUGPQnk8s5kCJabhnFhdwtc3QOtFQOpyJXoNUn2cK4P0yh8SAY6scdYxMo8SwYst-xbeIpY78ibbKWaXln6SnxEyO8Gl-wzpSQuOtKHmxMC_AYold12jjJkX8TccbgkJBg2_dGq7Ltb9rDfsXnVdZoZ6tuBw58Ubx0robmBvZUQWfvJ-GRja5BTWBbprhw4z1USakQ2d1pfkGTuITtPd40VbjnxqXtPbCPNjB0SBHYyLjA,8.3M,147M,N/A
2026-07-29 2:59:42,theblondebrewer,I was wonder why they were “fishing” so much @Ginge-n-Juice 🤦🏼‍♀️🤣 #fishing #brothers #couplescomedy,https://www.tiktok.com/@theblondebrewer/video/7634605367581756702?is_from_webapp=1&sender_device=pc,"#fishing, #brothers, #couplescomedy",598.3K,6513,259.3K,FALSE,6,Clean,N/A,"@nottheblondebrewer I @Jaron Clayton
@BlondeBrewerShop

Blondebrewer@twartists.com",https://www.tiktok.com/link/v2?aid=1988&lang=en&scene=bio_url&target=https%3A%2F%2Flinktr.ee%2FTheblondebrewer,6.5M,277M,N/A
2026-07-29 3:01:43,Lobosjewelry,Buy once. Wear forever.,https://www.tiktok.com/@Lobosjewelry/video/7625987495464914192?is_from_webapp=1&sender_device=pc,#couplescomedy,64,1,Share,TRUE,7,Probable Scam,Keyword: 'buy',Premium Jewelry 🧊,https://www.lobosjewelry.com/collections/bundles?utm_source=tiktok&utm_id=1805998317176881&utm_campaign=DDU_PROSPECTING_COST%20CAPS&utm_medium=paid_social&tt_campaignid=1805998317176881&utm_term=__ADGROUP_NAME__&utm_content=__AD_NAME__&ttclid=E_C_P_CtMB3u3M3abw4LGPBzLdRPfi8QyRsN6sv8dt5my2AonDf2xLxfbTF6zdOP3qvyPsVwe7kB5VLlrIMbX-I8CI2seBCp9igDci3fRo4fh33ub_89WD9t1GvPO9mQJEtwBRkGxEohScJWuY0COdfxt7YIGH9fDqX0D6POrWMnqaKAxkLaQE10U0toomUuPX_bv8GeXYokQ1zYkMpAlRzt0jcuZhJuO0fVEWytQg9OKueOYykR-lWiyhMJ1Rge_MYLWSxkgQpJ_C61WMxC_wNZODSh5vyz8AgxIEdjIuMA,10.1K,64.2K,N/A
2026-07-29 3:18:52,luxewatches,"Mint ✅2025 £13,245💷 Rolex Oyster Perpetual Datejust 41mm Stainless Steel 126334Did you know we offer flexible finance options, including both interest-free and interest-bearing plans, allowing you to spread the cost over 6 to 60 months.Shop in store or online 🛍️📲📍 219 High Street | Epping | CM16 4BL💻 luxewatches.co.uk📞 0203 397 1596",https://www.tiktok.com/@luxewatches/video/7651582474127969558?is_from_webapp=1&sender_device=pc,N/A,6852,71,676,FALSE,12,Almost Certainly a Scam,"Keyword: 'rolex', Keyword: 'watch', Keyword: 'shop', Phone number in description, Phone number in bio","Luxe Watches UK
Showcasing Rare/Exclusive Timepieces
0203 397 1596",,19.4K,330.3K,N/A
2026-07-29 3:20:53,cjtine22,#capcut #capcutpioneer #trending,https://www.tiktok.com/@cjtine22/video/7665499543282224405?is_from_webapp=1&sender_device=pc,"#capcut, #capcutpioneer, #trending",40,0,2,FALSE,5,Suspicious,N/A,"feel free to use my edit click capcut anchor 🤗
“ try this template ”",,13.8K,971.3K,N/A
2026-07-29 3:21:13,thewatchkingnyc,NOW THE FRIEND WANTS TO TRY 😎😎 #watch #watchcollector #jewelry #watchmania #viral,https://www.tiktok.com/@thewatchkingnyc/video/7662087236938190094?is_from_webapp=1&sender_device=pc,"#watch, #watchcollector, #jewelry, #watchmania, #viral",5336,33,42,FALSE,7,Suspicious,"Keyword: 'watch', Hashtag: '#watch'","Day in the life of a watch wholesaler
📍 13 W 47th Street New York, NY
10036",https://www.tiktok.com/link/v2?aid=1988&lang=en&scene=bio_url&target=https%3A%2F%2Fwww.tiktok.com%2F%40thewatchkingnyc_2.0%3F_t%3D8ph0GpgBsE6%26_r%3D1,712.2K,21.3M,N/A
2026-07-29 3:23:13,coffee_sniper_zeezee,"#citizenwatch #citizentsuyosa #fyp @Citizen Watch @Paris Baguette US Citizen Tsuyosa Automatic with its striking turquoise dial is proof that great watchmaking doesn’t have to come with a luxury price tag. Featuring an automatic movement, integrated stainless-steel bracelet, date magnifier, and a vibrant sunburst dial, the Tsuyosa combines classic 1970s-inspired sports watch styling with modern everyday wearability.Introduced as part of Citizen’s effort to bring affordable mechanical watches to a new generation of enthusiasts, the Tsuyosa (which means “strength” in Japanese) quickly became one of the brand’s most popular collections. Its colorful dials, reliable in-house movement, and exceptional value have made it a favorite among collectors and first-time watch buyers alike.",https://www.tiktok.com/@coffee_sniper_zeezee/video/7646747933282520351?is_from_webapp=1&sender_device=pc,"#citizenwatch, #citizentsuyosa, #fyp",5893,93,243,FALSE,8,Almost Certainly a Scam,"Keyword: 'bag', Keyword: 'luxury', Keyword: 'watch', Keyword: 'buy'",No bio yet.,,996,28.3K,N/A
2026-07-29 3:25:12,ffcc1217,Infinite Shampoo Prank #funnytiktok #gunnyprank #prankvideo #funnypranks #prankviedo #fannymoment #funnycomedy #funnyprankvideo,https://www.tiktok.com/@ffcc1217/video/7656376618293693727?is_from_webapp=1&sender_device=pc,"#funnytiktok, #gunnyprank, #prankvideo, #funnypranks, #prankviedo, #fannymoment, #funnycomedy, #funnyprankvideo",125.7K,878,29.7K,FALSE,0,Clean,N/A,show your support follow me❤❤❤❤❤❤,,120.3K,1.5M,N/A
2026-07-29 3:25:32,swanandedgar,The Diplomat,https://www.tiktok.com/@swanandedgar/video/7653037840749677846?is_from_webapp=1&sender_device=pc,"#fannymoment, #funnycomedy, #funnyprankvideo",302,4,5,TRUE,4,Suspicious,N/A,"Timeless British Elegance
#swanandedgar",https://swanandedgar.com/products/diplomat-silver?tw_source=tiktok&tw_adid=1868411897300081&utm_source=tiktok&utm_id=1868411849252113&utm_campaign=MBM%20%7C%20Diplomat%20%7C%20UK%20USA&utm_medium=cpc&utm_content=__ADID_V2_NAME__&ttclid=E_C_P_CtIBOa1wCuSIgDzBR7QuCjIM_gwoVnbctbsKhJaRHUjfp11EYkxpOxZEFsLbv6Mw1GO7SbbUeANex9olOoldI5kTC6PVRQnqmZmRENDiJxxBVOidz39oPmzNE9-DJYoFJK9xa4Y1KT7kHI8rvyOgVp8pMeguljGsu4_JDpzuqMbFl2YfGR7WfJ0Z040U4_suhFzvzyKoTKpKCKe6XK_C-wKh0K3AeDD0Ui4gJ0EHIwaVLp_TC4ihW-2a1oI7CrGJ1fYv9mIuPqN_3Hcl4BAhcwPVDZ29EgR2Mi4w,2380,9349,N/A
2026-07-29 3:25:52,thewatchkingnyc,LOWBALLING IS A SKILL 😂😂 #watch #watchcollector #jewelry #watchmania #viral,https://www.tiktok.com/@thewatchkingnyc/video/7633916158483254541?is_from_webapp=1&sender_device=pc,"#watch, #watchcollector, #jewelry, #watchmania, #viral",226.9K,142,731,FALSE,7,Suspicious,"Keyword: 'watch', Hashtag: '#watch'","Day in the life of a watch wholesaler
📍 13 W 47th Street New York, NY
10036",https://www.tiktok.com/link/v2?aid=1988&lang=en&scene=bio_url&target=https%3A%2F%2Fwww.tiktok.com%2F%40thewatchkingnyc_2.0%3F_t%3D8ph0GpgBsE6%26_r%3D1,712.2K,21.3M,N/A
2026-07-29 3:27:51,rosemvazds5,Don’t miss it #tiktokshop #fyp #TikTokShopHolidayHaul #makeup #brushholder,https://www.tiktok.com/@rosemvazds5/video/7643718505317125389?is_from_webapp=1&sender_device=pc,"#tiktokshop, #fyp, #TikTokShopHolidayHaul, #makeup, #brushholder",934,377,196,FALSE,3,Suspicious,Keyword: 'shop',No bio yet.,,2324,19K,N/A
2026-07-29 3:28:11,lunalavish,"80% off, sale ends at midnight",https://www.tiktok.com/@lunalavish/video/7667741256763690260?is_from_webapp=1&sender_device=pc,N/A,0,,Share,TRUE,3,Suspicious,N/A,No bio yet.,https://lunalavish.co/products/fashion-vintage-sunglasses-for-women-rimless-frameless-rectangle-shades-gradient-uv400-summer-traveling-sun-glasses-for-womenn?ttclid=E_C_P_CtMBmYXnYDIW7BIMWILvnI5ZjMoEPb8ZgCbTMyjvtlE_qJmB6TlATBF3NlYldw2bhtxZfGoFq1Nk9tDQFpGLEr9kk-kZ6xs7JjSKB_9_SMt2seUlYJKxBM3nhT32pCW205Z8lmrC51Uu26sbDSb-p-c4689SQWd2t79mCRF1zxcCud64fh9QgJoFNVqieau0Ikj8sfdv0InmJjKyf1qdBXY4yEA92i5lHNlqP3uUjXQ2fWL_R6lrx-ee1ABmGLUAVwq_yCleQT4HRJ4V7w_2kXxKnx-QTRIEdjIuMA,31,1884,N/A
2026-07-29 3:28:39,xuligan_z..81,#CapCut,https://www.tiktok.com/@xuligan_z..81/video/7655818865095609608?is_from_webapp=1&sender_device=pc,#CapCut,6120,276,1402,FALSE,0,Clean,N/A,No bio yet.,,100.8K,1.6M,N/A
2026-07-29 3:29:01,numberartistshop,"Paint, relax, and unwind with our paint by number sets!",https://www.tiktok.com/@numberartistshop/video/7565869541150952712?is_from_webapp=1&sender_device=pc,N/A,0,0,Share,TRUE,7,Probable Scam,Keyword: 'shop',"The best paint-by-number kits in the world ✨🎨
New releases every week 🖼️🖌️",https://numberartist.com/collections/paint-by-numbers?utm_source=tiktok&utm_medium=paid&utm_id=1842348438308993&utm_campaign=na%20-%20abo%20-%20testing%20-%20usa%20%26%20new%20ww%20-%20new%20acc&nb_platform=tiktok&nbt=nb%3Atiktok%3A%3A1842348438308993%3A1847134756902018%3A1847134756902066&ttclid=E_C_P_CtIBzuSx5RmD6zIqZdMYaHZauptbm9pAKaJ8S188BAhuYOVweuDw8-S4QPhJmpXVTvDLXWZ1PrZE-ji-Av5YEggX0jhdlL31_gkEDiKnl1_hPa2m4R3_-5zvQL_fZfI1ulXMepM7lQOaLEmLRjStUDl_vLMKLo1yFbau5YUBkB7lPg4mwRS15keckOEjEf1NIOiCu6qvco5eWlwIv_v3TPE7VSrIA0sir2XemW7Nq9LgNF_4OGeYAWvTMyLwatbQ9tYGf7Bs5V6qO9BQI-OeO6lQMMr7EgR2Mi4w,15.5K,137.3K,N/A
2026-07-29 3:31:02,bigmoewatches,Need a powerful watch?The Rolex Day-Date has been worn by legends from gangsters to presidents.It’s not just a watch; it’s a symbol of status and influence.Are you ready to wear a president on your wrist? 👑 #bigmoe #bigmoewatches #dubai #raretoreality,https://www.tiktok.com/@bigmoewatches/video/7647902793985953045?is_from_webapp=1&sender_device=pc,N/A,636,5,49,FALSE,14,Probable Scam,"Keyword: 'rolex', Keyword: 'watch'","Dubai Luxury Watches
Authentic, Unworn, Same-Day Delivery
WhatsApp to inquire",https://www.tiktok.com/link/v2?aid=1988&lang=en&scene=bio_url&target=bigmoewatches.com,75.8K,2.1M,N/A
2026-07-29 3:33:02,crystalbeads__,Aquamarine crystal brings you endless good luck. Leave a comment with 11:11. #custommade #luck #diybracelet #customade #beads,https://www.tiktok.com/@crystalbeads__/video/7654579609933057310?is_from_webapp=1&sender_device=pc,"#bigmoe, #bigmoewatches, #dubai, #raretoreality, #custommade, #luck, #diybracelet, #customade",1780,1433,359,FALSE,4,Suspicious,Keyword: '1:1',"🔮 1111 Crystal | Custom DIY Crystal Studio
Design your bracelet with beads you love
Message me for full custom options",,178,5057,N/A
2026-07-29 3:33:23,paullinaruban,Approved,https://www.tiktok.com/@paullinaruban/video/7648257423186283796?is_from_webapp=1&sender_device=pc,"#custommade, #luck, #diybracelet, #customade, #beads",1.2M,1450,40.2K,FALSE,2,Clean,N/A,"Paula / Paullina
✉️ copaullin@gmail.com
🎀Founder @caloriaclub",https://www.tiktok.com/link/v2?aid=1988&lang=en&scene=bio_url&target=https%3A%2F%2Fcaloriaclub.com%2F,81.9K,9.5M,N/A
2026-07-29 3:33:43,thewatchkingnyc,I DONT LIKE THE WATCH 🤪🤪 #watch #watchcollector #jewelry #watchmania #viral,https://www.tiktok.com/@thewatchkingnyc/video/7643542229826424077?is_from_webapp=1&sender_device=pc,"#watch, #watchcollector, #jewelry, #watchmania, #viral",23.8K,70,197,FALSE,7,Suspicious,"Keyword: 'watch', Hashtag: '#watch'","Day in the life of a watch wholesaler
📍 13 W 47th Street New York, NY
10036",https://www.tiktok.com/link/v2?aid=1988&lang=en&scene=bio_url&target=https%3A%2F%2Fwww.tiktok.com%2F%40thewatchkingnyc_2.0%3F_t%3D8ph0GpgBsE6%26_r%3D1,712.2K,21.3M,N/A
2026-07-29 3:35:43,cwrfzqtnj9,Swiss movement 🇨🇭 Sapphire crystal 💎904L steel ⌚️ High quality 👑Quality control ✅ Purchase protection 💯Box and documents included 📦📄 #orologio #watch #watches #watchmegrow #popular,https://www.tiktok.com/@cwrfzqtnj9/video/7667628843871604001?is_from_webapp=1&sender_device=pc,N/A,78,3,4,FALSE,15,Almost Certainly a Scam,"Keyword: 'watch', Keyword: 'quality', Keyword: 'quality', Phone number in bio","If you are looking for cheap toys, please do not contact me
👇👇👇How to buy👇👇👇
✈️Ship worldwide🌏
Whats🅰️🅿️🅿️：+86 15568432229",,220,996,N/A
2026-07-29 3:37:43,auracristal.mx,11:11🔮 #crystal #crystalhealing #crystaltok #crystals #fypageシ,https://www.tiktok.com/@auracristal.mx/video/7648157157199760661?is_from_webapp=1&sender_device=pc,"#orologio, #watch, #watches, #watchmegrow, #popular, #crystal, #crystalhealing, #crystaltok, #crystals, #fypageシ",3247,1880,520,FALSE,4,Probable Scam,"Keyword: '1:1', Hashtag: '#watch', Hashtag: '#watches'","Pulseras de cristal ✨
Energía, estilo y buena vibra | MX🔮",,2317,127.1K,N/A
2026-07-29 3:38:12,mayatravelmode,Evolution Called. Answer It.,https://www.tiktok.com/@mayatravelmode/video/7665237817382931732?is_from_webapp=1&sender_device=pc,N/A,14,0,Share,TRUE,3,Suspicious,N/A,"Your next trip deserves better than airport Wi-Fi. 🌎 One eSIM, installed once. Add plans as you go. Live Life Unlimited. Turn Travel Mode ON.",https://maya.net/?utm_source=tiktok&utm_id=1871354926627873&utm_campaign=Website%20Prospecting%20Campaign&utm_medium=paid&ttclid=E_C_P_CtMBegYcS7hVtLZczul06EyIs4FYubcSNOUGDN4b4Nzpl8IRfCa0j59C7-qqtqWcc58hTuaxK5wu5CbfxtOhzRjmv6k3A6hTDZCp10GhC-XmW7t5yotYOBWsVV5WK5LIpLNQ3xg_VfW04HvaYPcRDA3ucTRJrY1U0Bc8m_tFthWHudQAUytk_JaBZ4riAPp9jWiax4X2mqtR-DUFf5ydcM646RyKIHxHgPouTTHneFW1SSc-la8587TKsm1UuO1d6443aD9j6RzI9Qh9CqbNUYuM0YXlVhIEdjIuMA,10.9K,66.2K,N/A
2026-07-29 3:38:33,happyjewelers,DID I MAKE A GOOD TRADE? 😦,https://www.tiktok.com/@happyjewelers/video/7659970787658452237?is_from_webapp=1&sender_device=pc,N/A,28.2K,182,285,FALSE,2,Clean,N/A,"Voted Best Jewelers in Orange County
1565 S. Harbor Blvd. Fullerton, CA 92832

EBAY LIVE TOMORROW @2:15 PST ⬇️",https://www.tiktok.com/link/v2?aid=1988&lang=en&scene=bio_url&target=https%3A%2F%2Fwww.ebay.com%2Febaylive%2Fsellers%2FwNrr7xi_RL6,158K,4M,N/A
2026-07-29 3:38:53,kanirosi,who tf am i feelin like,https://www.tiktok.com/@kanirosi/video/7648042173597830414?is_from_webapp=1&sender_device=pc,N/A,2.1M,3970,59.3K,FALSE,4,Clean,N/A,contact | kanirosi@liftsm.com,https://www.tiktok.com/link/v2?aid=1988&lang=en&scene=bio_url&target=https%3A%2F%2Fhoo.be%2Fkanirosi,1.4M,68.6M,N/A
2026-07-29 3:39:12,dshdjsg5,Final Clearance! Keep skin cool and moisturized all season long with our best-selling cream.,https://www.tiktok.com/@dshdjsg5/video/7667859904731942158?is_from_webapp=1&sender_device=pc,N/A,1,0,Share,TRUE,5,Suspicious,N/A,No bio yet.,https://xuelexorin.com/products/sunscreen-to-prevent-sunburn-and-tanning-universal-tinted-face-moisturizer-sunscreen-spf-50-pa-outdoorfun-facial-daily-repairing-soothing-sunblock-water-proof-skin-repair-hydrate-moisture-travel-essentials?utm_source=tiktok&utm_id=1872030969098305&utm_campaign=0729GB3%E6%8A%A4%E8%82%A4%E9%9C%9C%20&utm_medium=paid&ttclid=E_C_P_CtMBwBgz7GfHyH4Npj3nbYNxzaQFhokT9pmx3Dm2pFbcX1o2qdiqwAZ38AsNC9sF6wFfD0jCcNS2mzDohUMqLM8PfaplyVMK2rbNDRffGi3ZKGNRpL--yPahPV7jfLMIG1cl4C-lCLiby8SjGhFuYb7TSOaIn58vkCOSoFM0TH9KMRPll3x5nJ1lkWFLgF-U9H2xxBtbcByB4DzrFtHbJNDqFaGAAFLetM1UXdjA0RX30bLpGPwev1e9UN-nCw6FFTqyQEjyP9JngJmRUVT95AtMv6oY4xIEdjIuMA,107,2634,N/A
2026-07-29 3:39:32,majbritberthelsen1,HBD to me 🎂 #53yearsyoung #happybirthdaytome,https://www.tiktok.com/@majbritberthelsen1/video/7648162749729574166?is_from_webapp=1&sender_device=pc,"#53yearsyoung, #happybirthdaytome",73.4K,2042,3272,FALSE,0,Clean,N/A,"Mom to boys 💙💙
Living life loud & lip syncing louder 🎤
From Denmark 🇩🇰🇬🇱
Collabs: Missb.collabs@outlook.dk",,34.3K,449.1K,N/A
2026-07-29 3:39:51,thereal.onii,#larpgpt,https://www.tiktok.com/@thereal.onii/video/7664267184398421281?is_from_webapp=1&sender_device=pc,#larpgpt,1.5M,3627,58.1K,FALSE,6,Clean,N/A,"DM FOR COLLAB
collab.therealoni@gmail.com
KICK: Therealonii",https://www.tiktok.com/link/v2?aid=1988&lang=en&scene=bio_url&target=https%3A%2F%2Flinktr.ee%2FThereal.oni,87.9K,5.9M,N/A
2026-07-29 3:41:51,heywa_official,Better summer makeup starts with knowing what works. Explore it on Heywa.,https://www.tiktok.com/@heywa_official/video/7663174493015117058?is_from_webapp=1&sender_device=pc,N/A,2,0,2,TRUE,5,Suspicious,N/A,"stay curious, i'll do the rest ✨

try heywa ⬇️",https://www.heywa.com/?pageType=dynamic&q=Easy%20make%20up%20tips%20for%20the%20summer&tagline=tap%20through%20and%20discover&utm_source=tiktok&utm_medium=paid-social&utm_campaign=ConversionsTT&utm_content=summer-makeup-tips&ttclid=E_C_P_CtIBP7Bz4TUA25BDdLWE2UR4mj6HhUFv7hT2xC-ueuKHYWHFdSQlEoklBqxjOYkwGIXXb3GoXN16CIEDZb6BtoTXfPhPkR_LYQLqPvAPXNyITXSVsgiwgcBjnt0Y4UIoKrESYBICg9KVmsvVX9ksgFSGUC-oeXShnxyj0P2gfycyEcDETcJCvwauEzUo7VxIZTGK9Z1qlGL80ZKwAzMfef5l-eZEWoiUFAO9Jiu2VmnUnzFxLwRWbvKz5cbkxWHGM66YbuQVM9xvpaRtQVJ3_tWtix1kEgR2Mi4w,632,18.4K,N/A
2026-07-29 3:42:11,serghei_u,Like fr tho #gym #fyp #viral #trend #funny @THORFINN @Trent,https://www.tiktok.com/@serghei_u/video/7637990948403744014?is_from_webapp=1&sender_device=pc,"#gym, #fyp, #viral, #trend, #funny",2.2M,7738,408.9K,FALSE,4,Clean,N/A,"Galatians 6:9
Inquiries: solodevelopment.sd@gmail.com",https://www.tiktok.com/link/v2?aid=1988&lang=en&scene=bio_url&target=https%3A%2F%2Flinktr.ee%2FSergheiu,8948,4.1M,N/A
2026-07-29 3:42:30,auracristal.mx,11:11🔮 #crystal #crystalhealing #crystaltok #crystals #fypageシ,https://www.tiktok.com/@auracristal.mx/video/7651940615105678612?is_from_webapp=1&sender_device=pc,"#crystal, #crystalhealing, #crystaltok, #crystals, #fypageシ",626,432,128,FALSE,3,Suspicious,Keyword: '1:1',"Pulseras de cristal ✨
Energía, estilo y buena vibra | MX🔮",,2317,127.1K,N/A
2026-07-29 3:42:50,sweniustime,When I see this brand on someone’s wrist I already know we can skip the small talk and go straight to the deep end of the conversation. #rolex #tudorwatch #swisswatches #seiko #watchtok,https://www.tiktok.com/@sweniustime/video/7647911161500863775?is_from_webapp=1&sender_device=pc,N/A,88.2K,8366,3670,FALSE,6,Probable Scam,"Keyword: 'rolex', Keyword: 'watch'","Jesus saves
Watch Enthusiast⏱️ | Tech Leader 👨🏾‍💻
📧EMAIL: shane@swenius.com
Tech Page 👇🏾
@THESWENIUSONE",,5019,129.6K,N/A
2026-07-29 3:44:49,heywa_official,When I see this brand on someone’s wrist I already know we can skip the small talk and go straight to the deep end of the conversation. #rolex #tudorwatch #swisswatches #seiko #watchtok,https://www.tiktok.com/@heywa_official/video/7663174531795766550?is_from_webapp=1&sender_device=pc,"#rolex, #tudorwatch, #swisswatches, #seiko, #watchtok",1,1,Share,TRUE,10,Almost Certainly a Scam,"Keyword: 'rolex', Keyword: 'watch', Hashtag: '#watch'","stay curious, i'll do the rest ✨

try heywa ⬇️",https://www.heywa.com/?pageType=dynamic&q=Easy%20make%20up%20tips%20for%20the%20summer&tagline=tap%20through%20and%20discover&utm_source=tiktok&utm_medium=paid-social&utm_campaign=ConversionsTT&utm_content=summer-makeup-tips&ttclid=E_C_P_CtIB9rpyyzXpPKiEscJqyWfvfQ6heenx_eLWl231pZD04fsNhb_6E5aAq8qBnF1pPAcIA-fbfjXrEUeWYelnlm1lpcNJ2330FHc333I7mq6qOmMcRxk_TqL8PgdOr5d4xAuoaID3YOTGrZZng8yqr3i3jwhQCBrIb0EpVtKXe6aQpxCnDAzH4ct5QOGMAZaTq9h46ZE8KDMYmC52XudVUziIfnOTVZOzAkIDfmj8mZaFnLf01QAuwXsMGzennMLt2rIuf__HdhOpuCEE6WSn7IdR_XoSEgR2Mi4w,632,18.4K,N/A
2026-07-29 3:46:49,watchbyjuls1,,https://www.tiktok.com/@watchbyjuls1/video/7644606797457788173?is_from_webapp=1&sender_device=pc,N/A,9578,96,163,FALSE,10,Suspicious,Keyword: 'watch',"🤝Buy, Sell / Trade Luxury Watches
📍36 West 47th Street, W9, NYC
📩 inquiries: watchbyjuls@gmail.com
Not affiliated with any brands",https://www.tiktok.com/link/v2?aid=1988&lang=en&scene=bio_url&target=https%3A%2F%2Fyoutu.be%2Fwo7fskN2F_w%3Fsi%3Duy2KmxyBmvpjauyB,800K,17.6M,N/A
2026-07-29 3:48:48,olesyahapon,Suddenly everything was sharp from the letters in the newspaper to the number plate down the street.,https://www.tiktok.com/@olesyahapon/video/7662297630378102037?is_from_webapp=1&sender_device=pc,N/A,53,10,15,TRUE,4,Probable Scam,Keyword: 'ws',No bio yet.,https://www.heyzeyla.us/magicglasses12_en/best7?utm_source=tiktok&utm_id=1870677214807170&utm_campaign=051_v3-7.5-en-7.14&utm_medium=paid&ttclid=E_C_P_CtMBVdSrH5_vePaVOO1Rra2jH2Fc8819uPkcc5y3hdogiAJpPw6mzV0bITRJmepDKlEdx6vmS6oIYAKJCOLbMDJDcXLRRyFqBNtBYktPmNozS1istPXSTvQIBVqJDPXB1mVvmw532MUp_49XCIyMhIPHHw2hvQctpnLAH1M_7VDSJOXa7fvVUR54XWkS_C99rDFfzJ6QXcfaVWn6R0rOBh0cu5EfgWf1N_4N3WJADcHUy6JUk0CHiKWI1QGdpgOJ2PugpbqtRxErkN7w8OsWcVyS4zCWqBIEdjIuMA,2786,15.4K,N/A
2026-07-29 3:49:08,beecham.glod,Robot core #Soccer #TikTokCampaign #record #robot #commedy,https://www.tiktok.com/@beecham.glod/video/7659331259323206943?is_from_webapp=1&sender_device=pc,"#Soccer, #TikTokCampaign, #record, #robot, #commedy",161.5K,2826,49.4K,FALSE,0,Clean,N/A,No bio yet.,,17.1K,462.4K,N/A
2026-07-29 3:49:28,munich_watch_lover,Breitling Chronomat B01 42 #breitling #chronomat #chronograph #pilotwatch,https://www.tiktok.com/@munich_watch_lover/video/7641573781777009953?is_from_webapp=1&sender_device=pc,"#breitling, #chronomat, #chronograph, #pilotwatch",16.8K,524,883,FALSE,2,Suspicious,Keyword: 'watch',"The best of Horology hands-on!
My own 🎥
Instagram: 520k
YouTube: 330k",,472.7K,7.2M,N/A
2026-07-29 3:49:47,crystalbeads__,"Drop 11:11 in comment section, manifest your best life. #1111crystal #handmadejewelry #luck #custommade",https://www.tiktok.com/@crystalbeads__/video/7658228050286415135?is_from_webapp=1&sender_device=pc,"#1111crystal, #handmadejewelry, #luck, #custommade",666,528,122,FALSE,7,Probable Scam,"Keyword: 'dm', Keyword: '1:1'","🔮 1111 Crystal | Custom DIY Crystal Studio
Design your bracelet with beads you love
Message me for full custom options",,178,5058,N/A
2026-07-29 3:51:47,user378923143,Fun night to say the least,https://www.tiktok.com/@user378923143/video/7645763937329302792?is_from_webapp=1&sender_device=pc,N/A,697.5K,206,6244,FALSE,0,Clean,N/A,"I like everyone sorry
My name is Myah btw.
YYC",,63.3K,8.7M,N/A
2026-07-29 3:52:06,byjackprice,"Building the same app with Grok 4.5 and Opus 4.8. Comment ""Cursor"" and I'll DM you a link to get 50% off your first month of Cursor and doubling the Grok 4.5 usage for the first week. #cursorpartner #coding",,"#cursorpartner, #coding",14.3K,,,TRUE,8,Probable Scam,"Keyword: 'dm', Keyword: 'link'","20🇨🇦
Trying to make tech and AI sound simple
Jack of some trades",https://cursor.com/grok-4-5?utm_source=tiktok_paid&utm_medium=paid&utm_campaign=%5BPurchase%5D_Prospecting_Evergreen_Max-Conversions%20-%20%5BCore%20T1%5D%20-%20%5BGrok%204.5%5D&utm_content=Building%20the%20same%20app%20with%20Grok%204.5%20and%20Opus%204.8.%20Comment%20%22Cursor%22%20and%20I%27ll%20DM%20you%20a%20link%20to%20get%2050%25%20off%20your%20first%20month%20of%20Cursor%20and%20doubling%20the%20Grok%204.5%20usage%20for%20the%20first%20week.%20%20%23cursorpartner%20%23coding%20_%5B263%5D%20-%20UGC%20-%20Partnership%20-%20Jack%20Price%20-%20Opus%204.8%20vs%20Grok%204.5%20-%20App%20Fridge%20-%20EN%20-%20Grok%204.5%20Page&cc_adgroupid=1871265274097841&cc_adid=1871265335895154&utm_id=1871265131709585&cc_term=Purchase_Prospecting_Consolidated_US%7CCA%7CUK&ttclid=E_C_P_CtQBqGUPA9Pd0zbdJhPAWRdlPsqCch6_n0xXOECIlt1Z3d-4EfcFzdk7cmdIa8u9UH7zNMFVstbX78FEPFelN0jW_rNPRvgrciesDJaSJUFlu4vlH_jBBT_X0-iPR3DldP5Nh3M5rV0Ef9Z7nYRqqnE8OwAaBsnHOxNhyqV9ETXrrRJBA4aDpKhEixr2ra7xTrKOA881i7o8BKe-ewiMBkjNsFpwoS-tBWuWeEscUd_ce5aLJlxCdpdogAyb1eLga_zBcOvCg34DNa3g6jgdRRW4d2H4NEgSBHYyLjA,26.4K,251.5K,N/A
2026-07-29 3:54:06,pokemoncards089,I Spent $4500 on a Pokemon Lucky Bag🤑 #Pokemon #pokemoncards #pokemontcg #packopening #tradingcards,https://www.tiktok.com/@pokemoncards089/video/7666526352010415391?is_from_webapp=1&sender_device=pc,"#Pokemon, #pokemoncards, #pokemontcg, #packopening, #tradingcards",51.4K,287,1022,FALSE,2,Suspicious,Keyword: 'bag',No bio yet.,,15.9K,162.5K,N/A
2026-07-29 3:54:26,houseofhighlights,What was he doing? 😅 (mo7moneam/IG) #gym #gymtiktok #workout #funny #lifting,https://www.tiktok.com/@houseofhighlights/video/7640618741683850526?is_from_webapp=1&sender_device=pc,"#tradingcards, #gym, #gymtiktok, #workout, #funny, #lifting",1.8M,22.3K,673.8K,FALSE,2,Clean,N/A,🏀 DreamCon 2026 Charity Basketball Game Stream🚨⬇️,https://www.tiktok.com/link/v2?aid=1988&lang=en&scene=bio_url&target=https%3A%2F%2Fwww.youtube.com%2Fwatch%3Fv%3DJ2xyoBnl6BU,32.5M,2B,N/A
2026-07-29 3:54:46,coderhouse,Sumate a Coder y aprende las habilidades que abren más puertas en el mercado.,https://www.tiktok.com/@coderhouse/video/7661007713417039121?is_from_webapp=1&sender_device=pc,N/A,3,0,Share,TRUE,5,Suspicious,N/A,"Aprendé lo último antes que nadie 🚀
Certificados por Rappi, Ualá, Pedidos Ya, Tiendanube, Binance, Lemon y más :)",https://www.coderhouse.com/categorias/data?area=Data&utm_source=tiktok&utm_medium=cpc&utm_campaign=ARGEN_TIKTOK_GENERICO_VC&utm_id=ARGEN_TIKTOK_STANDARD_GENERICO&utm_term=ARGEN_TIKTOK_GENERICO_VC%7CGEN_VID_ALL_DATA_UGC%2B-%2BLUCIA%2BRAMIREZ%2B-%2BSPRINT%2B3&ttclid=E_C_P_CtMBuy54abNSOpEUOn0xrwP5cmCQ22CfDWBa4vdw2HQGP9NuUyEnO4M1FlYOo1T5lErYHS6CPvgN_9YchL6kuWhzppE1VNuwrll5_-KaqNUanU59XyYz4v57ZwubofTxp4vQLKM-4dZwjX-yNTkcNjfRE0u2_rQGemW1ejKy4-Yyrwksa_BNMcCUbPuLNyq062csi-9tPSHPMJ5t5iKq501x-g33Hifwyi3VL8pown0IS-DJ1y-ty2TV3YsxmhNn92goi14zuIflYgtU-cp5SYz804B8NxIEdjIuMA,281.6K,2.1M,N/A
2026-07-29 3:55:05,larpittttttt,Facem Țara mai mândră 🥀🥀 #romania #foryoupage #fy #viral #larpgpt,https://www.tiktok.com/@larpittttttt/video/7663032422077828374?is_from_webapp=1&sender_device=pc,"#romania, #foryoupage, #fy, #viral, #larpgpt",99.5K,407,18.6K,FALSE,0,Clean,N/A,Larpează fweahhhhh 🥀🥀🥀🥀🥀🥀,,1857,221.1K,N/A
2026-07-29 3:55:25,anapaula94177,#CapCut,https://www.tiktok.com/@anapaula94177/video/7647623062275312904?is_from_webapp=1&sender_device=pc,#CapCut,18.1K,88,3352,FALSE,0,Clean,N/A,No bio yet.,,1.1M,19.6M,N/A
2026-07-29 3:55:44,.dunoir,SS26 Drop Now Live. Do not miss out.,https://www.tiktok.com/@.dunoir/video/7667608408043883798?is_from_webapp=1&sender_device=pc,N/A,4,0,Share,TRUE,5,Suspicious,N/A,Refined essence. Honest luxury.,https://dunoir.co.uk/pages/build-your-stack?utm_source=tiktok&utm_id=1865631545583826&utm_campaign=Lead%20generation20260519083733&utm_medium=paid&tt_campaignid=1865631545583826&ttclid=E_C_P_CtIBLnMsyKiojZ68in8yyxIvYVEflgMUTjlRQGOR_WJQ9WM0cD_u7jce5SCl3ANeV8RlTE4mG8y5gQ9asKrmJhQFdX6uTF1qS50HCWOW2WxtjreteLy8-nNOuyh8AZEMBW27A58YnzVUe1GbZBnhSfaHL9C59eVUwjc10FkOH2u2tlKN8YWKtWHtxdK4FdY5Whzg0DYya-BDN9GhwRDTWDMV1xC1usnZiF9C_mt6GPvC2Xwi8MUPedBGy0mh0F99huRi2OzDMWGDJNsox0F7ivfn4up6EgR2Mi4w,311,1070,N/A
2026-07-29 3:56:04,troys.watches,"Dog if you don’t know ball, don’t try to coach #rolex #tudor #watches #fashion #watchtok",https://www.tiktok.com/@troys.watches/video/7654985977521327391?is_from_webapp=1&sender_device=pc,"#rolex, #tudor, #watches, #fashion, #watchtok",4210,339,76,FALSE,11,Almost Certainly a Scam,"Keyword: 'fashion', Keyword: 'rolex', Keyword: 'watch', Hashtag: '#watch', Hashtag: '#watches', Hashtag: '#fashion'","Husband. Father. Watch nerd.
Dallas, TX
📧 TroysWatchesInfo@gmail.com",,2481,24.8K,N/A
2026-07-29 3:58:04,watchclass.id,"Unboxing the Seiko Prospex Speedtimer SSC955P1. ⌚️💜🇯🇵✨Limited to 6,000 pieces worldwide. Would you wear it? #Seiko #Prospex #Speedtimer #WatchTok #Chronograph",https://www.tiktok.com/@watchclass.id/video/7660769703073287445?is_from_webapp=1&sender_device=pc,N/A,1142,16,134,FALSE,8,Suspicious,"Keyword: 'watch', Phone number in bio","100% Original | Terima Service Jam
📍Lt 1 Galaxy Mall 3, Sby
📱0895-3996-89866",https://www.tiktok.com/link/v2?aid=1988&lang=en&scene=bio_url&target=https%3A%2F%2Flinktr.ee%2Fwatchclassgm,39.2K,65.5K,N/A
2026-07-29 4:00:12,sava.amsterdam,BIGGEST SALE OF THE YEAR IS LIVE,https://www.tiktok.com/@sava.amsterdam/video/7576996021553597718?is_from_webapp=1&sender_device=pc,N/A,370,2,13,TRUE,4,Suspicious,N/A,Based in Amsterdam. Crafted by two brothers.,https://sava-amsterdam.com/products/cross-chain?utm_source=tiktok&utm_medium=paid&utm_id=1848629582426290&utm_campaign=Silver%20Cross%20Chain%20-%20Conversions%20-%20ROAS%201.2%20-%20CPP%20%E2%82%AC42&ttclid=E_C_P_CtIBJ55JvXbgo3U_aETejwQl19uACStnS4pZA2XFlze0TeNdt2NHupgS8M_dm5MbRjbb_hnt6KdyoR9IzcNaZtspMjHImrTaqRBvZRirDdUPeGIedHdXW4Q4qO6SSLGeO8sOqAM5xtPkHn4zIJrkg4qrzhUM5gVvmB4AODs4QZPTekfBeMs-Ws8ssxL8N2LMbsTJLm10amdBlY7evW3xCGmwE2S1AW8NzRscGecnUuV10TkPORsLdR9GTsq2SdtJjcPua86nhwKzQoYkeBIB5dxd7XpYEgR2Mi4w,13.1K,227.2K,N/A
2026-07-29 4:00:33,thewatchkingnyc,I DONT WANT THIS S*** 🤪🤪 #watch #watchcollector #jewelry #watchmania #viral,https://www.tiktok.com/@thewatchkingnyc/video/7645046483187813645?is_from_webapp=1&sender_device=pc,"#watch, #watchcollector, #jewelry, #watchmania, #viral",32.2K,83,340,FALSE,7,Suspicious,"Keyword: 'watch', Hashtag: '#watch'","Day in the life of a watch wholesaler
📍 13 W 47th Street New York, NY
10036",https://www.tiktok.com/link/v2?aid=1988&lang=en&scene=bio_url&target=https%3A%2F%2Fwww.tiktok.com%2F%40thewatchkingnyc_2.0%3F_t%3D8ph0GpgBsE6%26_r%3D1,712.2K,21.3M,N/A
2026-07-29 4:02:33,gisellecelaj,Voi avreste fatto questo scambio? #luxuryjewellery #rolexwatch #menswatches,https://www.tiktok.com/@gisellecelaj/video/7641918865244474646?is_from_webapp=1&sender_device=pc,"#luxuryjewellery, #rolexwatch, #menswatches",773,21,34,FALSE,16,Almost Certainly a Scam,"Keyword: 'luxury', Keyword: 'rolex', Keyword: 'watch', Hashtag: '#luxury'","Luxury watches & Fine Jewellery
IG: @gisellecelaj",https://www.tiktok.com/link/v2?aid=1988&lang=en&scene=bio_url&target=https%3A%2F%2Flinktr.ee%2Fcelaj,14K,93K,N/A
2026-07-29 4:04:33,val.aura1,Te recomiendo hacerlo en las mañanas o antes de dormir 💛✨🙌🍀 #metodoaya #energia #atraccion #universo #aura,https://www.tiktok.com/@val.aura1/video/7649540002304642324?is_from_webapp=1&sender_device=pc,"#metodoaya, #energia, #atraccion, #universo, #aura",481,18,30,FALSE,1,Low Risk,N/A,"Hábitos , energía y visión ✨",,11.6K,561.2K,N/A
2026-07-29 4:20:05,lucywatches.official,A luminous dial framed by brilliant baguette diamonds—pure elegance in motion. #lucytimepieces #luxurycollections #collections #watches #watch,https://www.tiktok.com/@lucywatches.official/video/7666410176773098773?is_from_webapp=1&sender_device=pc,"#lucytimepieces, #luxurycollections, #collections",542,1,23,FALSE,13,Almost Certainly a Scam,"Keyword: 'bag', Keyword: 'luxury', Keyword: 'watch', Hashtag: '#luxury'","🎥 Unbox ARMS with lucytimepieces !!!!
|| Original Content by LUCY Team
|| I love US - UK - EU - FR
📧
IG : @lucytimepieces_official✔️",https://www.tiktok.com/link/v2?aid=1988&lang=en&scene=bio_url&target=https%3A%2F%2Fwa.me%2Fmessage%2FEW5DL36SD4J7I1,21.1K,1.1M,N/A
2026-07-29 4:22:06,orientalcrystal2,"✨ Discover your crystal at OrientalCrystal.com Not all luxury is something you wear.Sometimes…it’s the way you protect your peace.💗 Rose QuartzA symbol of self-love, emotional healing, and gentle energy.Paired with timeless pearls and a touch of gold,it’s a reminder that true beauty begins within.Choose yourself.Choose love. #orientalcrystal #happiness #wealth #health #selflove",https://www.tiktok.com/@orientalcrystal2/video/7662759631197883661?is_from_webapp=1&sender_device=pc,"#lucytimepieces, #luxurycollections, #collections, #watches, #watch",1101,394,190,FALSE,9,Probable Scam,"Keyword: 'luxury', Hashtag: '#watch', Hashtag: '#watches', Hashtag: '#luxury'","✨ Premium crystals for wealth, health & happiness
🔮 Handpicked healing stones
🌿 Elevate your energy | Shop below ⬇️",https://www.tiktok.com/link/v2?aid=1988&lang=en&scene=bio_url&target=https%3A%2F%2Forientalcrystal.com,2443,126.5K,N/A
2026-07-29 4:24:06,hayleymakes,Snatched asf #freediver #snorkeling #mermaid #snatched,https://www.tiktok.com/@hayleymakes/video/7646153725354003743?is_from_webapp=1&sender_device=pc,"#orientalcrystal, #happiness, #wealth, #health, #selflove, #freediver, #snorkeling, #mermaid, #snatched",57.6K,121,297,FALSE,2,Clean,N/A,"Florida 🤿
I make art and jewelry 🌸🥥🦜
•insta: giantjellyfishh
•Email: Hayleysworldd@outlook.com
I LOVE perfume ✨",https://www.tiktok.com/link/v2?aid=1988&lang=en&scene=bio_url&target=https%3A%2F%2Fwww.instagram.com%2Fgiantjellyfishh%3Figsh%3DbzFvZHdvcXZxMjg1%26utm_source%3Dqr,4080,225.7K,N/A
2026-07-29 4:24:35,momentum_dial,Esta es mi terapia 😅 . #seiko #relojes #hombre #elegancia #relojeria,https://www.tiktok.com/@momentum_dial/video/7646870415800847638?is_from_webapp=1&sender_device=pc,"#seiko, #relojes, #hombre, #elegancia, #relojeria",1011,26,120,FALSE,4,Clean,N/A,"DM me for more information !
Escríbeme al Dm para más información !",,1272,35K,N/A
2026-07-29 4:24:56,crystalbeads__,"Leave your little wish down below! I make custom DIY crystal jewelry where you can pick all beads by your own taste. More handmade crystal works and bead styles are all on my profile, come take a look! #1111crystal #handmadejewelry #luck",https://www.tiktok.com/@crystalbeads__/video/7660501086171647262?is_from_webapp=1&sender_device=pc,N/A,843,611,187,FALSE,5,Suspicious,Keyword: 'dm',"🔮 1111 Crystal | Custom DIY Crystal Studio
Design your bracelet with beads you love
Message me for full custom options",,178,5060,N/A
2026-07-29 4:25:15,collabhouse.com,"Leave your little wish down below! I make custom DIY crystal jewelry where you can pick all beads by your own taste. More handmade crystal works and bead styles are all on my profile, come take a look! #1111crystal #handmadejewelry #luck",https://www.tiktok.com/@collabhouse.com/video/7664399867199950102?is_from_webapp=1&sender_device=pc,"#1111crystal, #handmadejewelry, #luck",17,0,Share,TRUE,7,Probable Scam,Keyword: 'dm',ꜱʏɴᴄ ʟɪᴄᴇɴꜱɪɴɢ • ɪɴꜰʟᴜᴇɴᴄᴇʀ ᴄᴀᴍᴘᴀɪɢɴꜱ • ᴍᴜꜱɪᴄ ɴꜰᴛꜱ • ᴍᴜꜱɪᴄ ᴅɪꜱᴛʀɪʙᴜᴛɪᴏɴ,https://go.collabhouse.com/signup?utm_source=tiktok&utm_id=1865511607603409&utm_campaign=Collabhouse%20GO%20Launch&utm_medium=paid&ttclid=E_C_P_CtMBAJI6GryzMe2L0TtbWS4neb-QAGSEWCHgo9sHf-jCvX0j1pdLwR9P-4jEXyogvvKztLlbeW1GZluZWpHJkUgJPMVDwc1jrh76xG8IaWsMlWecT6q0PF2Iwg-IK7WgDIhOneEIblONZ3V0eduVHfTr7uLJoXiYmRscaKBFP-u2ExsMLxFnRQajBqCYDtnjDxsFHhhlVEsRlNXCJbmFlGEb7iyMgcWC3-5WHIMopDtHhQFSyCf6EyUoPCLSqEIikxxTZx_1tivQTWrr3dmGMnhNXfyRIhIEdjIuMA,11.8K,95.1K,N/A
2026-07-29 4:27:15,thewatchkingnyc,DONT EFFIN COMMENT 😂😂 #watch #watchcollector #jewelry #watchmania #viral,https://www.tiktok.com/@thewatchkingnyc/video/7652475109017439501?is_from_webapp=1&sender_device=pc,"#watch, #watchcollector, #jewelry, #watchmania, #viral",26.2K,67,158,FALSE,7,Suspicious,"Keyword: 'watch', Hashtag: '#watch'","Day in the life of a watch wholesaler
📍 13 W 47th Street New York, NY
10036",https://www.tiktok.com/link/v2?aid=1988&lang=en&scene=bio_url&target=https%3A%2F%2Fwww.tiktok.com%2F%40thewatchkingnyc_2.0%3F_t%3D8ph0GpgBsE6%26_r%3D1,712.2K,21.3M,N/A
2026-07-29 4:29:15,pariscassar2,my mum waiting outside the change room like 🧍🏼‍♀️ #dance #model #fashion #y2k,https://www.tiktok.com/@pariscassar2/video/7642276572577189140?is_from_webapp=1&sender_device=pc,"#dance, #model, #fashion, #y2k",280.7K,599,7607,FALSE,3,Suspicious,"Keyword: 'fashion', Hashtag: '#fashion'",@pariscassar ig,,20.1K,4.1M,N/A
2026-07-29 4:29:34,momentum_dial,Con cual te quedas ? #seiko #relojes #hombre #elegancia #relojeria,https://www.tiktok.com/@momentum_dial/video/7653950187508894998?is_from_webapp=1&sender_device=pc,"#seiko, #relojes, #hombre, #elegancia, #relojeria",373,7,10,FALSE,6,Suspicious,N/A,"DM me for more information !
Escríbeme al Dm para más información !",,1272,35K,N/A
2026-07-29 4:31:35,user9208139462615,"I ’m not saying it’s Magic,yet great opportunities keep coming ever since I put this on!#ge #gemstone a #manifestation n #energy r #Crystals e #Wealth",https://www.tiktok.com/@user9208139462615/video/7652338231706488071?is_from_webapp=1&sender_device=pc,"#gemstone, #manifestation, #energy, #Crystals, #Wealth",6578,4119,802,FALSE,0,Clean,N/A,"Aura crystals🔮bring you Health,Wealth and Luck🍀Elevate your aura in daily life~",,338,6890,N/A
2026-07-29 4:31:54,watchcash,What does Alan do to afford this Omega Speedmaster? How would you rate this watch from 1–10? ⌚👇 #WatchDealer #Horology #EntrepreneurLife #miamivibes #omegaseamaster1_1,https://www.tiktok.com/@watchcash/video/7654220872005274888?is_from_webapp=1&sender_device=pc,N/A,4504,37,70,FALSE,12,Probable Scam,"Keyword: 'watch', Keyword: 'dm', Phone number in bio","📍 Toronto & Miami
🤝 Buy | Sell | Trade Watches
📲 Call +1 (866) 497-3050",https://www.tiktok.com/link/v2?aid=1988&lang=en&scene=bio_url&target=https%3A%2F%2Fwatchcash.ca%2Fhome%2Fsell-my-watch,5398,85.8K,N/A
2026-07-29 4:33:54,swanandedgar,What does Alan do to afford this Omega Speedmaster? How would you rate this watch from 1–10? ⌚👇 #WatchDealer #Horology #EntrepreneurLife #miamivibes #omegaseamaster1_1,https://www.tiktok.com/@swanandedgar/video/7653037851633782038?is_from_webapp=1&sender_device=pc,N/A,183,2,3,TRUE,9,Almost Certainly a Scam,"Keyword: 'watch', Keyword: 'dm'","Timeless British Elegance
#swanandedgar",https://swanandedgar.com/products/diplomat-black?tw_source=tiktok&tw_adid=1868411849252145&utm_source=tiktok&utm_id=1868411849252113&utm_campaign=MBM%20%7C%20Diplomat%20%7C%20UK%20USA&utm_medium=cpc&utm_content=__ADID_V2_NAME__&ttclid=E_C_P_CtIBiB0Ipmy8IdZFav_tbrvvgDy6BPBlN88ZhOhmRvgGagXmxdTnxvIUcpuBAk9gln2ZyRmtt7xLzE1_9sR13b7oPkB-WULB9ZtzDI7x5pX2GzZbi4rKBw_HeN9WwFT_XOYfavSlM_BZyhpnKUF4qXtDK1k3BYbDxOxKsHraUc52Ar2_8WTsQUrjP4IFbcJqOdAUDIbNV443cdzrCZ4DY6m92Evq8ld_Pdtu7s598WFrTIn4bBuJnJi02MbO5gU3_AwaL9WP27j0ZdSGoxXNNGB8mFsvEgR2Mi4w,2380,9353,N/A
2026-07-29 4:35:53,niko_rth,Bro won with a bag of chips 😭 @LarpGPT #larpgpt #worldcup #larped #rolex #chips,https://www.tiktok.com/@niko_rth/video/7657334241361005857?is_from_webapp=1&sender_device=pc,"#larpgpt, #worldcup, #larped, #rolex, #chips",59.6K,494,2149,FALSE,4,Probable Scam,"Keyword: 'bag', Keyword: 'rolex'","Based in Swiss, Monaco and Italy",,3986,359.3K,N/A
2026-07-29 4:36:13,evanyabonne,like be an adult fr,https://www.tiktok.com/@evanyabonne/video/7654688013540232462?is_from_webapp=1&sender_device=pc,N/A,304.2K,511,11.8K,FALSE,2,Clean,N/A,"cuter on ig, funnier on tiktok

snap @cirque.e",https://www.tiktok.com/link/v2?aid=1988&lang=en&scene=bio_url&target=link.me%2Fevanyabonne,117.2K,4.5M,N/A
2026-07-29 4:36:33,sailyworld,"Every time someone uses your code to get their first Saily eSIM plan, we pay straight into your pot.",https://www.tiktok.com/@sailyworld/video/7657465059995700502?is_from_webapp=1&sender_device=pc,N/A,4874,208,184,TRUE,2,Clean,N/A,The Saily eSIM service – affordable mobile data for every journey!,https://saily.com/creators-program/?utm_source=tiktok&utm_id=1869496145896562&utm_campaign=TT%20%7C%7C%20web%20leads%20%7C%7C%20smart%2B%20%7C%7C%20SAILY%20%7C%7C%20WW%20%7C%7C%20Creator%20Program%20%7C%7C%200107&utm_medium=paid&ttclid=E_C_P_CtMB_4tRZXM0d32r3NqDgmcokpPMG2h63itIT9ip-k7uZ83zLwczpQzGHTNsybm24XDrj0RNvT7_MCrR5Hq0RIkf__fYZpGlhRsD8UfDE4EAQAvHJh-H9W78ABfJsEY3gp15ktTfAJOBNEYNrcV8AhZteNLrSNljZ7aLLT9qIve7K7PHp8dFM5HPiQ32NpcWcZfT6Dp12ftScNRgP_dw5pw-m8wWsfoaA4RtxiltRNqJIvXJlmtXAjcbUXfPl88kszaFT132-5E4la6HetsfhTjmPGoTqhIEdjIuMA,123.7K,5.5M,N/A
2026-07-29 4:36:52,valcourwatches,Sylvester Stallone Mac Daddy's watch collection,https://www.tiktok.com/@valcourwatches/video/7652747263617322261?is_from_webapp=1&sender_device=pc,N/A,7510,34,325,FALSE,4,Suspicious,Keyword: 'watch',"We post rare watches content
Follow for more",,4087,160.1K,N/A
2026-07-29 4:37:12,jamescalixtetv,follow for more 🥶 #jctv,https://www.tiktok.com/@jamescalixtetv/video/7646529384945437966?is_from_webapp=1&sender_device=pc,#jctv,2.7M,28.4K,535.2K,FALSE,2,Clean,N/A,📧: James@masetalentgroup.com,https://www.tiktok.com/link/v2?aid=1988&lang=en&scene=bio_url&target=https%3A%2F%2Flink.me%2Fjamescalixtetv,589.4K,25.7M,N/A
2026-07-29 4:37:31,360.mediaedits,Lego x Apple Project Breakdown ⚙️ Made with @LovartAI #BuiltWithLovart #AiDesign #AIBranding #lego #breakdown,https://www.tiktok.com/@360.mediaedits/video/7651977707797974294?is_from_webapp=1&sender_device=pc,"#BuiltWithLovart, #AiDesign, #AIBranding, #lego, #breakdown",141,5,2,TRUE,3,Suspicious,N/A,"⌜ Hybrid Creator ⌝
⌞ Cinematic Speedramp Edits ⌟
📩 vitalii@360mediaedits.com
🔥 360 Tool and full guides is here👇",https://www.lovart.ai/?sourceid=910397&utm_source=tiktok&utm_campaign=ZT_WZ_910397_Lovart_pc_TT_260714_T1_web_kol_shi_tcpa_purchase&utm_id=1870698485830849&utm_medium=paid_social&af_adset=T1-spark-purchase-02&af_adset_id=1870703164884002&utm_content=KOL_360.mediaedits&af_ad_id=1870703164886434&placement=__PLACEMENT&creative=Lego%20x%20Apple%20Project%20Breakdown%20%E2%9A%99%EF%B8%8F%20Made%20with%20%40LovartAI%20%23BuiltWithLovart%20%23AiDesign%20%23AIBranding%20%23lego%20%23breakdown_KOL_360.mediaedits&ttclid=E_C_P_CtMBPJIgv-PFLZor5g1V3tWt0lPBJjnukRKShIt0D75syLNdQIQ6yu8o1ym0fg7vAWW08wQaNfdPhpGTc-eqXPFuYNpLS4-HBC__Nqtjq77Qy5QlJ5pX_9wik-MoDbU0qVkaKxF6NlY2wraXvbmq4jvBJpYLm19PWFPln8MxMY0X52FmxTNJnuY2zITpez9H2rf4exLwdaoufKj_yVoBrbHm2TH5pFX7DKZC1fGikcAFks900ExU6XFGwUAYTdYhigcn4UV9hsR9kr4mG62a00m00gwiOhIEdjIuMA,114.7K,5.1M,N/A
2026-07-29 4:37:50,emmagrzy72,,https://www.tiktok.com/@emmagrzy72/video/7643263708336114958?is_from_webapp=1&sender_device=pc,N/A,1.2M,1062,125.7K,FALSE,2,Clean,N/A,"spazz | fitness | post-grad | werrkkkkk girl
BOS
💌emmagrzy@gmail.com",https://www.tiktok.com/link/v2?aid=1988&lang=en&scene=bio_url&target=https%3A%2F%2Fshopmy.us%2Fshop%3FCurator_id%3D936001%26Section_id%3D3694894,24.7K,3M,N/A
2026-07-29 4:38:18,hblwatches,"The Rolex that goes with absolutely everything.From jeans and tee to a tailored suit, few watches are as versatile as the Rolex Oyster Perpetual 41, especially with the crisp black dial.2025 - full box and papers with original purchase receipt.Mint condition.Available now - WhatsApp for enquiries.www.hblw.co.uk",https://www.tiktok.com/@hblwatches/video/7657861625097063702?is_from_webapp=1&sender_device=pc,N/A,204,22,7,FALSE,13,Almost Certainly a Scam,"Keyword: 'whatsapp', Keyword: 'rolex', Keyword: 'watch', Phone number in bio","Hey, I'm David, follow me as I build Horologia Bella from the ground up. No flash or flexes.
Buy Direct or via eBay
📱WhatsApp 07721148274",,786,5688,N/A
2026-07-29 4:40:20,thewatchkingnyc,QUIT SCHOOL TO SELL WATCHES 🙈🙈 #watch #watchcollector #jewelry #watchmania #viral,https://www.tiktok.com/@thewatchkingnyc/video/7638009106674027790?is_from_webapp=1&sender_device=pc,"#watch, #watchcollector, #jewelry, #watchmania, #viral",26K,45,141,FALSE,7,Suspicious,"Keyword: 'watch', Hashtag: '#watch'","Day in the life of a watch wholesaler
📍 13 W 47th Street New York, NY
10036",https://www.tiktok.com/link/v2?aid=1988&lang=en&scene=bio_url&target=https%3A%2F%2Fwww.tiktok.com%2F%40thewatchkingnyc_2.0%3F_t%3D8ph0GpgBsE6%26_r%3D1,712.2K,21.3M,N/A
2026-07-29 4:42:20,Lobosjewelry,Buy once. Wear forever.,https://www.tiktok.com/@Lobosjewelry/video/7632258945968573703?is_from_webapp=1&sender_device=pc,N/A,146,2,12,TRUE,6,Probable Scam,Keyword: 'buy',Premium Jewelry 🧊,https://www.lobosjewelry.com/collections/best-sellers?tt_campaignid=1805998317176881&utm_term=__ADGROUP_NAME__&utm_source=tiktok&utm_id=1805998317176881&utm_campaign=DDU_PROSPECTING_COST%20CAPS&utm_medium=paid_social&utm_content=__AD_NAME__&ttclid=E_C_P_CtMBpgOdM3XOXHiOsfi2Kis-y5h6PdpLjLqdFnPQvsRroVksJ6Ftj3N1aikYWLZHGsAlLTUnZpIw5XNi19YVEfWLdTY1590t1_rYYc0fzvHYKFJ2Gm8sbkeHqKI1RcQlPJRO7f3rasksXd6ueVs6hOZR9aHp6zle3fUlk1bOxdMKsX0079R6jpWNSIGhQqiRqaJPW1bAGFyU3X2mNmpLyK_kO5C7TlYu77-RpvZ-9plS5L5agJwBKwioPrpAaVJqQ3WKT6Zb4azzQSN1eCAT6zmnhONHcRIEdjIuMA,10.1K,64.2K,N/A
2026-07-29 4:44:20,maaliskuu43,Private custom-made crystal #energystone #crystalhealing #spirituality #tarotreader #manifestation,https://www.tiktok.com/@maaliskuu43/video/7642311452258274590?is_from_webapp=1&sender_device=pc,"#energystone, #crystalhealing, #spirituality, #tarotreader, #manifestation",481,339,105,FALSE,7,Low Risk,Phone number in bio,"[selling quality&aesthetics]
Crystal factory + jewelry craft
Interested
W.A:+(86) 19036502011",,283,6963,N/A
2026-07-29 4:46:21,24kauromsiren,Actually I’m obsessed #tanlines #fyp,https://www.tiktok.com/@24kauromsiren/video/7635522274484948237?is_from_webapp=1&sender_device=pc,"#tanlines, #fyp",267.4K,1127,6847,FALSE,2,Clean,N/A,<3,https://www.tiktok.com/link/v2?aid=1988&lang=en&scene=bio_url&target=https%3A%2F%2Fwww.instagram.com%2F24ksiren%3Figsh%3DM3NjcmllNnQ0eW5z%26utm_source%3Dqr,9145,605.1K,N/A
2026-07-29 4:46:41,vitals.co,Dropshipping Made Easy: Build High-Converting Pages Instantly,https://www.tiktok.com/@vitals.co/video/7665813647553269014?is_from_webapp=1&sender_device=pc,N/A,21,0,3,TRUE,3,Suspicious,N/A,"All vital features for your ecommerce store in a single, fully integrated app.",https://lp.vitals.app/pagebuilder/?utm_source=tiktok&utm_id=1871411806952737&utm_campaign=PageBuilder-Lead%20Generation&utm_medium=paid&utm_content=Meta%20ad%201%20v7%20%E2%80%94%20-Music_Refresh-0-20260723_012300-1_How%20I%20test%2020%20dropshipping%20&ttclid=E_C_P_CtMBxacPMBRLEvkQZyGPNgXrKru0cTA7gA7m8gzW_bbsQwD0dBD97azLvSCE1Jhy8XGpQ70GbxJ8VQVl44nAtgQ_RJ1vNmh2oFidoRntjOgCzXJ9gOSg3F8Lh80XagLAIYM6NDiLi_mp84YiNrkdiKysSbA_zVu4GRu3mrP3u0E-PDAQWzs-Z4hVhdQgvFRPhZJv11t-3F45b4OGCMqJYaOJqPDVLMPQCST-YWItl9ezh7ouCiHmz97VLE4LCeigUvgNhpLiqLOlEU417PljJYPWnrAt7RIEdjIuMA,171,2062,N/A
2026-07-29 4:47:00,casiolarpgpt,brokie brokie 😂 #funnymemes #rich #larpbattle #larpgpt #larp,https://www.tiktok.com/@casiolarpgpt/video/7665709669566008609?is_from_webapp=1&sender_device=pc,"#funnymemes, #rich, #larpbattle, #larpgpt, #larp",1366,46,60,FALSE,0,Clean,N/A,"Top 1 Poland
larpgpt
if u say fake go learn definition of larp 😂",,186,4579,N/A
2026-07-29 4:47:20,aliciaundjasmina,it was almost perfect🥲Whyyy is this so hardddd😩 #aliciajasmina #sister #singing #fail #challenge,https://www.tiktok.com/@aliciaundjasmina/video/7648250950557158688?is_from_webapp=1&sender_device=pc,"#aliciajasmina, #sister, #singing, #fail, #challenge",12M,55.2K,456.1K,FALSE,4,Clean,N/A,"💿breathing out💿
📧: aj@wira-ventures.de",https://www.tiktok.com/link/v2?aid=1988&lang=en&scene=bio_url&target=https%3A%2F%2Flinktr.ee%2Faliciaundjasmina,1.7M,136.5M,N/A
2026-07-29 4:47:39,discount_store_2026,Flash Sale for : Vintage Boxes: Get Yours for $16.99! ✈️🌎,,N/A,198,,,TRUE,5,Suspicious,N/A,No bio yet.,https://tarawearry.com/collections/mystery-boxes?variant=523CVF&utm_source=tiktok&utm_id=1871978146044946&utm_campaign=5327%20%E5%A4%8D%E5%8F%A4%E7%9B%92%E5%AD%90&utm_medium=paid&ttclid=E_C_P_CtMBRiz8xf3fb29WpzbsxQC9awrZzJqu3d6I8DoYKqo9NuyEGo94PTVIoT19H-JjjIsZlh0HcUgsSEXzgpriHJV7JxiHr9HD126VAG-EGF5iOPUsVWO4E21qeZtM03vSPUxfCMagS55wmfS0yjZTQ5uZIyMh6JKUq3WzzMO7ZowMmzN06r3hq2ExUHduvl2KKi3z5AMmxeWnHKVvM2zDyrReAX7EdvUO_PR2J5ToxFU2d1peXkIyNh_QIDQ2igokieIXvPp2c0_BL2NOCT7UrSC2Qnfs8hIEdjIuMA,1930,52.1K,N/A
2026-07-29 4:47:59,stillpod5,Why Chinese car better than Europe cars?👈 #officialcarsandmoney #carindustry #carpodcast #supercars #hypercars,https://www.tiktok.com/@stillpod5/video/7651709167241121046?is_from_webapp=1&sender_device=pc,"#officialcarsandmoney, #carindustry, #carpodcast, #supercars, #hypercars",20.6K,491,1537,FALSE,2,Suspicious,Keyword: 'dm',"We heal slowly...but we do.
Emotions.Healing.Growth",,12.6K,275.7K,N/A
2026-07-29 4:48:18,werger.foiles,Rolex Submariner “Bluesy” Two-ToneReference: M126613LB-0002 (41mm New Model)Previous Model: 116613LBBlue has always been the signature color of the legendary dive watch.The Submariner “Bluesy” perfectly combines professional diving heritage with luxury craftsmanship. #luxurywatch #timepiece #luxurylifestyle #watchoftheday⌚🔥 #fyp,https://www.tiktok.com/@werger.foiles/video/7663120048478899488?is_from_webapp=1&sender_device=pc,"#supercars, #hypercars",768,4,38,FALSE,16,Almost Certainly a Scam,"Keyword: 'luxury', Keyword: 'rolex', Keyword: 'watch'","Which watch fits your vibe? ⌚
👇 Tap to see more: WhatsApp
Link: kernel.bio.link",https://www.tiktok.com/link/v2?aid=1988&lang=en&scene=bio_url&target=Kernel.bio.link,4901,228.6K,N/A
2026-07-29 4:50:18,laicaicrystal,Manifest your dreams with energy crystal bracelet #crystals #manifestation #crystalbracelets #goodluck #amen🙏,https://www.tiktok.com/@laicaicrystal/video/7636876280268393742?is_from_webapp=1&sender_device=pc,"#luxurywatch, #timepiece, #luxurylifestyle, #watchoftheday⌚🔥, #fyp, #crystals, #manifestation, #crystalbracelets, #goodluck, #amen🙏",760,427,191,FALSE,5,Suspicious,"Hashtag: '#watch', Hashtag: '#luxury'",I love crystals,https://www.tiktok.com/link/v2?aid=1988&lang=en&scene=bio_url&target=https%3A%2F%2Flaicaicrystal.com,2003,84.4K,N/A
2026-07-29 4:50:37,Lobosjewelry,Buy once. Wear forever.,https://www.tiktok.com/@Lobosjewelry/video/7625987480268950801?is_from_webapp=1&sender_device=pc,N/A,18,0,Share,TRUE,7,Probable Scam,Keyword: 'buy',Premium Jewelry 🧊,https://www.lobosjewelry.com/collections/bundles?utm_source=tiktok&utm_id=1805998317176881&utm_campaign=DDU_PROSPECTING_COST%20CAPS&utm_medium=paid_social&tt_campaignid=1805998317176881&utm_term=__ADGROUP_NAME__&utm_content=__AD_NAME__&ttclid=E_C_P_CtMBjMYWot-H_7j2nydWC8k4_XY--RYAtA6smt8Hc9trNpAovv1kWjQ3OH09aAlqlPcdlXLlCG_7cPNgC7WTLT_Q_FQ9mguRr3mfMuBzyNzQ1E1WGm0z8n6p-OSdboYFayqn3KIGFBCIBWOWIGiuTxFC-w_IEJnySyiiGq_MCXBVpPNRKTuRER1-aPb6x7McUE5jvhFo4Q9jrpDWauskywcVl9I55XMUtlzpUhqaq7IfmtoJRZfIWKIss2hlV3EmyNQZB-jUqwIHgH7GJlfTsUwobnvXthIEdjIuMA,10.1K,64.2K,N/A
2026-07-29 4:52:37,thewatchkingnyc,THE MAN BEHIND THE CAMERA 🎥🎥 #watch #watchcollector #jewelry #watchmania #viral,https://www.tiktok.com/@thewatchkingnyc/video/7645412966820482317?is_from_webapp=1&sender_device=pc,"#watch, #watchcollector, #jewelry, #watchmania, #viral",33.1K,65,189,FALSE,7,Suspicious,"Keyword: 'watch', Hashtag: '#watch'","Day in the life of a watch wholesaler
📍 13 W 47th Street New York, NY
10036",https://www.tiktok.com/link/v2?aid=1988&lang=en&scene=bio_url&target=https%3A%2F%2Fwww.tiktok.com%2F%40thewatchkingnyc_2.0%3F_t%3D8ph0GpgBsE6%26_r%3D1,712.2K,21.3M,N/A
2026-07-29 4:54:37,luna_ddr,Life of the party 🤰🏽🤰🏽🤰🏽guess what she’s having 😉 #pregnant #party #pregnancyglow,https://www.tiktok.com/@luna_ddr/video/7648707281797860641?is_from_webapp=1&sender_device=pc,"#pregnant, #party, #pregnancyglow",671.4K,596,31K,FALSE,0,Clean,N/A,🌙,,3761,1.7M,N/A
2026-07-29 4:54:57,houseofhighlights,What kind of sorcery is this?! 😳🔥 ( @mestreligeirinhoshow ) #stunt #stunts #circus #trick,https://www.tiktok.com/@houseofhighlights/video/7647613616534932750?is_from_webapp=1&sender_device=pc,"#stunt, #stunts, #circus, #trick",2.2M,6451,525.5K,FALSE,2,Clean,N/A,🏀 DreamCon 2026 Charity Basketball Game Stream🚨⬇️,https://www.tiktok.com/link/v2?aid=1988&lang=en&scene=bio_url&target=https%3A%2F%2Fwww.youtube.com%2Fwatch%3Fv%3DJ2xyoBnl6BU,32.5M,2B,N/A
2026-07-29 4:55:16,rexyanggggg,Pretty Carry style starts here 🌴 ✨ Selected 👜 👠 🕶️ ⌚ 🧢 👗 for Autumn 24/7 personal assistance 💬 PayPal business payments 💳 🛡️ Tap to explore more details ✨,https://www.tiktok.com/@rexyanggggg/video/7664312951846849806?is_from_webapp=1&sender_device=pc,N/A,251,0,4,TRUE,5,Suspicious,N/A,"Share best bag and also doing best videos
👇Call and Email👇",https://prettycarry.taplink.bio?utm_source=tiktok&utm_id=1871821434858705&utm_campaign=27%20July%20Rex-Mia%20to%20JUN&utm_medium=paid&ttclid=E_C_P_CtIBG7Dy-OXOkdzCcGwMmm6bg0TYAlZiFOIkgQHsGLrc0IB3TOqaLMJkSvmNxSje4_ocSTIvcagqOtcNM3Mfa1hc8Y1e_2gNKxy0_Qs_c9L-sSeAbUFTmzkHNuppZM60f5Be6RoLOHmBFrfBEpscKcDOw2IOwylVwXXP_OP0PfCIMH0ekh6Akm02IjJ6cSfWlznV_Rw6dcHdrh2r1HsHTk6EdzdOWZR-YjEbLFvjFJF6Fx-LTkNFdWycIsv3r31vPtrltNnO_BUVFVj32DJKI6e5DqU0EgR2Mi4w,16.1K,138.9K,N/A
2026-07-29 4:55:45,yar.jewerlywatches,"Cuál es mejor, Vacheron o Rolex? #rolex #vacheronconstantin #watches # relojes #luxurywatches",https://www.tiktok.com/@yar.jewerlywatches/video/7662757038711213325?is_from_webapp=1&sender_device=pc,"#rolex, #vacheronconstantin, #watches, #luxurywatches",5883,47,67,FALSE,17,Almost Certainly a Scam,"Keyword: 'luxury', Keyword: 'rolex', Keyword: 'watch', Hashtag: '#watch', Hashtag: '#watches', Hashtag: '#luxury'","💎 Luxury Watches & Fine Jewelry
🌟 Buy • Sell • Trade • Pawn
📥 DM for more Info ↓",,2596,37.4K,N/A
2026-07-29 4:57:46,lunascrystallab,Pretty in orange&yellow.🧡💛 #fyp #CrystalBracelets #manifestation #CrystalHealing #crystaltok,https://www.tiktok.com/@lunascrystallab/video/7660840027659816213?is_from_webapp=1&sender_device=pc,"#fyp, #CrystalBracelets, #manifestation, #CrystalHealing, #crystaltok",625,423,119,FALSE,1,Low Risk,N/A,"Lunar-charged crystals to bring you health,wealth &luck. Your daily energy boost. ✨🌙",,1926,47K,N/A
2026-07-29 4:58:05,chrispathway,"Link in my bio for 50% off your first month plus double Grok 4.5 usage for your first week. Grok 4.5 just launched and I put it to the test against Opus 4.8. The result: Similar quality, but Grok was ~2x faster and a fraction of the price. Is this the best model for daily-use? #tech #coding #ai #cursor #cursorcreator",,"#tech, #coding, #ai, #cursor, #cursorcreator",15.7K,,,TRUE,10,Almost Certainly a Scam,"Keyword: 'quality', Keyword: 'quality', Keyword: 'link'","🎓 M.Sc. Statistics ETH
🧑‍💻 Interested in Coding, AI/ML & Finance
✉️ info.chrispathway@gmail.com
⬇️ 250k+ on Instagram",https://cursor.com/grok-4-5?utm_source=tiktok_paid&utm_medium=paid&utm_campaign=%5BPurchase%5D_Prospecting_Evergreen_Max-Conversions%20-%20%5BCore%20T1%5D%20-%20%5BGrok%204.5%5D&utm_content=Link%20in%20my%20bio%20for%2050%25%20off%20your%20first%20month%20plus%20double%20Grok%204.5%20usage%20for%20your%20first%20week.%20Grok%204.5%20just%20launched%20and%20I%20put%20it%20to%20the%20test%20against%20Opus%204.8.%20The%20result%3A%20Similar%20quality%2C%20but%20Grok%20was%20~2x%20faster%20and%20a%20fraction%20of%20the%20price.%20Is%20this%20the%20best%20model%20for%20daily-use%3F%20%23tech%20%23coding%20%23ai%20%23cursor%20%23cursorcreator_%5B259%5D%20-%20UGC%20-%20Partnership%20-%20Christian%20Pathway%20-%20Opus%204.8%20vs%20Grok%204.5%20-%20Research%20task%20-%20EN%20-%20Grok%204.5%20Page&cc_adgroupid=1871265274097841&cc_adid=1871265319561409&utm_id=1871265131709585&cc_term=Purchase_Prospecting_Consolidated_US%7CCA%7CUK&ttclid=E_C_P_CtQB9iMvQz3B1OO9mHe0FtBTolMZ-pyjB_JdmkImN9LWZJSMYzFj7TcCKaIIRBRHblYN8BVXvWC8ynRFNTjle9eiacMqCjRSk75Wad1y5fxzlfV46N-NKBXYRdXIbvG9Uucsd2-Ve7oq9KfkUYrYSkRQ1uyaET_2pQgDEraDnzJC_7Z1XojeTCul8Z9XZhtQS5ryiyUGPU3zgEqcMwMuizfkgVfDjEPKECdBd3A_VZxd9zXbE9rLNMIarYEcdzveCbh35xcCufLqNRASEwoQ5kxciqT_3wsSBHYyLjA,11.2K,448.4K,N/A
2026-07-29 5:00:05,ayzee__01,Gotta make sure🤷🏾‍♂️😭😂 #girlfriend #viral #foryoupage #relateable #friends,https://www.tiktok.com/@ayzee__01/video/7642344766813768993?is_from_webapp=1&sender_device=pc,"#girlfriend, #viral, #foryoupage, #relateable, #friends",143.4K,1890,28.7K,FALSE,0,Clean,N/A,"Follow the journey 📈
Creating. Entertaining. Repeating.
🇳🇬🇩🇪

✉️: woleazeez11@gmail.com",,2178,1.2M,N/A
2026-07-29 5:00:25,campoxsisters,😒😒,https://www.tiktok.com/@campoxsisters/video/7667106233932942600?is_from_webapp=1&sender_device=pc,N/A,52.5K,37,5703,FALSE,0,Clean,N/A,"Campo sisters 🌟
Vitoria & Alessandra & Michela
Collabs: campoxsisters@sunflymgmt.com",,33.8K,11.5M,N/A
2026-07-29 5:00:45,doingthedamage,DJ? Apply For Access To Exclusive Edits,https://www.tiktok.com/@doingthedamage/video/7647525982198402326?is_from_webapp=1&sender_device=pc,N/A,2269,20,22,TRUE,2,Clean,N/A,"The Best DJ Pool for Exclusive Edits & Promos
🔒 Exclusive Tracks for DJs ONLY 🔒",https://doingthedamage.com/?utm_source=tiktok&utm_medium=paid&utm_id=1862110797936674&utm_campaign=Copy%201%20of%20Lead%20generation%20NEW&ttclid=E_C_P_CtIBPjP8oFiqXdwKHg20s3iIb14cJw2IWx0cUPLZVCXPKkS-fDt-WlVhcoJrMY0Ja0yRSo3iHE0GrckdpQkdz49DTCMythxMafLZPbRQ49SLuApBC_2v7UdrUA8MnnxyiwnVKBaoqsRSjxTd1w2uO2PEJq40rKa-XIHQ9Mnt04aC_1JKWyoYYZRIc3sOsPhGbMbz9J9WAs5486rKSAanmuZJ3nxdKhZ_78Qmz9B-uJjRgC1OY5HazG8aMb9zzWUwDBk7z1x-YCu9QoJJVT68w6mpcR61EgR2Mi4w,1580,9253,N/A
2026-07-29 5:01:05,trylarpgpt,HOW are there so many Bugattis on this app #larpgpt #bugatti #supercar #larp,https://www.tiktok.com/@trylarpgpt/video/7657843786457959698?is_from_webapp=1&sender_device=pc,"#larpgpt, #bugatti, #supercar, #larp",321.9K,675,11.1K,FALSE,2,Clean,N/A,"LARP WORLD CUP @ larpgpt.com
after hours -> @LarpGPT 2

send clips 👇",https://www.tiktok.com/link/v2?aid=1988&lang=en&scene=bio_url&target=instagram.com%2Ftrylarpgpt,109.8K,9.3M,N/A
2026-07-29 5:01:24,thedesirabletruth,Thoughts 🤔❓#dating #love #relationships #moderndating #thedesirabletruth,https://www.tiktok.com/@thedesirabletruth/video/7656619069252062494?is_from_webapp=1&sender_device=pc,N/A,444.7K,13.8K,153.6K,FALSE,4,Clean,N/A,"The Voice Of The People,The Desirable Truth🎙
Full Episodes On YouTube📺",https://www.tiktok.com/link/v2?aid=1988&lang=en&scene=bio_url&target=https%3A%2F%2Flinktr.ee%2Fthedesirabletruth,988.3K,59.2M,N/A
2026-07-29 5:01:44,rexyanggggg,"✨ Elevate your everyday look ✨ Meet Pretty Carry Co. — where timeless style meets premium craftsmanship. Luxury vibes, without the luxury price tag 💫 Crafted with attention to every detail — from the stitching to the hardware. 👜 Minimal. Elegant. Effortless. Made for girls who know style. Why spend thousands when you can carry the same energy for less? 😉 Tap to upgrade your bag game 👇 #PrettyCarry #LuxuryInspired #ItGirlStyle #BagObsessed",https://www.tiktok.com/@rexyanggggg/video/7633377146278333709?is_from_webapp=1&sender_device=pc,N/A,488,12,39,TRUE,8,Probable Scam,"Keyword: 'bag', Keyword: 'luxury'","Share best bag and also doing best videos
👇Call and Email👇",https://lunaaa.taplink.bio?utm_source=tiktok&utm_id=1871819394532385&utm_campaign=27%20July%20Rex-luna%2001&utm_medium=paid&ttclid=E_C_P_CtIBAz4EzK2g6ubw3a3Zksr7QxUIvK3zyuv3H8NUrZVpQNe9BADc1q92uxiWzYdwQNwBlha7gq03cCflKdxpGmptDjq3VBZSUU8WxUcazVc6CdtuzYMnEzFr3UGV30ywQVH9R18FXCZEvotPJJdohQa8HRgEsj-wSdFltIanMeks13RovS2N0S84IyZGMDifX2iRnC1BeR8A-9znkfLls7V8zXCD6YAPZB9QxO4zBgYBYWf8Xjpbw8BMLg_rHndUW7FL-rdILF5zXWLMs6PmrbBge1qzEgR2Mi4w,16.1K,138.9K,N/A
2026-07-29 5:03:45,elicandrawatches,"✨ Elevate your everyday look ✨ Meet Pretty Carry Co. — where timeless style meets premium craftsmanship. Luxury vibes, without the luxury price tag 💫 Crafted with attention to every detail — from the stitching to the hardware. 👜 Minimal. Elegant. Effortless. Made for girls who know style. Why spend thousands when you can carry the same energy for less? 😉 Tap to upgrade your bag game 👇 #PrettyCarry #LuxuryInspired #ItGirlStyle #BagObsessed",https://www.tiktok.com/@elicandrawatches/video/7637872352872680726?is_from_webapp=1&sender_device=pc,"#PrettyCarry, #LuxuryInspired, #ItGirlStyle, #BagObsessed, #rolex, #rolexsprite",681,18,52,FALSE,10,Almost Certainly a Scam,"Keyword: 'bag', Keyword: 'luxury', Keyword: 'watch', Hashtag: '#luxury'","Located in Switzerland, for info contact the mail, every price on the website.

elicandra.com",,683,29.6K,N/A
2026-07-29 5:05:53,thereal.onii,,https://www.tiktok.com/@thereal.onii/video/7666436527173504289?is_from_webapp=1&sender_device=pc,N/A,263.3K,594,5685,FALSE,6,Clean,N/A,"DM FOR COLLAB
collab.therealoni@gmail.com
KICK: Therealonii",https://www.tiktok.com/link/v2?aid=1988&lang=en&scene=bio_url&target=https%3A%2F%2Flinktr.ee%2FThereal.oni,88.1K,5.9M,N/A
2026-07-29 5:23:02,noctemwatches,Mi colección de SEIKO #seiko #watch #rolex #omega #citizen,https://www.tiktok.com/@noctemwatches/video/7634510584112876822?is_from_webapp=1&sender_device=pc,"#seiko, #watch, #rolex, #omega, #citizen",5768,112,556,FALSE,5,Probable Scam,"Keyword: 'rolex', Keyword: 'watch', Hashtag: '#watch'",No bio yet.,,1103,50.4K,N/A
2026-07-29 5:23:24,puraauracrystal,Shop: PureAuraCryst.com #jewelry #gelang #crystaltok,https://www.tiktok.com/@puraauracrystal/video/7666404502173404433?is_from_webapp=1&sender_device=pc,"#jewelry, #gelang, #crystaltok",869,494,201,FALSE,3,Suspicious,Keyword: 'shop',"PureAuraCryst.com
Natural Zodiac Crystal Bracelets
Custom Orders Available | Worldwide Shipping ✨",,382,13.5K,N/A
2026-07-29 5:23:52,hewson.kaur,"Rolex Submariner No-Date Black Submariner.40mm Oystersteel case paired with a black ceramic bezel,delivering a clean, solid, and highly durable structure.The hands and hour markers are filled with luminous material,ensuring clear readability even in low-light conditions. #luxurywatch #watchtok #wristcheck #fyp #timepiece",https://www.tiktok.com/@hewson.kaur/video/7653508412734590230?is_from_webapp=1&sender_device=pc,N/A,496,6,83,FALSE,20,Almost Certainly a Scam,"Keyword: 'luxury', Keyword: 'rolex', Keyword: 'watch', Keyword: 'ws'","⌚ Timeless watches, endless style.
👉 Shop & explore:→ whatsapp
Link:kernel.bio.link",https://www.tiktok.com/link/v2?aid=1988&lang=en&scene=bio_url&target=kernel.bio.link,1081,39.4K,N/A
2026-07-29 5:25:53,daoyuanlustre,"#peace #calm #healing #CrystalHealing #EnergyProtection #LuckyCrystals #HealingCrystal #SpiritualJewelry #fyp #GoodVibes #CrystalBlessing #CrystalEnergy #lucky #daoyuanstore #healingcrystal #spiritualjewelry #crystal Translucent vs Icy-Clear Crystals: Which Fits You?Translucent and icy-clear crystals — which one is your perfect match?Start with what draws you first: translucent crystals often diffuse light softly, offering a gentle, comforting presence for meditation, calm, and everyday grounding. Icy-clear crystals, by contrast, transmit light with sharp clarity and are often chosen for focused energy protection, mental clarity, and amplifying intentions.How to tell them apart- Appearance: Translucent crystals let light through but appear softened or milky; icy-clear crystals are transparent with crisp edges and minimal inclusions.- Feel: Many people sense warmth or softness from translucent stones and a cooler, more ‘sharp’ sensation from icy-clear ones.Common uses- Translucent crystals: favored for peace, emotional healing, and creating a soothing environment. They pair well with calming rituals and wear as spiritual jewelry to promote steady, gentle support.- Icy-clear crystals: chosen for protection, clarity, and amplifying intentions. Ideal for focused practices, energy clearing, and manifesting specific goals.Choosing your match1. Intent: If you seek calm and healing, lean toward translucent stones. If you want clarity, protection, or to amplify intentions, choose icy-clear varieties.2. Aesthetic and feel: Let your eye and touch decide—hold both and notice which one resonates.3. Practical use: Consider how you’ll carry or wear the crystal. Translucent pieces suit wearable, grounding jewelry; icy-clear stones work well in dedicated altar spaces or as focal pieces in meditation.A simple ritualMake a wish in the next seven seconds. Focus on your intention, then type and share “11” as a small symbolic action to reinforce your choice and spread the energy.TakeawayBoth translucent and icy-clear crystals offer meaningful support—pick the one that aligns with your intention: calm and healing, or clarity and protection. Which did you choose? Share your pick and type 11 to make your wish part of the ritual.Keywords: translucent crystal benefits, icy-clear crystal meanings, crystal healing for calm, energy protection crystals, lucky crystals for grounding, healing crystal comparison, spiritual jewelry crystals, how to choose crystals, crystals for meditation, crystal wish practice",https://www.tiktok.com/@daoyuanlustre/video/7666353447817579807?is_from_webapp=1&sender_device=pc,"#luxurywatch, #watchtok, #wristcheck, #fyp, #timepiece, #peace, #calm, #healing, #CrystalHealing, #EnergyProtection, #LuckyCrystals, #HealingCrystal, #SpiritualJewelry, #fyp, #GoodVibes, #CrystalBlessing, #CrystalEnergy, #lucky, #daoyuanstore, #healingcrystal, #spiritualjewelry, #crystal",174,169,49,FALSE,7,Probable Scam,"Keyword: 'ws', Hashtag: '#watch', Hashtag: '#luxury'","refined details & timeless glow ✨
shop ➡️ https://daoyuanstore.com/",,2320,15.6K,N/A
2026-07-29 5:27:53,thewatchkingnyc,HIS POV 👀👀 #watch #watchcollector #jewelry #watchmania #viral,https://www.tiktok.com/@thewatchkingnyc/video/7647648137728855310?is_from_webapp=1&sender_device=pc,"#healingcrystal, #spiritualjewelry, #crystal, #watch, #watchcollector, #jewelry, #watchmania, #viral",11K,38,67,FALSE,7,Suspicious,"Keyword: 'watch', Hashtag: '#watch'","Day in the life of a watch wholesaler
📍 13 W 47th Street New York, NY
10036",https://www.tiktok.com/link/v2?aid=1988&lang=en&scene=bio_url&target=https%3A%2F%2Fwww.tiktok.com%2F%40thewatchkingnyc_2.0%3F_t%3D8ph0GpgBsE6%26_r%3D1,712.2K,21.3M,N/A
2026-07-29 5:29:53,e.v2_,Crying this is so funny,https://www.tiktok.com/@e.v2_/video/7660116929289522454?is_from_webapp=1&sender_device=pc,N/A,204.1K,424,32.4K,FALSE,0,Clean,N/A,"19
Evix07 📸",,13.5K,210.6K,N/A
2026-07-29 5:30:14,anisandoval_1,ELLA NACIÓ EN AGOSTO 12 #CapCut #cumpleaños #happybirthday #agosto #ellanacioenagosto,https://www.tiktok.com/@anisandoval_1/video/7665856203871800606?is_from_webapp=1&sender_device=pc,"#CapCut, #cumpleaños, #happybirthday, #agosto, #ellanacioenagosto",4337,331,717,FALSE,0,Clean,N/A,PLANTILLAS CAPCUT,,1982,69.9K,N/A
2026-07-29 5:30:34,ylvq3r5,Omega watch #omega #tissot #casio #rolex #watch,https://www.tiktok.com/@ylvq3r5/video/7658643788486692126?is_from_webapp=1&sender_device=pc,"#omega, #tissot, #casio, #rolex, #watch",186,7,3,FALSE,14,Almost Certainly a Scam,"Keyword: 'rolex', Keyword: 'watch', Hashtag: '#watch', Phone number in bio","🛍️whatsapp:86:country code +86(China)17746055604
Chinese luxury goods factory!!
@Geniue This is my main account!",,524,10K,N/A
2026-07-29 5:32:33,gillians.bliss.crystals,"When nothing brings you joy anymore, your heart chakra may be shutting down.Rose Quartz carries a gentle healing frequency, perfectly suited for selfless givers who constantly bottle up their emotions.💗 #crystals #crystalhealing #crystalshop #crystalgrid #customized",https://www.tiktok.com/@gillians.bliss.crystals/video/7655740817822272776?is_from_webapp=1&sender_device=pc,N/A,640,415,144,FALSE,3,Suspicious,Keyword: 'shop',"🧿Your daily dose of calm & positive energy.
🔮Healing & manifestation crystals
✨Believe in the power of belief",,6423,139.3K,N/A
2026-07-29 5:32:55,thewatchkingnyc,COLLEGE RECRUITS 😎😎 #watch #watchcollector #jewelry #watchmania #viral,https://www.tiktok.com/@thewatchkingnyc/video/7659536671280499982?is_from_webapp=1&sender_device=pc,"#crystals, #crystalhealing, #crystalshop, #crystalgrid, #customized, #watch, #watchcollector, #jewelry, #watchmania, #viral",5410,18,58,FALSE,3,Suspicious,"Keyword: 'watch', Hashtag: '#watch'",N/A,N/A,N/A,N/A,N/A
2026-07-29 5:33:11,alyssa_lamphere,See you soon!! @Mel Rita #partytrick,https://www.tiktok.com/@alyssa_lamphere/video/7643577546147155230?is_from_webapp=1&sender_device=pc,#partytrick,407.2K,458,42.1K,FALSE,0,Clean,N/A,random,,4975,903.4K,N/A
2026-07-29 5:33:38,dramerhussain,"One of the most rewarding moments as a father.Today, I got to surprise my son for his graduation with a Rolex Batman. 💙Not because of the watch.Because of what it represents.Discipline.Commitment.Growth.Character.Not for getting older.Not for finishing school.But for the young man he’s becoming and the work ethic he’s built along the way.The goal was never to raise children who inherit things.The goal was to raise children who become the kind of people worthy of them.The watch is temporary.The man he’s becoming is forever.Watching him grow into a strong, disciplined young man has been the real gift.Proud of you son.This is just the beginning. 🙏🏽💙 #graduation #fatherandson #rolexbatman #rolexgmtmasterii #familylegacy @.",https://www.tiktok.com/@dramerhussain/video/7646460068795321618?is_from_webapp=1&sender_device=pc,N/A,65.9K,383,3160,FALSE,6,Probable Scam,"Keyword: 'rolex', Keyword: 'watch'","Orthodontist 🦷
🇨🇦
IG @dramerhussain",https://www.tiktok.com/link/v2?aid=1988&lang=en&scene=bio_url&target=https%3A%2F%2Fpure-excellence.mykajabi.com%2Foffers%2FeFGqfycJ%2Fcheckout,10.2K,1.4M,N/A
2026-07-29 5:35:44,manu_catwalk,#FREEWOMEN . #freeafghanwomen #fashion #fyp,https://www.tiktok.com/@manu_catwalk/video/7658584424031915284?is_from_webapp=1&sender_device=pc,"#graduation, #fatherandson, #rolexbatman, #rolexgmtmasterii, #familylegacy, #FREEWOMEN, #freeafghanwomen, #fashion, #fyp",1.3M,7137,31K,FALSE,7,Suspicious,"Keyword: 'fashion', Hashtag: '#fashion'","Everything related to fashion show
📽️",https://www.tiktok.com/link/v2?aid=1988&lang=en&scene=bio_url&target=https%3A%2F%2Fwww.instagram.com%2Fmanu._catwalk%3Figsh%3DMWVycXZvYndpZWZwYQ%3D%3D,49.6K,14.2M,N/A
2026-07-29 5:37:50,astridpop2,,https://www.tiktok.com/@astridpop2/video/7664818760125009182?is_from_webapp=1&sender_device=pc,N/A,62.8K,780,93.5K,FALSE,2,Clean,N/A,Si me sigues yo te sigo,https://www.tiktok.com/link/v2?aid=1988&lang=en&scene=bio_url&target=www.tiktok.com%2F%40fabiolapop25,21.6K,188.4K,N/A
2026-07-29 5:38:16,mercuriorologi,Quanto vale davvero? 😧🔎 🎥 @enne.agency,https://www.tiktok.com/@mercuriorologi/video/7644888591939767574?is_from_webapp=1&sender_device=pc,N/A,2586,12,18,FALSE,3,Low Risk,Phone number in bio,"Vendita, acquisto e permuta orologi di lusso
www.mercuriorologi.it
📲 3382412321",,13K,152.9K,N/A
2026-07-29 5:38:50,vookum,Attempting to sell a 36mm Rolex day date presidential. How did I do on price?? #rolex #luxury #watches #business #negotiation,https://www.tiktok.com/@vookum/video/7646582764296359198?is_from_webapp=1&sender_device=pc,"#rolex, #luxury, #watches, #business, #negotiation",14.9K,27,64,FALSE,13,Almost Certainly a Scam,"Keyword: 'luxury', Keyword: 'rolex', Keyword: 'watch', Hashtag: '#watch', Hashtag: '#watches', Hashtag: '#luxury'","YouTuber - Watches & Jewelry Business
# 1 Live Seller On The Internet
⚠️ Beware of impersonation scams (Facebook & telegram)",https://www.tiktok.com/link/v2?aid=1988&lang=en&scene=bio_url&target=https%3A%2F%2Fyoutube.com%2F%40vookummedia%3Fsi%3DUzhPc5_fwl9YWrK8,2.5M,69.8M,N/A
2026-07-29 5:41:01,fmb.watch,The amazing Omega Ultra Deep 💙 #foryou #foryourpage #viral #fy #fürdich,https://www.tiktok.com/@fmb.watch/video/7649727612905852192?is_from_webapp=1&sender_device=pc,"#rolex, #luxury, #watches, #business, #negotiation, #foryou, #foryourpage, #viral, #fy, #fürdich",420,11,9,FALSE,9,Almost Certainly a Scam,"Keyword: 'watch', Hashtag: '#watch', Hashtag: '#watches', Hashtag: '#luxury'",I love watches 💙❤️ and coffee ☕️,,24.7K,463.9K,N/A
2026-07-29 5:43:08,laicaicrystal,Manifest your desires with energy crystal bracelet #crystals #manifestation #crystalbracelets #affirmations #amen🙏,https://www.tiktok.com/@laicaicrystal/video/7637526521636343054?is_from_webapp=1&sender_device=pc,"#crystals, #manifestation, #crystalbracelets, #affirmations, #amen🙏",892,583,217,FALSE,3,Low Risk,N/A,I love crystals,https://www.tiktok.com/link/v2?aid=1988&lang=en&scene=bio_url&target=https%3A%2F%2Flaicaicrystal.com,2003,84.4K,N/A
2026-07-29 5:43:33,maisielevan,ye bird gets obscure at obskür @alexane,https://www.tiktok.com/@maisielevan/video/7649026216363609366?is_from_webapp=1&sender_device=pc,"#affirmations, #amen🙏",151.7K,675,32.7K,FALSE,0,Clean,N/A,No bio yet.,,1002,161.1K,N/A
2026-07-29 5:43:59,orogrande,"2010 vs 2026 🫣📍Via Di Acqua Bullicante 325, Roma📍Largo Orbassano 75B, Torino🗓️Lunedì - Sabato, 9:30-18:30📲 800 505 333🎥 @Atera | Marketing Agency #comprooro #comproororoma #oro18k #gioielli",https://www.tiktok.com/@orogrande/video/7639694969103584545?is_from_webapp=1&sender_device=pc,"#comprooro, #comproororoma, #oro18k, #gioielli",31.1K,81,2159,FALSE,4,Suspicious,"Phone number in description, Phone number in bio","🔱 Oro e Argento
📍 V. di Acqua Bullicante 325, Roma
📍Largo Orbassano 75B, Torino
📲 800 505 333",,71.2K,2.3M,N/A
2026-07-29 5:44:26,hotangelsdiary,For content!!! #flirting #skills #guys #eurotrip,https://www.tiktok.com/@hotangelsdiary/video/7651249929461042455?is_from_webapp=1&sender_device=pc,"#comproororoma, #oro18k, #gioielli, #flirting, #skills, #guys, #eurotrip",155.5K,78,12.7K,FALSE,0,Clean,N/A,"🌸for the girls who overthink🎧ྀི
💌hotangelsdiary@outlook.com",,40.7K,9.4M,N/A
2026-07-29 5:44:51,radwatchman,"My watch collection so far. @Andy’s Watches I mean it, you don’t have permission to rate this. | #watchcollection #movado #seiko #hamiltonwatch #christopherward",https://www.tiktok.com/@radwatchman/video/7655449244286946574?is_from_webapp=1&sender_device=pc,"#watchcollection, #movado, #seiko, #hamiltonwatch",90.7K,863,806,FALSE,5,Suspicious,"Keyword: 'watch', Hashtag: '#watch'","WATCHES & ADHD
| inquiries: rad@radwatchman.com |
@radwatchman on all platforms.",,49.2K,3.2M,N/A
2026-07-29 5:45:26,nanacrystal66,🔮11:11 #crystalhealing #crystal #fypageシ #fypage #crystalpalace,https://www.tiktok.com/@nanacrystal66/video/7661112458509143317?is_from_webapp=1&sender_device=pc,"#crystalhealing, #crystal, #fypageシ, #fypage, #crystalpalace",1133,587,193,FALSE,4,Suspicious,"Keyword: '1:1', Phone number in bio","可塘源頭批發市場|中高端天然水晶
美學設計師|支持新馬台出貨|新幣報價
五行生肖專屬訂製:@NANA水晶定製Crystal
購買先➕賴:nana080777
WA:13923592341",,726,27.1K,N/A
2026-07-29 5:45:54,ylvq3r5,Omega watch #omega #tissot #casio #rolex #watch,https://www.tiktok.com/@ylvq3r5/video/7666080127834508575?is_from_webapp=1&sender_device=pc,"#omega, #tissot, #casio, #rolex, #watch",63,1,3,FALSE,14,Almost Certainly a Scam,"Keyword: 'rolex', Keyword: 'watch', Hashtag: '#watch', Phone number in bio","🛍️whatsapp:86:country code +86(China)17746055604
Chinese luxury goods factory!!
@Geniue This is my main account!",,524,10K,N/A
2026-07-29 5:48:00,thewatchkingnyc,I SEE YOUR FACE 👀👀 #watch #watchcollector #jewelry #watchmania #viral,https://www.tiktok.com/@thewatchkingnyc/video/7664708980974931213?is_from_webapp=1&sender_device=pc,"#watch, #watchcollector, #jewelry, #watchmania, #viral",6464,16,55,FALSE,7,Suspicious,"Keyword: 'watch', Hashtag: '#watch'","Day in the life of a watch wholesaler
📍 13 W 47th Street New York, NY
10036",https://www.tiktok.com/link/v2?aid=1988&lang=en&scene=bio_url&target=https%3A%2F%2Fwww.tiktok.com%2F%40thewatchkingnyc_2.0%3F_t%3D8ph0GpgBsE6%26_r%3D1,712.2K,21.3M,N/A
2026-07-29 5:50:06,soph_.clark,@Kobie 🖤jks I’m never basic🤌🏼 #fyp #amg #a35amg #simplefit,https://www.tiktok.com/@soph_.clark/video/7659117374158785814?is_from_webapp=1&sender_device=pc,"#fyp, #amg, #a35amg, #simplefit",29.3K,245,2187,FALSE,0,Clean,N/A,Instagram: Sophie_.clark 🖤,,3577,72K,N/A
2026-07-29 5:50:32,joselyn_2809,😂😂😂😂 #fppppppppppppppppppp #parati #xybca #fb,https://www.tiktok.com/@joselyn_2809/video/7637131297915227410?is_from_webapp=1&sender_device=pc,"#fppppppppppppppppppp, #parati, #xybca, #fb",4227,112,4605,FALSE,0,Clean,N/A,Mi perfil está abierto 24/7 para tu investigación 🐸 espero encuentres lo que buscas 💋✨ disfruta el contenido 🧸,,16.8K,546.7K,N/A
2026-07-29 5:50:58,dianixi9,They killed her along with the hearts of the people. #princessdiana #diana #royal #ladydi #iconic,https://www.tiktok.com/@dianixi9/video/7646439029549911327?is_from_webapp=1&sender_device=pc,"#princessdiana, #diana, #royal, #ladydi, #iconic",7.1M,10.4K,79.3K,FALSE,2,Clean,Phone number in bio,"princess Diana of wales
1961-1997
👑👑",,222.1K,42.2M,N/A
2026-07-29 5:51:24,yassine.fragrance.tn,#imagination #parfum #عطور #louisvuitton #fragrance,https://www.tiktok.com/@yassine.fragrance.tn/video/7652771986610883858?is_from_webapp=1&sender_device=pc,"#imagination, #parfum, #عطور, #louisvuitton, #fragrance",1594,19,54,FALSE,0,Clean,N/A,"عطور اصلية 100٪ ✅متوفرة للتقسيم💉
خدمة التوصيل 🚚متوفرة لجميع المدن التونسية🇹🇳
مرحبا بالجميع 🌹🌹
📞55134923",,7032,41.6K,N/A
2026-07-29 5:51:59,ylvq3r5,38mm Omega Aqua Terra #omega #tissot #casio #rolex #watch,https://www.tiktok.com/@ylvq3r5/video/7660878624458902815?is_from_webapp=1&sender_device=pc,"#omega, #tissot, #casio, #rolex, #watch",135,7,3,FALSE,14,Almost Certainly a Scam,"Keyword: 'rolex', Keyword: 'watch', Hashtag: '#watch', Phone number in bio","🛍️whatsapp:86:country code +86(China)17746055604
Chinese luxury goods factory!!
@Geniue This is my main account!",,524,10K,N/A
2026-07-29 5:54:08,puraauracrystal,11:11🔮healingcrystals #jewelry #gelang #crystaltok Welcome to our crystal shop → PureAuraCrystal.com,https://www.tiktok.com/@puraauracrystal/video/7665333317683678465?is_from_webapp=1&sender_device=pc,"#jewelry, #gelang, #crystaltok",984,518,151,FALSE,5,Probable Scam,"Keyword: 'shop', Keyword: '1:1'","PureAuraCryst.com
Natural Zodiac Crystal Bracelets
Custom Orders Available | Worldwide Shipping ✨",,382,13.5K,N/A
2026-07-29 5:54:37,thewatchkingnyc,ITS NOT MY CUP OF TEA 👀👀 #watch #watchcollector #jewelry #watchmania #viral,https://www.tiktok.com/@thewatchkingnyc/video/7655039906678312205?is_from_webapp=1&sender_device=pc,"#watch, #watchcollector, #jewelry, #watchmania, #viral",23.3K,68,143,FALSE,7,Suspicious,"Keyword: 'watch', Hashtag: '#watch'","Day in the life of a watch wholesaler
📍 13 W 47th Street New York, NY
10036",https://www.tiktok.com/link/v2?aid=1988&lang=en&scene=bio_url&target=https%3A%2F%2Fwww.tiktok.com%2F%40thewatchkingnyc_2.0%3F_t%3D8ph0GpgBsE6%26_r%3D1,712.2K,21.3M,N/A
2026-07-29 5:56:42,barrzey.ne32,904 Yeeee whattt 🤣👊🏼 @chloetammie,https://www.tiktok.com/@barrzey.ne32/video/7647431903758322966?is_from_webapp=1&sender_device=pc,N/A,163.4K,1321,19.1K,FALSE,2,Clean,N/A,SoundCloud - (BARRZEY)📲 🕺,https://www.tiktok.com/link/v2?aid=1988&lang=en&scene=bio_url&target=https%3A%2F%2Fon.soundcloud.com%2FjDwdYkFZvEC7JlTYqv,5948,277.9K,N/A
2026-07-29 5:57:10,ians_watches,Omega watch boxes have a hidden travel case?! #watches,https://www.tiktok.com/@ians_watches/video/7648742088024050975?is_from_webapp=1&sender_device=pc,#watches,57.5K,180,3601,FALSE,6,Probable Scam,"Keyword: 'watch', Hashtag: '#watch', Hashtag: '#watches'","Just another guy who made watches his entire personality

IG: ians_watches",,1468,82.7K,N/A
2026-07-29 5:59:16,hekovsp,she had a freezing stare ♾️ || (lazy edit🙄) #dianaspencer #princessdianaofwales #viralvideos #britishroyalfamily #dianaspencer { Why are my edits flopping? },https://www.tiktok.com/@hekovsp/video/7653498183170985248?is_from_webapp=1&sender_device=pc,"#dianaspencer, #princessdianaofwales, #viralvideos, #britishroyalfamily, #dianaspencer",2.6M,9819,33.6K,FALSE,0,Clean,N/A,"Video star pro // 26.08.25 // 🇫🇷
@Isa ୨୧ / @𝐛𝐚𝐢𝐥𝐞𝐲 ✮
Flop era",,20K,2.8M,N/A
2026-07-29 5:59:43,collisionai,When you know you know I guess 😛 #england #worldcup #zante #fyp,https://www.tiktok.com/@collisionai/video/7658302953534622997?is_from_webapp=1&sender_device=pc,"#england, #worldcup, #zante, #fyp",245.7K,425,62.3K,FALSE,2,Clean,N/A,"What happens when worlds collide 🥋
Celebrities • Ancient history • Dagestan
AI videos that shouldn't exist
Learn a repeatable Ai content model
Here 👇🏼👇🏼",https://www.tiktok.com/link/v2?aid=1988&lang=en&scene=bio_url&target=https%3A%2F%2Fsummrs.com%2Fp%2Fcollisionai,25.5K,2.6M,N/A
2026-07-29 6:00:17,vookum,I bought this Vacheron Constantine from a guy on the actual street of New York City. I then LEARNED SOMETHING NEW about the watch itself. In the world of luxury watch trading you learn something new daily. #vacheron #luxury #entrepreneur #business #watches,https://www.tiktok.com/@vookum/video/7649005361579543838?is_from_webapp=1&sender_device=pc,N/A,12.6K,25,65,FALSE,8,Probable Scam,"Keyword: 'luxury', Keyword: 'watch'","YouTuber - Watches & Jewelry Business
# 1 Live Seller On The Internet
⚠️ Beware of impersonation scams (Facebook & telegram)",https://www.tiktok.com/link/v2?aid=1988&lang=en&scene=bio_url&target=https%3A%2F%2Fyoutube.com%2F%40vookummedia%3Fsi%3DUzhPc5_fwl9YWrK8,2.5M,69.8M,N/A
2026-07-29 6:02:26,outoutforthenight,I bought this Vacheron Constantine from a guy on the actual street of New York City. I then LEARNED SOMETHING NEW about the watch itself. In the world of luxury watch trading you learn something new daily. #vacheron #luxury #entrepreneur #business #watches,https://www.tiktok.com/@outoutforthenight/video/7647174467772255518?is_from_webapp=1&sender_device=pc,"#vacheron, #luxury, #entrepreneur, #business, #watches",207.2K,1671,20.9K,FALSE,7,Almost Certainly a Scam,"Keyword: 'luxury', Keyword: 'watch', Hashtag: '#watch', Hashtag: '#watches', Hashtag: '#luxury'","Fan account for Joel Corry 🏝️
Content submissions welcome 🙏",,2429,1.2M,N/A
2026-07-29 6:04:32,dianixi9,Diana has always been the center of attention. #princessdiana #diana #royal #ladydi #iconic IB: @DianaRoyalHeart,https://www.tiktok.com/@dianixi9/video/7659435829583940894?is_from_webapp=1&sender_device=pc,"#princessdiana, #diana, #royal, #ladydi, #iconic",1.6M,3738,14K,FALSE,2,Clean,Phone number in bio,"princess Diana of wales
1961-1997
👑👑",,222.2K,42.2M,N/A
2026-07-29 6:04:58,bonita.1028,,https://www.tiktok.com/@bonita.1028/video/7665732722781965589?is_from_webapp=1&sender_device=pc,N/A,28.1K,1625,25.7K,FALSE,0,Clean,N/A,No bio yet.,,12.1K,327.3K,N/A
2026-07-29 6:05:24,johnsontara5,Omega watch⌚️ #watch #Rolex #Tissot #omega #Casio,https://www.tiktok.com/@johnsontara5/video/7666459099579632909?is_from_webapp=1&sender_device=pc,"#watch, #Rolex, #Tissot, #omega, #Casio",144,1,12,FALSE,13,Almost Certainly a Scam,"Keyword: 'rolex', Keyword: 'watch', Hashtag: '#watch', Phone number in bio","🛍️whatsapp:86:country code +86(China)17746055604
Chinese luxury goods factory!!
@Geniue This is my main account!",,363,9707,N/A
2026-07-29 6:07:31,gillians.bliss.crystals,"Just made this beautiful rose quartz grid for manifestation.Rose Quartz is known as the stone of love and friendship ✨It calms your mood, eases anxiety, boosts your popularity and attracts true love.Leave a comment below! #crystal #crystalshop #crystalhealing #manifestation #crystaltok",https://www.tiktok.com/@gillians.bliss.crystals/video/7645137767902694663?is_from_webapp=1&sender_device=pc,N/A,685,456,135,FALSE,3,Suspicious,Keyword: 'shop',"🧿Your daily dose of calm & positive energy.
🔮Healing & manifestation crystals
✨Believe in the power of belief",,6425,139.3K,N/A
2026-07-29 6:07:57,london.englanddd,He made me do this @colby_d. #pontiacfierogt #carguy #ilovemybf #fypシ,https://www.tiktok.com/@london.englanddd/video/7645499957121666317?is_from_webapp=1&sender_device=pc,"#crystal, #crystalshop, #crystalhealing, #manifestation, #crystaltok, #pontiacfierogt, #carguy, #ilovemybf, #fypシ",92.9K,764,3751,FALSE,0,Clean,N/A,I ❤️ Jesus,,610,100.4K,N/A
2026-07-29 6:08:32,tempuslord,🎤 We asked Hatton Garden dealers: what’s the one watch you see everywhere and you're completely bored of now? Some of these answers might upset a few owners 😅 ❌ Root Beer ❌ Sprite ❌ Bust-down Cartiers ❌ Oyster Perpetuals Just because it’s popular… doesn’t mean everyone wants to see another one. #tempuslord #watchtok #hattonwatchdealer #luxurywatches #rolexfans,https://www.tiktok.com/@tempuslord/video/7652420929200475414?is_from_webapp=1&sender_device=pc,N/A,720,8,4,FALSE,13,Almost Certainly a Scam,"Keyword: 'luxury', Keyword: 'rolex', Keyword: 'watch'",Actual Watch Dealer | Finance Options Available | FCA Regulated | Hatton Garden Finest 😎 | ONLY OFFICIAL ACCOUNT Co-Owner @Tempus&Grey,https://www.tiktok.com/link/v2?aid=1988&lang=en&scene=bio_url&target=tempuslord.com,6736,321.6K,N/A
2026-07-29 6:25:50,ryehn,Offered a Daytona upon walk-in!? Maybe. Maybe not. #rolex #fyp #watches #watchesoftiktok #sydney,https://www.tiktok.com/@ryehn/video/7650709777957522708?is_from_webapp=1&sender_device=pc,"#rolex, #fyp, #watches, #watchesoftiktok, #sydney",2373,68,66,FALSE,8,Probable Scam,"Keyword: 'rolex', Keyword: 'watch', Hashtag: '#watch', Hashtag: '#watches'","📸 IG: @ryehn 👆🏻
📧 Business Enquiries:
ryehnong@gmail.com",https://www.tiktok.com/link/v2?aid=1988&lang=en&scene=bio_url&target=https%3A%2F%2Fwww.instagram.com%2Fryehn,9731,444.7K,N/A
2026-07-29 6:27:51,daoyuanlustre,"Healing Crystals for Peace and Energy ProtectionLead Crystals such as amethyst, rose quartz, clear quartz, black tourmaline, obsidian and citrine are used for calming, emotional healing, energy amplification, protection and attracting abundance. This guide explains each stone’s common uses and simple ways to integrate them into daily life for greater peace, security and spiritual support. Healing crystals and their common benefits - Amethyst: Associated with calming energy to reduce stress and foster tranquility. Use during meditation or place beside your bed to support restful sleep and emotional balance. - Rose quartz: Known for promoting love and emotional healing. Carry a small piece when you need self-compassion or place a larger stone in shared spaces to encourage harmonious relationships. - Clear quartz: An energy amplifier and versatile tool in many healing practices. Use clear quartz to boost intentions, enhance other crystals’ effects, or as a focal point in meditation. Energy protection with crystals - Black tourmaline: Popular for shielding against negative energy. Wear as a pendant or keep a tumbled stone in pockets or workspaces to create a sense of safety. - Obsidian: Offers grounding and protection; effective as a protective barrier when placed near entryways or used during grounding rituals. Lucky crystals and attracting positive opportunities - Citrine: Often called a stone of abundance and manifestation, used to support financial intentions and attract opportunities. Keep citrine in a workspace, wallet, or on an altar to reinforce prosperity-focused intentions. Spiritual jewelry: wearable healing Crystals transformed into bracelets, necklaces and rings combine aesthetics with function. Spiritual jewelry serves as a constant reminder of positive energies and healing properties. Wearing crystal bracelets or necklaces allows you to carry soothing or protective energy throughout the day. Practical ways to use crystals - Meditation: Hold or place chosen crystals nearby to align intentions and deepen calm. - Wearing: Choose spiritual jewelry made from your chosen stones to maintain connection and protection. - Environmental placement: Position stones in bedrooms, living rooms or workspaces to influence the atmosphere. - Carrying: Keep small tumbled stones in pockets or purses for on-the-go support. Guidelines and mindful use Use crystals as complementary tools for emotional and spiritual well-being. They are symbolic and supportive aids—incorporate them with intention, consistent practice, and personal reflection. Avoid guarantees or absolute promises; focus on how the stones help you feel calmer, more secure or more focused on intentions. #daoyuanstore #CrystalHealing #EnergyProtection #LuckyCrystals #HealingCrystal #CrystalBlessing #CrystalEnergy #healingcrystal #spiritualjewelry #GoodVibes #lucky #fyp #SpiritualJewelry #crystal #peace",https://www.tiktok.com/@daoyuanlustre/video/7665613545463106847?is_from_webapp=1&sender_device=pc,N/A,889,1113,253,FALSE,5,Suspicious,Keyword: 'ws',"refined details & timeless glow ✨
shop ➡️ https://daoyuanstore.com/",,2342,15.8K,N/A
2026-07-29 6:28:19,thewatchkingnyc,HONESTY IS EVERYTHING 🙏🙏 #watch #watchcollector #jewelry #watchmania #viral,https://www.tiktok.com/@thewatchkingnyc/video/7666182582786182413?is_from_webapp=1&sender_device=pc,"#watch, #watchcollector, #jewelry, #watchmania, #viral",4144,14,39,FALSE,8,Probable Scam,"Keyword: 'watch', Hashtag: '#watch'","Day in the life of a watch wholesaler
📍 13 W 47th Street New York, NY
10036",https://www.tiktok.com/link/v2?aid=1988&lang=en&scene=bio_url&target=https%3A%2F%2Fwww.tiktok.com%2F%40thewatchkingnyc_2.0%3F_t%3D8ph0GpgBsE6%26_r%3D1,712.2K,21.3M,N/A
2026-07-29 6:30:21,puraauracrystal,11:11🔮healingcrystals #gelang #crystaltok #jewelry,https://www.tiktok.com/@puraauracrystal/video/7658544492319902977?is_from_webapp=1&sender_device=pc,"#gelang, #crystaltok, #jewelry",1136,658,222,FALSE,2,Suspicious,Keyword: '1:1',"PureAuraCryst.com
Natural Zodiac Crystal Bracelets
Custom Orders Available | Worldwide Shipping ✨",,382,13.5K,N/A
2026-07-29 6:30:40,,The Diplomat,https://www.tiktok.com?is_from_webapp=1&sender_device=pc,N/A,317,7,7,TRUE,4,Suspicious,N/A,N/A,https://swanandedgar.com/products/diplomat-blue?tw_source=tiktok&tw_adid=1868411849261345&utm_source=tiktok&utm_id=1868411849252113&utm_campaign=MBM%20%7C%20Diplomat%20%7C%20UK%20USA&utm_medium=cpc&utm_content=__ADID_V2_NAME__&ttclid=E_C_P_CtIBDUEOZET6GnuA3wlDauHf7JWu4qWIIZNSCCn2Pd0lh5bCT9CfkKdhiekFM9bKtuwgrD7mMFCtCxLnl4nD09e2E_6u19RjxnGg8h70iPUSJV5EAW2lhsBwvhjTFThjxxBilbSELppAzT_6eLIfERq0LJyhyOcJ23Q5EI_pCmqdXNkloZIzQ0c22kyqQF9XkBdNAznMPhZlyCarPzeGnbR88Q7lJxjaEdqOAVbCQHuojaI5VpfxwTU5jjFEdp1oPw7vFm8yy94ycu-EFs1qfFcVaciOEgR2Mi4w,N/A,N/A,N/A
2026-07-29 6:30:55,werger.foiles,Rolex Day-Date 40Model: M228239-0033Size: 40mmFeatures: Olive Green Dial | Roman Numeral Markers | 18K White Gold Case | President Bracelet #luxurywatch #timepiece #luxurylifestyle #watchoftheday⌚🔥 #fyp,https://www.tiktok.com/@werger.foiles/video/7665659565911903520?is_from_webapp=1&sender_device=pc,"#luxurywatch, #timepiece, #luxurylifestyle, #watchoftheday⌚🔥, #fyp",8755,25,564,FALSE,18,Almost Certainly a Scam,"Keyword: 'luxury', Keyword: 'rolex', Keyword: 'watch', Hashtag: '#watch', Hashtag: '#luxury', Phone number in description","Which watch fits your vibe? ⌚
👇 Tap to see more: WhatsApp
Link: kernel.bio.link",https://www.tiktok.com/link/v2?aid=1988&lang=en&scene=bio_url&target=Kernel.bio.link,4911,229K,N/A
2026-07-29 6:32:55,1aaliyahharratt1,Disaster waiting to happen #fyp #foryou #foryoupage,https://www.tiktok.com/@1aaliyahharratt1/video/7643596655849196822?is_from_webapp=1&sender_device=pc,"#watchoftheday⌚🔥, #fyp, #fyp, #foryou, #foryoupage",604.9K,400,9228,FALSE,1,Low Risk,Hashtag: '#watch',aaliyahharratt,,3385,679K,N/A
2026-07-29 6:33:15,vookum,"I paid $31,000 for these TWO WATCHES... did I fold under pressure too soon??? #watches #rolex #entrepreneur #luxury",https://www.tiktok.com/@vookum/video/7656628254152985887?is_from_webapp=1&sender_device=pc,"#watches, #rolex, #entrepreneur, #luxury",2150,9,14,FALSE,14,Almost Certainly a Scam,"Keyword: 'luxury', Keyword: 'rolex', Keyword: 'watch', Hashtag: '#watch', Hashtag: '#watches', Hashtag: '#luxury'","YouTuber - Watches & Jewelry Business
# 1 Live Seller On The Internet
⚠️ Beware of impersonation scams (Facebook & telegram)",https://www.tiktok.com/link/v2?aid=1988&lang=en&scene=bio_url&target=https%3A%2F%2Fyoutube.com%2F%40vookummedia%3Fsi%3DUzhPc5_fwl9YWrK8,2.5M,69.8M,N/A
2026-07-29 6:35:14,bonnielike77,11:11🔮 #fypage #cryatal #healingcrystals #crystaltok #crystals,https://www.tiktok.com/@bonnielike77/video/7666134166701919509?is_from_webapp=1&sender_device=pc,"#watches, #rolex, #entrepreneur, #luxury, #fypage, #cryatal, #healingcrystals, #crystaltok, #crystals",612,339,89,FALSE,6,Probable Scam,"Keyword: '1:1', Hashtag: '#watch', Hashtag: '#watches', Hashtag: '#luxury'",No bio yet.,,170,6474,N/A
2026-07-29 6:37:14,jay.p.zep,Baby brother ain't a baby anymore! #Rolex #Tudor #lagoonbluetudor #rolexsubmariner,https://www.tiktok.com/@jay.p.zep/video/7664346139973537038?is_from_webapp=1&sender_device=pc,"#Rolex, #Tudor, #lagoonbluetudor, #rolexsubmariner",4645,91,473,FALSE,4,Suspicious,Keyword: 'rolex',"SanDiego CA.
Watches and Motorcycles enthusiasts! 2025 S1000RR",,1530,23K,N/A
2026-07-29 6:37:34,sava.amsterdam,BIGGEST SALE OF THE YEAR LIVE,https://www.tiktok.com/@sava.amsterdam/video/7576996012347247894?is_from_webapp=1&sender_device=pc,N/A,2675,17,46,TRUE,2,Clean,N/A,Based in Amsterdam. Crafted by two brothers.,https://sava-amsterdam.com/products/cross-chain?utm_source=tiktok&utm_medium=paid&utm_id=1848629582426290&utm_campaign=Silver%20Cross%20Chain%20-%20Conversions%20-%20ROAS%201.2%20-%20CPP%20%E2%82%AC42&ttclid=E_C_P_CtIBHauPEN2utPFTN2yQXtlmh_QNY0JmXXtiDnehj-oBh3-S9VrkInnPNGb5t0_VswL0iIv-S0E1nJLho4H3f9O__CHtzdRuC0SxeeWhoTnuMBIK2IAfkqi1-fxjHq9Nb7awQWVQwPmHVPCzIBINe_NxavvvgNS5B3NHsfumFGwcnkghsI23w4RME8irAOz8Ujrs8Hm1ICJxmnHmUJBQfAaZRbr1z7lQWLkk0--omx7iNqVcgcvhZndv4qESkDq-jx1JX3sNMmS0ZUk1GZb3So6LYUtCEgR2Mi4w,13.1K,227.3K,N/A
2026-07-29 6:37:53,thaissilvafernandez,#angelinajolie,https://www.tiktok.com/@thaissilvafernandez/video/7657248900016966933?is_from_webapp=1&sender_device=pc,#angelinajolie,18.7K,122,477,FALSE,0,Clean,N/A,"✞༺༻𓆩☾𓆪༺༻✞

İdgaf🕯️
2k?",,1999,672.4K,N/A
2026-07-29 6:38:13,outoutforthenight,Which one are you in ibiza 😭,https://www.tiktok.com/@outoutforthenight/video/7655334069697285407?is_from_webapp=1&sender_device=pc,N/A,21K,33,1162,FALSE,0,Clean,N/A,"Fan account for Joel Corry 🏝️
Content submissions welcome 🙏",,2429,1.2M,N/A
2026-07-29 6:38:32,bitterbuilds,Grok’s new model (4.5) is way better than Opus 4.8 Comment “link” for 50% off your first month & double the Grok 4.5 usage for the first week #cursor #cursorcreator,,"#cursor, #cursorcreator",11.1K,,,TRUE,6,Probable Scam,Keyword: 'link',"140k on insta @bitterbuilds
📥 bitterbuilds@gmail.com",https://cursor.com/grok-4-5?utm_source=tiktok_paid&utm_medium=paid&utm_campaign=%5BPurchase%5D_Prospecting_Evergreen_Max-Conversions%20-%20%5BCore%20T1%5D%20-%20%5BGrok%204.5%5D&utm_content=Grok%E2%80%99s%20new%20model%20%284.5%29%20is%20way%20better%20than%20Opus%204.8%20Comment%20%E2%80%9Clink%E2%80%9D%20for%2050%25%20off%20your%20first%20month%20%26%20double%20the%20Grok%204.5%20usage%20for%20the%20first%20week%20%23cursor%20%23cursorcreator_%5B261%5D%20-%20UGC%20-%20Partnership%20-%20Matt%20Bitter%20-%20Opus%204.8%20vs%20Grok%204.5%20-%20LinkedIn%20Profile%20App%20-%20EN%20-%20Grok%204.5%20Page&cc_adgroupid=1871265274097841&cc_adid=1871265333567538&utm_id=1871265131709585&cc_term=Purchase_Prospecting_Consolidated_US%7CCA%7CUK&ttclid=E_C_P_CtQBDKutpjaIUsekJCmrWv7ZEH-4lswZ3uX7qck_rXCNXVdG1f8mcdzqdgbE9ww8g3RqK2GLS4mC9oaUqwFMz6Tsp5A7fl9RkOHL_7tfGQdWciTQH5XJcNYhLgmPLDuEncnKu85RhOiAOuvStEbHpribZu2uMGlMpZV99Q8w6XbEgmc6ReffJnFw9Prp08ShdNTjVy7wbw9nFlDeA0Zw2m43j57qVdbDNs7z2ODpMJ6nIaJ7IbGyyu0hk83HPIaM09lSvQKnVtk7FdmJG5MJ_psrnXO1MX8SBHYyLjA,43.9K,1.5M,N/A
2026-07-29 6:40:31,diego._navs,@Eve. ♥️👑🥺 #frases #felizcumpleaños #miamor #parati #viral,https://www.tiktok.com/@diego._navs/video/7639571098887032084?is_from_webapp=1&sender_device=pc,"#frases, #felizcumpleaños, #miamor, #parati, #viral",22.6K,420,15.5K,FALSE,2,Clean,N/A,ᴍᴇᴛᴀ 10k🎴,https://www.tiktok.com/link/v2?aid=1988&lang=en&scene=bio_url&target=https%3A%2F%2Fwww.instagram.com%2Fdiego_navz%3Figsh%3DbHY3NGgwdmxwNDMy,3790,286.9K,N/A
2026-07-29 6:40:51,realrichlawd,Man’s best friend #cutedogs #petlife #wakeup #CaughtOnCamera #funny,https://www.tiktok.com/@realrichlawd/video/7667340404374719757?is_from_webapp=1&sender_device=pc,"#cutedogs, #petlife, #wakeup, #CaughtOnCamera, #funny",5.7M,56.1K,2.5M,FALSE,0,Clean,N/A,Never know what I might post,,29K,8.1M,N/A
2026-07-29 6:41:10,.dunoir,Du Noir Bracelets: Elevate Your Style Effortlessly,https://www.tiktok.com/@.dunoir/video/7667719832837557526?is_from_webapp=1&sender_device=pc,N/A,3,0,Share,TRUE,5,Suspicious,N/A,Refined essence. Honest luxury.,https://dunoir.co.uk/pages/build-your-stack?utm_source=tiktok&utm_id=1865631545583826&utm_campaign=Lead%20generation20260519083733&utm_medium=paid&tt_campaignid=1865631545583826&ttclid=E_C_P_CtIBpGhyO4yP67e3elvRMqyhCZBlOqaVPUitZ0MUPuwss3-SC_RUJyyoAD8Hcsrw_Ys086mIyncY9CSoy1_WmvePCvX5BQ6liDu2o-UnG7B0m5gqQn0zThmcJNs879JwNTG8b6-pqDGMXbwacmXi5cVHcrs-tZxqgkuwZJnJfXdIDBwY486F47amp3Sx1cbIu4KQYwyT9xrRjPKbW2deHCKep6_fKDr-KTIUku0T0P0A0Nod23ddvhgPCTQ1a4BQNLJ56-WdALkPTZOAZzqC2f50PUZiEgR2Mi4w,313,1077,N/A
2026-07-29 6:41:30,termtem.istore,iPhone 17 Mist Blue 🫧🫧 #unboxing #iphone17 #iphone #เติมเต็ม #unbox,https://www.tiktok.com/@termtem.istore/video/7666307575792684308?is_from_webapp=1&sender_device=pc,"#unboxing, #iphone17, #iphone, #เติมเต็ม, #unbox",1955,7,109,FALSE,2,Suspicious,Hashtag: '#unboxing',หน้าร้านอยู่ Advice iStore อุดรธานี สินค้าของเเท้มือ 1 ประกันศูนย์ทุกตัวเลย 🙏🏻,,8432,1.8M,N/A
2026-07-29 6:41:50,thewatchkingnyc,THEY CAME TO FLIP 🤪🤪 #watch #watchcollector #jewelry #watchmania #viral,https://www.tiktok.com/@thewatchkingnyc/video/7646903661360090381?is_from_webapp=1&sender_device=pc,"#watch, #watchcollector, #jewelry, #watchmania, #viral",11.8K,35,85,FALSE,7,Suspicious,"Keyword: 'watch', Hashtag: '#watch'","Day in the life of a watch wholesaler
📍 13 W 47th Street New York, NY
10036",https://www.tiktok.com/link/v2?aid=1988&lang=en&scene=bio_url&target=https%3A%2F%2Fwww.tiktok.com%2F%40thewatchkingnyc_2.0%3F_t%3D8ph0GpgBsE6%26_r%3D1,712.2K,21.3M,N/A
2026-07-29 6:43:50,saranana7,#crystals #energy #bracelet #jewelry #fyp,https://www.tiktok.com/@saranana7/video/7648968798921379093?is_from_webapp=1&sender_device=pc,"#crystals, #energy, #bracelet, #jewelry, #fyp",501,418,184,FALSE,3,Low Risk,N/A,"@Ora Gem Studio OraGem exists for those who seek meaning beyond appearance for those who wear presence, not just jewelry. We believe in resonance!Rare.Real",https://www.tiktok.com/link/v2?aid=1988&lang=en&scene=bio_url&target=www.oragemstudio.com,9023,126.3K,N/A
2026-07-29 6:44:10,misteriosa6761,#viralvideo #paratiiiiiiiiiiiiiiiiiiiiiiiiiiiiiii #risas😂😂😂,https://www.tiktok.com/@misteriosa6761/video/7667314838242118925?is_from_webapp=1&sender_device=pc,"#viralvideo, #paratiiiiiiiiiiiiiiiiiiiiiiiiiiiiiii, #risas😂😂😂",10.2K,299,7664,FALSE,0,Clean,N/A,No bio yet.,,5924,120.5K,N/A
2026-07-29 6:44:29,bpthedev,"I put the new Grok 4.5 model head to head with Opus 4.8... Comment ""Cursor"" and I'll DM you a link for 50% off your first month, plus double Grok 4.5 usage for the first week. I pretty much exclusively code with Claude models, but whenever a new model drops I like to try it out. I was surprised by how much I enjoyed the Cursor experience, and SpaceX's new model, Grok 4.5, is really impressive. @trycursor #Cursor #cursorcreator",,N/A,88.3K,,,TRUE,10,Probable Scam,"Keyword: 'dm', Keyword: 'link'","💻 developer | ai | business
📲 building @linkrrstore & @yourkind.io
📩 bpthedev@gmail.com",https://cursor.com/grok-4-5?utm_source=tiktok_paid&utm_medium=paid&utm_campaign=%5BPurchase%5D_Prospecting_Evergreen_Max-Conversions%20-%20%5BCore%20T1%5D%20-%20%5BGrok%204.5%5D&utm_content=I%20put%20the%20new%20Grok%204.5%20model%20head%20to%20head%20with%20Opus%204.8...%20%20Comment%20%22Cursor%22%20and%20I%27ll%20DM%20you%20a%20link%20for%2050%25%20off%20your%20first%20month%2C%20plus%20double%20Grok%204.5%20usage%20for%20the%20first%20week.%20I%20pretty%20much%20exclusively%20code%20with%20Claude%20models%2C%20but%20whenever%20a%20new%20model%20drops%20I%20like%20to%20try%20it%20out.%20I%20was%20surprised%20by%20how%20much%20I%20enjoyed%20the%20Cursor%20experience%2C%20and%20SpaceX%27s%20new%20model%2C%20Grok%204.5%2C%20is%20really%20impressive.%20%40trycursor%20%23Cursor%20%23cursorcreator%20_%5B262%5D%20-%20UGC%20-%20Partnership%20-%20Bailey%20Parker%20-%20Opus%204.8%20vs%20Grok%204.5%20-%20App%20Speech%20t&cc_adgroupid=1871265180558802&cc_adid=1871265211465906&utm_id=1871265131709585&cc_term=Purchase_Prospecting_Competitors_US%7CCA%7CUK&ttclid=E_C_P_CtQBMlFBiOiyWbWnhDaWlPLw9fxMIKlMCMdOk0RNGXNe6zrnw-Z4-Z0BMLB0_lIYWh6fKFWUXhiptJHVKhDfeMni3V6SyGzeUZxHN4XG39O6Aeif_QCQOPWXxx4X6AqH9SjAtBnom0QF7YyDYPn2PzCbCUj-Xw6ICUAYViKFH5NIB88Jnafr0MfUWt_Wy0MMa-Z6qDlGrekvRxmq_iLQ7-KSS-rNrGi6DjCjawbEPnhaDsj5cmjhL1oRBOQR3TDXK3kPmbcC_S-ld86s4QSgPD5ox4JiXf8SBHYyLjA,11.1K,183.6K,N/A
2026-07-29 6:46:29,savingforiphone17mistblu,"I put the new Grok 4.5 model head to head with Opus 4.8... Comment ""Cursor"" and I'll DM you a link for 50% off your first month, plus double Grok 4.5 usage for the first week. I pretty much exclusively code with Claude models, but whenever a new model drops I like to try it out. I was surprised by how much I enjoyed the Cursor experience, and SpaceX's new model, Grok 4.5, is really impressive. @trycursor #Cursor #cursorcreator",https://www.tiktok.com/@savingforiphone17mistblu/video/7661988766168403213?is_from_webapp=1&sender_device=pc,"#Cursor, #cursorcreator, #iphone, #iphone17, #iphone17mistblue, #dreamphone",1215,17,71,FALSE,4,Probable Scam,"Keyword: 'dm', Keyword: 'link'",No bio yet.,,97,17.3K,N/A
2026-07-29 6:46:49,thereal.onii,,https://www.tiktok.com/@thereal.onii/video/7667099470420512033?is_from_webapp=1&sender_device=pc,N/A,162K,333,2210,FALSE,6,Clean,N/A,"DM FOR COLLAB
collab.therealoni@gmail.com
KICK: Therealonii",https://www.tiktok.com/link/v2?aid=1988&lang=en&scene=bio_url&target=https%3A%2F%2Flinktr.ee%2FThereal.oni,88.4K,5.9M,N/A
2026-07-29 6:48:57,connor.langley,WHICH ONE ARE YOU TAKING?Rolex Rose Gold Daytona Chocolate 🍫 & Meteorite ☄️ Both Reference 126515ln #rolex #daytona #rolexdaytona #rolexwatches #watchesoftikok,https://www.tiktok.com/@connor.langley/video/7647290058671787295?is_from_webapp=1&sender_device=pc,"#rolex, #daytona, #rolexdaytona, #rolexwatches, #watchesoftikok",3094,13,383,FALSE,7,Almost Certainly a Scam,"Keyword: 'rolex', Keyword: 'watch', Hashtag: '#watch', Hashtag: '#watches'","IG @Clocks
YouTube: Connor Langley",,20.2K,631.1K,N/A
2026-07-29 6:50:58,daoyuanlustre,"✨Stop Wearing Crystals Blindly! A Complete Guide to Crystal Bracelets for Your Reference▫️Clear Quartz | Purifies negative energy, boosts concentration, eases mental exhaustion and insomnia, a must-have for students and office workers▫️Rose Quartz | Attracts genuine love gently, enhances interpersonal luck and resolves social conflicts, ideal for singles and socially anxious people▫️Smoky Quartz | Shields against schemers and disputes, relieves anxiety and stress, safeguards those who often stay up late or go out frequently▫️Aquamarine | Calms irritable tempers, improves communication skills and removes obstacles during negotiations and conversations▫️Citrine | The Stone of Wealth, draws legitimate financial opportunities and brings fortune for promotions and entrepreneurship💡Tips for Crystal Newbies to Avoid PitfallsNatural crystals naturally contain internal fractures and inclusions; cheap flawless pieces are mostly synthetic imitationsChoose crystals based on your personal needs—random mismatches will disrupt your personal energy fieldAll crystals in our store have been blessed, setting them apart from ordinary mass-produced goods💌Interact to Attract Good LuckLike and save this post to lock in blessings for the whole yearComment 【1111】to collectively attract wealth, popularity and safetyType ""wealth"" for financial luck, ""love"" for romance, ""peace"" for stability to find out which crystal suits you best🛒Direct Purchase AccessIf you want custom lucky crystal bracelets or crystal ornaments, search the independent website https://www.daoyuanstore.com/daoyuan Store offers hand-blessed crystal jewelry, perfect for personal use or gifting #daoyuanstore #CrystalHealing #EnergyProtection #LuckyCrystals #HealingCrystal #CrystalBlessing #CrystalEnergy #healingcrystal #SpiritualJewelry #GoodVibes #lucky #fyp",https://www.tiktok.com/@daoyuanlustre/video/7667125191130041630?is_from_webapp=1&sender_device=pc,#watchesoftikok,4903,4484,2120,FALSE,6,Probable Scam,"Keyword: 'ws', Hashtag: '#watch', Hashtag: '#watches'","refined details & timeless glow ✨
shop ➡️ https://daoyuanstore.com/",,2356,15.8K,N/A
2026-07-29 6:52:58,user5149373502829,Rich lavish detailing available at approachable special prices.,https://www.tiktok.com/@user5149373502829/video/7662331092438977812?is_from_webapp=1&sender_device=pc,"#daoyuanstore, #CrystalHealing, #EnergyProtection, #LuckyCrystals, #HealingCrystal, #CrystalBlessing, #CrystalEnergy, #healingcrystal, #SpiritualJewelry, #GoodVibes, #lucky, #fyp",302,10,20,TRUE,4,Suspicious,N/A,No bio yet.,https://xmgtri.com?utm_source=tiktok&utm_id=1870683363677618&utm_campaign=xmgtri%20&utm_medium=paid&ttclid=E_C_P_CtMBe42pgsGcfsl18rKzRE6z_RErWF0_Ok08cusn33O45Ty3tYCKEanqLkuwk35UF5rLZpssv2raYaOuwwgmO2b1k7l6eh4VtfAllXnLZoOtza6h2SGlhfcQXOs0hKhsSdbfg3B04dWmKm1yM0wxI_DT9MHM9e-6pSHBInTsdmIjEPtBDMBzpuHwlA-942PPYRIYmWgg8m-ID_ytSIDM7ra23_bpeuL2VqA0Bd0M_xNwk9-Ya5WVV-Qpp8cYZRVFsTx_go3Vw3FE65jqNAqvFNcF5wTgixIEdjIuMA,645,10.3K,N/A
2026-07-29 6:53:19,thewatchkingnyc,NOW ITS THE BEZEL 🙈🙈 #watch #watchcollector #jewelry #watchmania #viral,https://www.tiktok.com/@thewatchkingnyc/video/7653174319631125774?is_from_webapp=1&sender_device=pc,"#watch, #watchcollector, #jewelry, #watchmania, #viral",7932,26,75,FALSE,7,Suspicious,"Keyword: 'watch', Hashtag: '#watch'","Day in the life of a watch wholesaler
📍 13 W 47th Street New York, NY
10036",https://www.tiktok.com/link/v2?aid=1988&lang=en&scene=bio_url&target=https%3A%2F%2Fwww.tiktok.com%2F%40thewatchkingnyc_2.0%3F_t%3D8ph0GpgBsE6%26_r%3D1,712.2K,21.3M,N/A
2026-07-29 6:55:22,dianixi9,He'll never compare to Diana. #princessdiana #diana #royal #ladydi #iconic,https://www.tiktok.com/@dianixi9/video/7647572968582892831?is_from_webapp=1&sender_device=pc,"#princessdiana, #diana, #royal, #ladydi, #iconic",3.4M,4862,28.4K,FALSE,2,Clean,Phone number in bio,"princess Diana of wales
1961-1997
👑👑",,222.2K,42.2M,N/A
2026-07-29 6:55:42,adam.digital,Comment PROMPT & I’ll send it to you. Seedance 2.0 is too powerful . I used it to create Product Commercial Ads. SMB is now live in Lovart. Purchase Pro or higher membership to enjoy 7 days of fast SMB generation with 0 credits! Up to 57% OFF & Unlock Now! #BuiltWithLovart #AiDesign #AIBranding @LovartAI,https://www.tiktok.com/@adam.digital/video/7655218492416822548?is_from_webapp=1&sender_device=pc,"#BuiltWithLovart, #AiDesign, #AIBranding",315,21,1,TRUE,2,Suspicious,N/A,"🔥AI educator for Entrepreneurs/ Creators
📧hello@adamgodigital.com
Work with us ⬇️",https://www.lovart.ai/?sourceid=910397&utm_source=tiktok&utm_campaign=ZT_WZ_910397_Lovart_pc_TT_260714_T1_web_kol_shi_tcpa_purchase&utm_id=1870698485830849&utm_medium=paid_social&af_adset=T1-spark-purchase-02&af_adset_id=1870703164884002&utm_content=KOL_adam.godigital&af_ad_id=1870703164886418&placement=__PLACEMENT&creative=Comment%20PROMPT%20%26%20I%E2%80%99ll%20send%20it%20to%20you.%20Seedance%202.0%20is%20too%20powerful%20.%20I%20used%20it%20to%20create%20Product%20Commercial%20Ads.%20SMB%20is%20now%20live%20in%20Lovart.%20Purchase%20Pro%20or%20higher%20membership%20to%20enjoy%207%20days%20of%20fast%20SMB%20generation%20with%200%20credits%21%20Up%20to%2057%25%20OFF%20%26%20Unlock%20Now%21%20%23BuiltWithLovart%20%23AiDesign%20%23AIBranding%20%40LovartAI%20_KOL_adam.godigital&ttclid=E_C_P_CtMBl8LfUne5zN20r-Md9DrbmKX_JiPZF8NBODbySX2kDF87pDPQUuP24QmsHcUlL8DtWqzAr1fW4I9WlSxLMtTgjH9nTTPd83RIr7-xLT_SMXMHQG990-qzieeQX5RZpNy3y8UDTde0Z-Al1MtFqTqgjdtS8xwwm4GOSPGleRnHSQPgj1Mc10C0_Jhyzhhm0YXA9FnfOgIWHt9eEmMBXcK3P5v-cuhig__Mz2OKO1sta-zrgHKGPsopJNeRf6VImL5KC3Qut59kTVTIQSYrkeQFtVMjWBIEdjIuMA,533K,3.6M,N/A
2026-07-29 6:56:02,thewatchkingnyc,HE SOLD IT?!?! #watch #watchcollector #jewelry #watchmania #viral,https://www.tiktok.com/@thewatchkingnyc/video/7602392135823904014?is_from_webapp=1&sender_device=pc,"#watch, #watchcollector, #jewelry, #watchmania, #viral",712.5K,495,3305,FALSE,7,Suspicious,"Keyword: 'watch', Hashtag: '#watch'","Day in the life of a watch wholesaler
📍 13 W 47th Street New York, NY
10036",https://www.tiktok.com/link/v2?aid=1988&lang=en&scene=bio_url&target=https%3A%2F%2Fwww.tiktok.com%2F%40thewatchkingnyc_2.0%3F_t%3D8ph0GpgBsE6%26_r%3D1,712.2K,21.3M,N/A
2026-07-29 6:58:02,stitchthesnitchh,The girls at raves love me!! Well what can I say? I am a cute security doggy after all. Heard she’s flying me out to ibiza 🙈,https://www.tiktok.com/@stitchthesnitchh/video/7654967306996419862?is_from_webapp=1&sender_device=pc,N/A,2936,9,61,FALSE,3,Low Risk,N/A,"Full time security dog 🐾

dm for promo or email: thesnitchthestitch@gmail.com",,15.1K,6.2M,N/A
2026-07-29 6:58:22,Lobosjewelry,Premium jewelry that’s built to last.,https://www.tiktok.com/@Lobosjewelry/video/7651690626055998721?is_from_webapp=1&sender_device=pc,N/A,11,0,Share,TRUE,5,Suspicious,N/A,Premium Jewelry 🧊,https://www.lobosjewelry.com/collections/best-sellers?tt_campaignid=1805998317176881&utm_term=__ADGROUP_NAME__&utm_source=tiktok&utm_id=1805998317176881&utm_campaign=DDU_PROSPECTING_COST%20CAPS&utm_medium=paid_social&utm_content=__AD_NAME__&ttclid=E_C_P_CtMBy0Oi_MBrB4h1ftBfGyvHE-iu4RqMBGsXoiCJaerc5Vc_9gJZsC1jyizViGeWGxOn8sddPKhenTVw6sYAuzC0UR9oUuYbTSLMlgHbtFKoq7b0h8G7P68LrqZcLgB395qSM5mnfM6pGfSlQbyTyryo8Uhu--Z9mZeThgaKLkDOMWFUBUR0DJrBALCJlqspX_64nn_Yu7AFPGac3fCnsH58DZ63OrSsRoc-f-UwMhS2Sn1ZO7IbSvlCY04Jo_jyx6CaLPea8DmilEvwIDetRln4lYxopBIEdjIuMA,10.1K,64.2K,N/A
2026-07-29 6:58:42,mis.creaciones.y.p,#Estan seguros que no les hace falta alguno 🤭🤭🤣🤣😂😂 #fypシ゚viral,https://www.tiktok.com/@mis.creaciones.y.p/video/7653133561909890317?is_from_webapp=1&sender_device=pc,"#Estan, #fypシ゚viral",5020,373,4585,FALSE,0,Clean,N/A,Entretenimiento,,30.9K,1.1M,N/A
2026-07-29 6:59:02,lunalavish,"80% off, sale ends at midnight",https://www.tiktok.com/@lunalavish/video/7667741293669305617?is_from_webapp=1&sender_device=pc,N/A,3,,Share,TRUE,3,Suspicious,N/A,No bio yet.,https://lunalavish.co/products/fashion-vintage-sunglasses-for-women-rimless-frameless-rectangle-shades-gradient-uv400-summer-traveling-sun-glasses-for-womenn?ttclid=E_C_P_CtMBW8uPB0wp6atb6xom7x3BbZ0sFJ0Omn2d0oUR2Tm1I57zJjG-CRTCPtVaGR9KzfLqeBCCfmHNzGg63m2nfa1a5oK8eiSm5XRY-50Kpul8jPP2ni_NQGXjOP215J3V1deFkP5rGPimKtdIuz-x8mnWvJN7OI7v4gNwCZDJBDHaBg2BTxmRnD30wFJqFJS8ISMCnt3oyQIYFBa76InkDxRhZQdWEGF0o_rjxc7HPxAuKWxyRkkG5tvJTIyACfB43ocxYCstVNS7GAEc3nSs6vhhDgm9DxIEdjIuMA,32,1902,N/A
2026-07-29 6:59:22,thewatchkingnyc,ALWAYS AN EXCUSE 🤪🤪 #watch #watchcollector #jewelry #watchmania #viral,https://www.tiktok.com/@thewatchkingnyc/video/7639099553806945549?is_from_webapp=1&sender_device=pc,"#watch, #watchcollector, #jewelry, #watchmania, #viral",25.8K,65,142,FALSE,7,Suspicious,"Keyword: 'watch', Hashtag: '#watch'","Day in the life of a watch wholesaler
📍 13 W 47th Street New York, NY
10036",https://www.tiktok.com/link/v2?aid=1988&lang=en&scene=bio_url&target=https%3A%2F%2Fwww.tiktok.com%2F%40thewatchkingnyc_2.0%3F_t%3D8ph0GpgBsE6%26_r%3D1,712.2K,21.3M,N/A
2026-07-29 7:01:22,Lobosjewelry,Buy once. Wear forever.,https://www.tiktok.com/@Lobosjewelry/video/7625978788362407184?is_from_webapp=1&sender_device=pc,N/A,310,7,1,TRUE,7,Probable Scam,Keyword: 'buy',Premium Jewelry 🧊,https://www.lobosjewelry.com/collections/best-sellers?tt_campaignid=1805998317176881&utm_term=__ADGROUP_NAME__&utm_source=tiktok&utm_id=1805998317176881&utm_campaign=DDU_PROSPECTING_COST%20CAPS&utm_medium=paid_social&utm_content=__AD_NAME__&ttclid=E_C_P_CtMBZ0WELEgz-Z2822cyo0zIn1UBmArwl-hDWkjvS76v298TLRhBd8V8AyIC_gIUAH1Xx8tvFosDuAJmMFKknvyiSaxHmse7gctJylKwd2DDMxNjxN-i-hoo3WI-T1zcrxNEcIEYWwh_dt80fuIq8B2SQfW9MzM57ykhj3xE-YaCgA-SMdJ14NcyUC_Ngeytt-DMNtnubomyi_-ln7WtL0a2l_nKskONZzh78SRxRFFj-2DQKDdZIpjF5bCEamFKTrqls7yE4PwsniJTs3PT1A38xJ9l2BIEdjIuMA,10.1K,64.2K,N/A
2026-07-29 7:03:22,samikindness,POV: you go to a Rolex #social #socialexperiment #expensive,https://www.tiktok.com/@samikindness/video/7667297719106473248?is_from_webapp=1&sender_device=pc,"#social, #socialexperiment, #expensive",3575,93,162,FALSE,6,Suspicious,Keyword: 'rolex',"🇬🇧 | 🇪🇺
featured on @The Business of Fashion
next goal → is 215K followers 🎯
LetsWorkSami@gmail.com",https://www.tiktok.com/link/v2?aid=1988&lang=en&scene=bio_url&target=https%3A%2F%2Fyoutube.com%2F%40samikindness,213.8K,13.8M,N/A
2026-07-29 7:05:31,werger.foiles,"Rolex Day-Date 40 (DD)Reference: M228239-003340mm｜18K White Gold｜Olive Green Dial Crafted entirely in 18K white gold,including the case, signature fluted bezel, and iconic President bracelet,every detail reflects Rolex’s highest level of craftsmanship. #luxurywatch #timepiece #luxurylifestyle #watchoftheday⌚🔥 #fyp",https://www.tiktok.com/@werger.foiles/video/7664214935764765984?is_from_webapp=1&sender_device=pc,N/A,6464,12,413,FALSE,17,Almost Certainly a Scam,"Keyword: 'luxury', Keyword: 'rolex', Keyword: 'watch', Phone number in description","Which watch fits your vibe? ⌚
👇 Tap to see more: WhatsApp
Link: kernel.bio.link",https://www.tiktok.com/link/v2?aid=1988&lang=en&scene=bio_url&target=Kernel.bio.link,4913,229.2K,N/A
2026-07-29 7:07:32,gillians.bliss.crystals,"Amethyst crystal grid for your career.Gain sharp thinking, stay focused and attract aligned opportunities. #crystals #crystalhealing #crystalshop #manifestation #crystalgrid",https://www.tiktok.com/@gillians.bliss.crystals/video/7667612665446993160?is_from_webapp=1&sender_device=pc,"#luxurywatch, #timepiece, #luxurylifestyle, #watchoftheday⌚🔥, #fyp, #crystals, #crystalhealing, #crystalshop, #manifestation, #crystalgrid",290,201,45,FALSE,5,Probable Scam,"Keyword: 'shop', Hashtag: '#watch', Hashtag: '#luxury'","🧿Your daily dose of calm & positive energy.
🔮Healing & manifestation crystals
✨Believe in the power of belief",,6426,139.3K,N/A
2026-07-29 7:07:52,pursuitofvacations,I See Myself In You is out today!,https://www.tiktok.com/@pursuitofvacations/video/7665829889450265870?is_from_webapp=1&sender_device=pc,"#manifestation, #crystalgrid",422,1,2,TRUE,3,Suspicious,N/A,"✨✨✨


fanpage, not impersonating",https://vacations.ffm.to/iseemyselfinyou.NGY?utm_source=tiktok&utm_id=1871520826608210&utm_campaign=Vacations_3176_067003020480_Pursuit%20of%20Anything_I%20See%20Myself%20In%20You%20UGC_Conversions%09%09%09%09&utm_medium=paid&ttclid=E_C_P_CtMBczSiz-uGp2jClktTz1Id-KLowZdQ6trNv_I7cW77stHz_-QlfsUPDQ5WWLiPyzp7Cyb60m1cOPVgZNFKMXLTQovqbk6IrAtWC8b-z2fLTEuMwvNkthYHvx254CcWhNrVSzAetHgS7nTU4hyXAbGej6BRkxW5sYDTGvCOHdJ_XThZ-oPidn-ff9C5KA0hkM-5Itl7dm7RjXtb9DGkp9Un6cgjA_YqUKV-gTo_6qXerR8YtH2A1ZgB5fLh_GKEldyDGF99F_cFQRBU0XaIfeDQHBylNhIEdjIuMA,15,1255,N/A
2026-07-29 7:08:11,thewatchkingnyc,RICH GUY TODAY 😂😂 #watch #watchcollector #jewelry #watchmania #viral,https://www.tiktok.com/@thewatchkingnyc/video/7667682561975504142?is_from_webapp=1&sender_device=pc,"#watch, #watchcollector, #jewelry, #watchmania, #viral",4529,22,33,FALSE,7,Suspicious,"Keyword: 'watch', Hashtag: '#watch'","Day in the life of a watch wholesaler
📍 13 W 47th Street New York, NY
10036",https://www.tiktok.com/link/v2?aid=1988&lang=en&scene=bio_url&target=https%3A%2F%2Fwww.tiktok.com%2F%40thewatchkingnyc_2.0%3F_t%3D8ph0GpgBsE6%26_r%3D1,712.2K,21.3M,N/A
2026-07-29 7:10:11,nataliireynoldss,did I win this trend? #quinceañera #fyp #friesian #horse,https://www.tiktok.com/@nataliireynoldss/video/7655826303945411853?is_from_webapp=1&sender_device=pc,"#quinceañera, #fyp, #friesian, #horse",9.2M,60.4K,589.5K,FALSE,2,Clean,N/A,"The prettiest girl in the world ❤️
TeamNatalieR@stregagroup.com",https://www.tiktok.com/link/v2?aid=1988&lang=en&scene=bio_url&target=https%3A%2F%2Fwww.instagram.com%2Frealnatalierey%3Futm_source%3Dqr,8.4M,952.8M,N/A
2026-07-29 7:10:32,legitgrails,LegitGrails - trusted and relied on by 100K+ users worldwide. Authenticate your items now!,https://www.tiktok.com/@legitgrails/video/7664903706218892566?is_from_webapp=1&sender_device=pc,N/A,13,0,Share,TRUE,7,Suspicious,N/A,"🔍 Luxury Item Authentication 24/7
👇 Get 15% Off First Authentication",https://legitgrails.com/?utm_source=tiktok&utm_campaign=prosp&utm_medium=paid_social&utm_content=ad&ttclid=E_C_P_CtMB30kYq3l9hoUqgum5b7WFD45hs_HbZpHRqBVx4OHitvKVKIG_wScCyTsSrlUiFfoiAZ75lmXStNoz--kXTKAITW63lvz4ewYjbwFEBbJKmYm7UXYWqZJv3HkblADXXQN_hxQbzo_VJ3xeQbLiL9c0ZJZn2Ij-w3G1OmprIgfLGGjhlFSvZUw7Qh3El63mWdPqe4VQz6dvlgk5-dwYnjiQyDn97CfG4S_YHnK88fmEIYoDZWoiMA6EEbW_0590FfVLmF5isNk_UZXboIZN0b6SSV5jihIEdjIuMA,22.4K,199.9K,N/A
2026-07-29 7:12:32,ojosbonitos910,#amarnodeveriadedoler🙍🏻‍♀️💔😓,https://www.tiktok.com/@ojosbonitos910/video/7651104435346607374?is_from_webapp=1&sender_device=pc,#amarnodeveriadedoler🙍🏻‍♀️💔😓,10.5K,317,5497,FALSE,0,Clean,N/A,"Amar no es engañar,lastima,mientir no juegas ..el amor no deveria doler
🇲🇽❤️🇨🇴",,12.5K,373.6K,N/A
2026-07-29 7:12:53,acowdell12,#beach #hurghada #egyptian_tik_tok #sunrisealoraaquapark @𝕯𝖊𝖘𝖙𝖎𝖓𝖞 🏍️💋 @bradleycowdell0,https://www.tiktok.com/@acowdell12/video/7651578724344728854?is_from_webapp=1&sender_device=pc,"#beach, #hurghada, #egyptian_tik_tok, #sunrisealoraaquapark",5256,28,238,FALSE,0,Clean,N/A,No bio yet.,,430,7000,N/A
2026-07-29 7:13:13,thehalohouseco,$12 today + free shipping!,https://www.tiktok.com/@thehalohouseco/video/7667693488586181901?is_from_webapp=1&sender_device=pc,N/A,16,,Share,TRUE,3,Suspicious,N/A,No bio yet.,https://thehalohouse.co/products/cute-dancing-and-talking-cactus-toy?ttclid=E_C_P_CtMBpj2gMddyEbOoJaQpw5lqJoJf5aa-5eLC42ftyoeuuR4ImUINHj7HKld29Ett3L_xR34VO0epwWoScapAHjSIq04DPZVdujg59TavRLUG0Gh19bTDr06iToONZt4BXOBtLvxbd4FNyVHT-n_h_mihYjt1cyziLU0iSJhNFeC8Kt9nHmvKCFRIZ38w1Qs6dAdbvwVdcyJDmA75rIqX6m_wUEKJIIZo8S1z7iQmByIpzJLBoTEUjH21GzCNYYp8ZHelhFYD_aq7IE7YXYqe1X4n-XF8EhIEdjIuMA,51,3249,N/A
2026-07-29 7:29:00,yihengshixiong,Make a wish！Always work！ #crystalbracelet #crystal #diy #jewelry #jewelry,https://www.tiktok.com/@yihengshixiong/video/7660184893644672274?is_from_webapp=1&sender_device=pc,"#crystalbracelet, #crystal, #diy, #jewelry, #jewelry",915,766,147,FALSE,1,Low Risk,N/A,"Tailor made bracelets/life report reading
Fengshui/Bazi/Marriage/Career/Ritual/Horoscope
五行水晶訂製🔮 生辰手串訂製
事業/感情/運勢/健康",,1690,40.8K,N/A
2026-07-29 7:29:21,thewatchkingnyc,IS IT THE PAPERS ❓❓ #watch #watchcollector #jewelry #watchmania #viral,https://www.tiktok.com/@thewatchkingnyc/video/7640957813669285134?is_from_webapp=1&sender_device=pc,"#watch, #watchcollector, #jewelry, #watchmania, #viral",19.7K,66,107,FALSE,7,Suspicious,"Keyword: 'watch', Hashtag: '#watch'","Day in the life of a watch wholesaler
📍 13 W 47th Street New York, NY
10036",https://www.tiktok.com/link/v2?aid=1988&lang=en&scene=bio_url&target=https%3A%2F%2Fwww.tiktok.com%2F%40thewatchkingnyc_2.0%3F_t%3D8ph0GpgBsE6%26_r%3D1,712.2K,21.3M,N/A
2026-07-29 7:31:30,saranana7,This is@Ora Gem Studio #fyp #energy #crystals #bracelet #gift,https://www.tiktok.com/@saranana7/video/7661575136356732181?is_from_webapp=1&sender_device=pc,"#fyp, #energy, #crystals, #bracelet, #gift",2043,2095,530,FALSE,2,Clean,N/A,"@Ora Gem Studio OraGem exists for those who seek meaning beyond appearance for those who wear presence, not just jewelry. We believe in resonance!Rare.Real",https://www.tiktok.com/link/v2?aid=1988&lang=en&scene=bio_url&target=www.oragemstudio.com,9026,126.4K,N/A
2026-07-29 7:31:51,thewatchkingnyc,FROM SOUTH OF FRANCE 🇫🇷 🇫🇷 #watch #watchcollector #jewelry #watchmania #viral,https://www.tiktok.com/@thewatchkingnyc/video/7648724375188851981?is_from_webapp=1&sender_device=pc,"#watch, #watchcollector, #jewelry, #watchmania, #viral",18K,57,93,FALSE,7,Suspicious,"Keyword: 'watch', Hashtag: '#watch'","Day in the life of a watch wholesaler
📍 13 W 47th Street New York, NY
10036",https://www.tiktok.com/link/v2?aid=1988&lang=en&scene=bio_url&target=https%3A%2F%2Fwww.tiktok.com%2F%40thewatchkingnyc_2.0%3F_t%3D8ph0GpgBsE6%26_r%3D1,712.2K,21.3M,N/A
2026-07-29 7:33:51,deal_ayn12,"This is your sign to upgrade your entertainment. 🕶️ Look at this: playing Switch games on a massive 201"" screen on the plane, or lying in bed watching Netflix with stunning HDR10 clarity and Bang & Olufsen audio. The RayNeo Air 4 Pro makes it happen, and it is on a crazy Today's Special Sale for $29.99! Don't wait until it sells out. Tap the yellow cart and buy now! 🛒✨",,N/A,2885,,,TRUE,8,Probable Scam,"Keyword: 'watch', Keyword: 'buy'","30-day free returns
Secure checkout
Worldwide Shipping Available",https://www.weserry.com/collections/ai-glasses?variant=523CVF&utm_source=tiktok&utm_id=1872013874372658&utm_campaign=%E7%BE%8E%E5%9B%BD%20%E6%B3%A2%E5%85%B0%20%E6%B3%95%E5%9B%BD%20%E5%B8%8C%E8%85%8A%20%E5%8C%88%E7%89%99%E5%88%A9%20%E5%8A%A0%E6%8B%BF%E5%A4%A7&utm_medium=paid&ttclid=E_C_P_CtMBebYjy9tqVbHwgkymIqzm_QDCx92binpJif_G5GsWrcMFoqS5Q82vnSUtnr3qhgGf4m6fif1USe4-uUHL7KtOmLE8F0UDvs-1oh8OpNKbh3BrqbBELqb9EwN9bvzGaQv8AwG4TQWEVHt7D8qmTBWHYn5UtMymnQRJaj9o4h6DnFJP2tXA3C3SSHhVVxSCYnLMCKUB1O7jo7PilzQe3fjWcsSmtmtjutzlUotFJ456G_1ykgvJt_q5nmvYNnvdGt3R3mIZJ-vhG6hvPHBb3q9CFMPQRhIEdjIuMA,157,5572,N/A
2026-07-29 7:35:51,mrkkluxury.co,SUBMARINE DATE BLACK 40mm / VVIP QUALITY #foryou #mrkkluxury #luxurywatches #jewelry #luxury,https://www.tiktok.com/@mrkkluxury.co/video/7640805006710525202?is_from_webapp=1&sender_device=pc,"#foryou, #mrkkluxury, #luxurywatches, #jewelry, #luxury",613,2,49,FALSE,17,Almost Certainly a Scam,"Keyword: 'luxury', Keyword: 'watch', Keyword: 'quality', Keyword: 'quality', Hashtag: '#luxury'","We are the ones who bring you the most beautiful watches on the market
I belong to the LUCY TEAM system, and I am happy to collaborate with you.",https://www.tiktok.com/link/v2?aid=1988&lang=en&scene=bio_url&target=https%3A%2F%2Fwa.me%2Fmessage%2FQYPHEV7WDCHKJ1%3Fsrc%3Dqr,14.3K,800.6K,N/A
2026-07-29 7:37:51,design_your_desir,"POV: you finally found a phone case that's actually you 🔥 Custom designs, made to order in the US 🇺🇸 Link in bio 👆 #customphonecase #phonecaseshop #gta6 #grandtheftauto #gaminggifts #aestheticphonecase #tiktokmademebuyit #shopsmall #fyp",https://www.tiktok.com/@design_your_desir/video/7666931535047707918?is_from_webapp=1&sender_device=pc,"#customphonecase, #phonecaseshop, #gta6, #grandtheftauto, #gaminggifts, #aestheticphonecase, #tiktokmademebuyit, #shopsmall, #fyp",33,0,Share,TRUE,15,Almost Certainly a Scam,"Keyword: 'link in bio', Keyword: 'buy', Keyword: 'link', Keyword: 'shop'","Print-on-demand made easy✨
You imagine it—we print it
👇 Shop here
https://www.designyourdesirestudio.com/collections/phone-cases",https://www.designyourdesirestudio.com/collections/phone-cases?ttclid=E_C_P_CtIBPqBJ_yISG87IN0yzJYhEVeiFlL_XwEuwz2ALfjXucqqkMSqXygWT2uFLw76KEwk4Epu9AxdnNwh6HnEEvzUQm-D8stOo70dRt5fbPydd17b5flvqyMEfBkDlSZvVqJZcAHRCbkjQ5ZbUhQnuM_iRyQN9JlpapkQv9Ynl8qyP-le8VBSnJ0hS41sIy-VH4AbKKC4rpOKz8TscbCs7U6RbdI6yVYt4GdSMsMFIHJ23MJYBIzH4HKxoQ8jFxXg4ELmke4e6hJ8pSl0gXjTTntryiOACEgR2Mi4w,8,114,N/A
2026-07-29 7:39:51,thewatchkingnyc,WHAT A LOWBALL OFFER 😂😂 #watch #watchcollector #jewelry #watchmania #viral,https://www.tiktok.com/@thewatchkingnyc/video/7658040787548114189?is_from_webapp=1&sender_device=pc,"#watch, #watchcollector, #jewelry, #watchmania, #viral",3267,19,38,FALSE,7,Suspicious,"Keyword: 'watch', Hashtag: '#watch'","Day in the life of a watch wholesaler
📍 13 W 47th Street New York, NY
10036",https://www.tiktok.com/link/v2?aid=1988&lang=en&scene=bio_url&target=https%3A%2F%2Fwww.tiktok.com%2F%40thewatchkingnyc_2.0%3F_t%3D8ph0GpgBsE6%26_r%3D1,712.2K,21.3M,N/A
2026-07-29 7:41:52,rashikundaligems,Dhanyog Braslet with 7 crystals #pyritecrystal #moneyproblems #positiveenergy #bracelet,https://www.tiktok.com/@rashikundaligems/video/7651643719774375175?is_from_webapp=1&sender_device=pc,"#pyritecrystal, #moneyproblems, #positiveenergy, #bracelet",26.8K,13.7K,3340,FALSE,2,Clean,Phone number in bio,"Natural gemstones and crystals , Wear your Energy📞 9801306068",,1064,28.8K,N/A
2026-07-29 7:42:12,yess.diaz04,Mi vida 💕,https://www.tiktok.com/@yess.diaz04/video/7649050474414492936?is_from_webapp=1&sender_device=pc,N/A,2946,40,3970,FALSE,0,Clean,N/A,"Un poco de todo✨️❤️‍🩹""y dejando huellas bonitas👣😍""
¡Gracias por su apoyo!🥰",,166.7K,2M,N/A
2026-07-29 7:42:32,swanandedgar,The Diplomat,https://www.tiktok.com/@swanandedgar/video/7653037840749677846?is_from_webapp=1&sender_device=pc,N/A,304,4,5,TRUE,4,Suspicious,N/A,"Timeless British Elegance
#swanandedgar",https://swanandedgar.com/products/diplomat-silver?tw_source=tiktok&tw_adid=1868411897300081&utm_source=tiktok&utm_id=1868411849252113&utm_campaign=MBM%20%7C%20Diplomat%20%7C%20UK%20USA&utm_medium=cpc&utm_content=__ADID_V2_NAME__&ttclid=E_C_P_CtIB_h5s3eDgqUuOS2dHbnyBOBD6h82652CECBBCMA-K_JEbO7gMHW6ae1Y-7zVgE_F5L97aDCuaJtOvwW9FWoG_R9BS_f1aMLSEjlmU11M1MANFcZgUJ0ZhsayOtFCj40t53wBanpmsQZTywQTHmRxymMA71AfGP2Vf5_Bx_0qcK0HPpLrfWG0tNHjqOUpjvDYQP16UufpFysLLJfLKREn3iXWyQ45OUgbRm5lRUUj85IqoFcVK_p5aPzQTSxytQyg5g_Oo9hlynnaoXYcSCka4HVF4EgR2Mi4w,2381,9368,N/A
2026-07-29 7:42:51,hollyburnss,🤣🤣🤣🤣🤣,https://www.tiktok.com/@hollyburnss/video/7645028584733674774?is_from_webapp=1&sender_device=pc,N/A,57.4K,600,1353,FALSE,6,Clean,N/A,"🌴🍓✨🍉🌴
fashion, beauty, travel, life
insta - hollyburnss
TTS - @Holly Burns
hollymarieburns@outlook.com",https://www.tiktok.com/link/v2?aid=1988&lang=en&scene=bio_url&target=https%3A%2F%2Fdirect.me%2Fhollyburnss,47.1K,1.6M,N/A
2026-07-29 7:44:52,mannys.tech,#iphone17 #mistblue #apple #iphone #techtok @apple,https://www.tiktok.com/@mannys.tech/video/7654349389783223566?is_from_webapp=1&sender_device=pc,"#iphone17, #mistblue, #apple, #iphone, #techtok",47.4K,425,1884,FALSE,2,Clean,N/A,"Lifestyle, Home & Tech
💌mannyreviewstech@gmail.com",,634,63.6K,N/A
2026-07-29 7:45:12,MS4wLjABAAAAm4KcigiaVzgb2lD4wOQ8nqXJ2fi-utr1nXrxuZOZ3Uetvf2894NBKcmX86iy52cV,Anti blue progressive Far And Near Dual-Use Reading Glasses,https://www.tiktok.com/@MS4wLjABAAAAm4KcigiaVzgb2lD4wOQ8nqXJ2fi-utr1nXrxuZOZ3Uetvf2894NBKcmX86iy52cV/video/7613045935756545281?is_from_webapp=1&sender_device=pc,N/A,160,3,35,TRUE,2,Suspicious,N/A,No bio yet.,https://forcozy.pro/products/sapphire-hgh-faf-1?utm_source=tiktok&utm_id=1854979539681586&utm_campaign=%E3%80%90FORCOZY-PRO%E3%80%91L50%2BLF42146942%2B%E7%9C%BC%E9%95%9C&utm_medium=paid&ttclid=E_C_P_CtMBXsNPRVJ0IEEYolAfuVFvSsl98clcFX5fUJPBtrq8PsPO1O7ua9Y7F44-kguK9CLTBTd1UzeEj3hIfvrG8CcMI4OF_xYOgpsOnC6Hr9vsv5y7FLnspxYgWASg8y7q5vxlgcEf-rkW69RhyM5FBbb9rtFVf1GSyOY67EbR_J5wcJBWArt0u76l_drP6XXfZ34yP-6y8edG7YyNqNmByl6FtWjG5SXj2KAzcgHekrhyKhhTu0cp72NeyeqEf24-QJ0CifwDvnxlhfEEkmVU-FeNet1x2BIEdjIuMA,0,358,N/A
2026-07-29 7:45:31,tabootv_content,Ticket for what 🇦🇫 ? #fyp #afghanistan #funny @mattshoetravel #tabootv,https://www.tiktok.com/@tabootv_content/video/7650060131744517396?is_from_webapp=1&sender_device=pc,"#fyp, #afghanistan, #funny, #tabootv",2.3M,10.2K,363.6K,FALSE,4,Clean,N/A,"Taboo fan page
⬇️ Watch the raw and uncut version ⬇️",https://www.tiktok.com/link/v2?aid=1988&lang=en&scene=bio_url&target=https%3A%2F%2Ftaboo.tv%3Fref%3D7pwdtj,28.2K,3.4M,N/A
2026-07-29 7:45:51,profesora.ruby2,#😂😂 #jajaja #tiktok #Viral #humortiktok,https://www.tiktok.com/@profesora.ruby2/video/7667004587106192661?is_from_webapp=1&sender_device=pc,"#😂😂, #jajaja, #tiktok, #Viral, #humortiktok",24.5K,1526,10.7K,FALSE,0,Clean,N/A,"Profesora matemática
Enfermera",,30.6K,825.3K,N/A
2026-07-29 7:46:11,tk_shop0001,Your everyday wallet just got smarter with RFID protection and quick card access,https://www.tiktok.com/@tk_shop0001/video/7666665026694024461?is_from_webapp=1&sender_device=pc,N/A,30,0,3,TRUE,7,Probable Scam,Keyword: 'shop',"💕Focus On Materials
⬇️our website⬇️",https://luukye.com/products/airtag-wallet?utm_source=tiktok&utm_id=1871743674558737&utm_campaign=%2040%E5%9B%BDLC36LI20257622%E7%94%B7%E5%A3%AB%E9%92%B1%E5%8C%85%2BV1-10&utm_medium=paid&ttclid=E_C_P_CtMBmDxJ6C8YGLgptVCs7grVK4bpsJnaembg-ByXVxeBW_MpjTGjbWi0a267AJJYR0miC2_VPQpzGebCtdulNriyXgR30sxYu6mbgzKI1wnIEXW0pODz5uOorsISbst-Ixnb5SN7TTnbfv_yokt-rnUdpfll4EEcQnP2K-xBiApTIMVaI8j09lWL5xJnaE09rRq76XERgA5yFjFake1R3nn65hx2qRvc8CLCToIHmi3if7FEbu5UbI_f64gihE7j35iuUDnY2HFnkyIRaCqIdhN8Of0sjxIEdjIuMA,65.9K,343.7K,N/A
2026-07-29 7:48:11,sparrowsheir,i love this woman🫠 #penelopecruz,https://www.tiktok.com/@sparrowsheir/video/7636489648369421575?is_from_webapp=1&sender_device=pc,#penelopecruz,6924,29,193,FALSE,2,Suspicious,Keyword: 'ws',"𓆞
iki balık var, suyu arayan
𓆟",,1088,236.3K,N/A
2026-07-29 7:48:40,saranana7,This is@Ora Gem Studio #fyp #energy #crystals #bracelet #gift,https://www.tiktok.com/@saranana7/video/7663094826673458452?is_from_webapp=1&sender_device=pc,"#fyp, #energy, #crystals, #bracelet, #gift",194,160,103,FALSE,3,Low Risk,N/A,"@Ora Gem Studio OraGem exists for those who seek meaning beyond appearance for those who wear presence, not just jewelry. We believe in resonance!Rare.Real",https://www.tiktok.com/link/v2?aid=1988&lang=en&scene=bio_url&target=www.oragemstudio.com,9026,126.4K,N/A
2026-07-29 7:49:01,thewatchkingnyc,SOMEONE LISTENS 👂👂 #watch #watchcollector #jewelry #watchmania #viral,https://www.tiktok.com/@thewatchkingnyc/video/7665845621525433614?is_from_webapp=1&sender_device=pc,"#watch, #watchcollector, #jewelry, #watchmania, #viral",3118,9,29,FALSE,8,Probable Scam,"Keyword: 'watch', Hashtag: '#watch'","Day in the life of a watch wholesaler
📍 13 W 47th Street New York, NY
10036",https://www.tiktok.com/link/v2?aid=1988&lang=en&scene=bio_url&target=https%3A%2F%2Fwww.tiktok.com%2F%40thewatchkingnyc_2.0%3F_t%3D8ph0GpgBsE6%26_r%3D1,712.2K,21.3M,N/A
2026-07-29 7:51:01,discount_store_2026,Flash Sale for : Vintage Boxes: Get Yours for $16.99! ✈️🌎,,N/A,9,,,TRUE,5,Suspicious,N/A,No bio yet.,https://tarawearry.com/collections/mystery-boxes?variant=523CVF&utm_source=tiktok&utm_id=1871978146044946&utm_campaign=5327%20%E5%A4%8D%E5%8F%A4%E7%9B%92%E5%AD%90&utm_medium=paid&ttclid=E_C_P_CtMBRQ3Qj8lJPxChNDMpr0BRxlMnHdsSKT_OtVPPSGAZ2pTIa7NpGYrdIKlPMy_LPxQXdpD6xo00TJlpDPZ-Qq6IQ03roHo_ZSDuAQDpEu1VjTL_OZE9183xeKUDzfKJjo8-qhNxpCbgnGDJBNa2t5D-BItgT1Pd3HAZvyYM1b2NpgX1Sfmqv5gkERXU0uszLdrnCvAFOJfE4dwXhem6X58RNPBD9z13JeeTkHLqRzTS7TfTWoThf_veLBSZxmKBEQHoS8e9mO7j_e7VsNM_Pd1y8c1aIRIEdjIuMA,1939,52.4K,N/A
2026-07-29 7:51:20,brooklynwilson_,#camaro1le #bfcar,https://www.tiktok.com/@brooklynwilson_/video/7655919440181103885?is_from_webapp=1&sender_device=pc,"#camaro1le, #bfcar",241.2K,159,7803,FALSE,0,Clean,N/A,@brook💪🏼,,1797,369.7K,N/A
2026-07-29 7:51:40,kimjongun079,#Putin #VladimirPutin #Respect #Humanity #Aura,https://www.tiktok.com/@kimjongun079/video/7650577949304933665?is_from_webapp=1&sender_device=pc,"#Putin, #VladimirPutin, #Respect, #Humanity, #Aura",537.2K,2847,3640,FALSE,0,Clean,N/A,"Politics, geopolitics, and truth behind world events. Stay informed.",,134.5K,2.1M,N/A
2026-07-29 7:52:00,cascalia_,With you everywhere | The Caratello - built for timeless style. Make it yours → www.cascalia.com,https://www.tiktok.com/@cascalia_/video/7561533056729746710?is_from_webapp=1&sender_device=pc,N/A,2121,4,14,TRUE,3,Low Risk,N/A,"Forever a part of you

Cascalia.com",https://cascalia.com/collections/watches?tt_campaignid=1826304332941425&utm_campaign=CT%20WATCHES&utm_id=1826304332941425&utm_medium=paid&utm_source=tiktok&ttclid=E_C_P_CtIBqVFeXqKsm7nxLRgFrv9GZkqnCTyt2MPbhOo-TJhU8gAYYx7nPXzzsvCV0YErSNuFfOgdI4ZvCBQBkpROtY7k3XtRK1ZG3cv39z0MAiJfpn0cQ3r4jy40H_XpIjJeo4GACaWET3r1L4u3GVGbtC4YDB886ti_sgFk9pPmr0Z8UNpaYdLhVwf0ZI-uWbzESJaK4TDC6MM2aMLWrYLkazmEzUixDfno0sgNdRAveHnGiEOOgfyH5uFinMdrkcKtI9494lM55mg6gp1sQ7O_63M681rREgR2Mi4w,1852,3705,N/A
2026-07-29 7:52:20,houseoftime.uk,Would you buy a RM 030?,https://www.tiktok.com/@houseoftime.uk/video/7642427166482877718?is_from_webapp=1&sender_device=pc,N/A,427,4,34,FALSE,6,Probable Scam,Keyword: 'buy',"Uk based watch trader
Instagram @houseoftimeuk",,4996,498.6K,N/A
2026-07-29 7:54:20,elliottr,#fyp #zante she never went Zante btw,https://www.tiktok.com/@elliottr/video/7666485964612668694?is_from_webapp=1&sender_device=pc,"#fyp, #zante",348.2K,2269,13.5K,FALSE,0,Clean,N/A,"Insta- elliottr01
Email - ripleyelliott945@gmail.com",,4097,512.9K,N/A
2026-07-29 7:54:39,virgin_hotels,We love your furry friends! Your pets stay for free at participating Virgin Hotels.,https://www.tiktok.com/@virgin_hotels/video/7649409723560742158?is_from_webapp=1&sender_device=pc,N/A,1572,10,15,TRUE,3,Low Risk,N/A,Hip hotel seeks guest for long-term relationship. #VirginHotels 🦄,https://virginhotels.com/offers/vipets-stay/?utm_source=tiktok&utm_id=1867470604044577&utm_campaign=cq%3Acorporate-evergreen_ch%3Atiktok_ct%3Apurchases_ob%3Aprospecting_ho%3Acorporate_ro%3Arooms_c1%3A_da%3A06.08.2026_jump&utm_medium=cpc&ttclid=E_C_P_CtMBEefbvIXwgb4eIC3rXzxR78yasjF-cl2TxUFDWE-9cBG46D7wZEs8R9eDO70-0YBGbtS90wxAz4u9Kk49AmsPYr36YJ_6KDVMwYEaJWA1yeGM9DDY6we59ZX-QRQOT0Iz-oLHLQKI3J9AhndWA6bGgIOa0_DcaBwcnCP5t_7lM0IVjbTDsRK_R7pqKpZLBy3x5UUrxv-yhvVSiqMVPSzHm439YAWUyejej9Lm2_JozWFBCCRy2g-K0pjtJriq7TIAI0C0Rxi98ePFqdkHcx0u0ol5XBIEdjIuMA,1959,6070,N/A
2026-07-29 7:55:16,.dunoir,Du Noir Bracelets: Elevate Your Style Effortlessly,https://www.tiktok.com/@.dunoir/video/7667721191381126422?is_from_webapp=1&sender_device=pc,N/A,1,0,Share,TRUE,5,Suspicious,N/A,Refined essence. Honest luxury.,https://dunoir.co.uk/pages/build-your-stack?utm_source=tiktok&utm_id=1865631545583826&utm_campaign=Lead%20generation20260519083733&utm_medium=paid&tt_campaignid=1865631545583826&ttclid=E_C_P_CtIBSLUg6HpUOxGatwzUvzMmKIQLIDKGIt-3Ntk-3keIdMZsfstOXQoNjjBfSwG02QlbbkxBFV1kZQK-iFBe7R00vIbQYJyxqMfBdWMpTEhsXSzIPhiLWm5wlkoDPr4P58aiPZj06rqpjrmPSS-D74da9UgdgzqFfieuR2IH47XrixfOya2akicz3tb1EtoC2sTBTq5Xzf5UQo-hDvicz8jdlcETJvtlL3LUvfDwj_8neBoDFuvRf9aMak3vvqe4chNQGQIVSzhrtOjokCGBdhkzecVXEgR2Mi4w,313,1081,N/A
2026-07-29 7:55:37,kurdapya0710,Frog: I want to sing too!😝 #fypシ゚viral #frog #funnymomments #trendingvideo #fyp,https://www.tiktok.com/@kurdapya0710/video/7651632317638675729?is_from_webapp=1&sender_device=pc,"#fypシ゚viral, #frog, #funnymomments, #trendingvideo, #fyp",2.8M,7749,279.1K,FALSE,0,Clean,N/A,This account is fan page to all my favourite artist and character do not report pls🙏🇮🇹🐑,,41K,3M,N/A
2026-07-29 7:55:57,babe_mobile,unboxing iphone17 mist blue🫧🌧️ #fyp #fypシ゚viral #fyppppppppppppppppppppppp #iphone #unboxing,https://www.tiktok.com/@babe_mobile/video/7641337244208434440?is_from_webapp=1&sender_device=pc,"#fyp, #fypシ゚viral, #fyppppppppppppppppppppppp, #iphone, #unboxing",63.6K,150,3843,FALSE,1,Low Risk,Hashtag: '#unboxing',"ig : babe_mobile
(ไม่มีเพจfb)",,42.4K,14.3M,N/A
2026-07-29 7:56:17,user907325294,#watch #horology #hublot #grandseiko #luxurywatch,https://www.tiktok.com/@user907325294/video/7657367501508070687?is_from_webapp=1&sender_device=pc,"#watch, #horology, #hublot, #grandseiko, #luxurywatch",1168,138,20,FALSE,6,Probable Scam,"Keyword: 'luxury', Keyword: 'watch', Hashtag: '#watch', Hashtag: '#luxury'",,,,,N/A
2026-07-29 7:58:20,rexyanggggg,💫Pretty Carry Co.💫 Handpicked luxury stylesbags & jewelry Tap the link to browse the collection Message us for details & availability 💫Pretty Carry Co.💫 Handpicked luxury styles shoes Tap the link to browse the collection Message us for details & availability #bag #luxurybags #luxury #luxurylife,https://www.tiktok.com/@rexyanggggg/video/7626119820613930254?is_from_webapp=1&sender_device=pc,"#bag, #luxurybags, #luxury, #luxurylife",6804,70,156,TRUE,13,Almost Certainly a Scam,"Keyword: 'bag', Keyword: 'luxury', Keyword: 'shoes', Keyword: 'link', Keyword: 'ws', Hashtag: '#luxury'","Share best bag and also doing best videos
👇Call and Email👇",https://lunaaa.taplink.bio?utm_source=tiktok&utm_id=1871819394532385&utm_campaign=27%20July%20Rex-luna%2001&utm_medium=paid&ttclid=E_C_P_CtIBYr7cubxGes6A4PUTB2TL4KY2YUCfsfaDtOQdXcWYEeBAyAJUsMMTLvOIGxKyWto48EAEz5nXrG2s5W_IeQQoCOuWKdVEF4NXkNaLJYaURnP4b5jkw75lxLQiW1-QV3H1Q7TZeQK3qb7OMrZnTFGjZSlaAIE3vNZKx5SU4vAGQCbIJsRjX5afGJ0VomINAAFWvG1euwOouYe-eL_CwVL4v4wHvvP06WVAY-NcCcoQHroJ_irwtPOH2YxQslgM_R7XSwibADZCloOTfYw-aNBP3aDLEgR2Mi4w,16.2K,139.1K,N/A
2026-07-29 8:00:20,e_r_o_s11,Genuinely wtf #creatorsearchinsights #dontflop #blowthisupforme,https://www.tiktok.com/@e_r_o_s11/video/7663061866612067606?is_from_webapp=1&sender_device=pc,"#creatorsearchinsights, #dontflop, #blowthisupforme",204.5K,6858,9255,FALSE,2,Clean,N/A,"My love: @bbelxved❤️❤️😋
Goal 2m views 😋🤤",,1262,208K,N/A
2026-07-29 8:00:49,vookum,Vookum and Pareng Hayb attempt to sell a Rolex Datejust with a salmon dial to Benny Mazalito! #rolex #watches #business,https://www.tiktok.com/@vookum/video/7635510410736569631?is_from_webapp=1&sender_device=pc,"#rolex, #watches, #business",32.8K,50,316,FALSE,10,Probable Scam,"Keyword: 'rolex', Keyword: 'watch', Hashtag: '#watch', Hashtag: '#watches'","YouTuber - Watches & Jewelry Business
# 1 Live Seller On The Internet
⚠️ Beware of impersonation scams (Facebook & telegram)",https://www.tiktok.com/link/v2?aid=1988&lang=en&scene=bio_url&target=https%3A%2F%2Fyoutube.com%2F%40vookummedia%3Fsi%3DUzhPc5_fwl9YWrK8,2.5M,69.8M,N/A
2026-07-29 8:02:50,yihengshixiong,Make a wish #crystalbracelet #crystal #diy #jewelry #crystalhealing,https://www.tiktok.com/@yihengshixiong/video/7659824242514595090?is_from_webapp=1&sender_device=pc,"#rolex, #watches, #business, #crystalbracelet, #crystal, #diy, #jewelry, #crystalhealing",1616,1168,173,FALSE,2,Suspicious,"Hashtag: '#watch', Hashtag: '#watches'","Tailor made bracelets/life report reading
Fengshui/Bazi/Marriage/Career/Ritual/Horoscope
五行水晶訂製🔮 生辰手串訂製
事業/感情/運勢/健康",,1691,40.8K,N/A
2026-07-29 8:03:10,byjackprice,"Building the same app with Grok 4.5 and Opus 4.8. Comment ""Cursor"" and I'll DM you a link to get 50% off your first month of Cursor and doubling the Grok 4.5 usage for the first week. #cursorpartner #coding",,"#cursorpartner, #coding",14.4K,,,TRUE,8,Probable Scam,"Keyword: 'dm', Keyword: 'link'","20🇨🇦
Trying to make tech and AI sound simple
Jack of some trades",https://cursor.com/grok-4-5?utm_source=tiktok_paid&utm_medium=paid&utm_campaign=%5BPurchase%5D_Prospecting_Evergreen_Max-Conversions%20-%20%5BCore%20T1%5D%20-%20%5BGrok%204.5%5D&utm_content=Building%20the%20same%20app%20with%20Grok%204.5%20and%20Opus%204.8.%20Comment%20%22Cursor%22%20and%20I%27ll%20DM%20you%20a%20link%20to%20get%2050%25%20off%20your%20first%20month%20of%20Cursor%20and%20doubling%20the%20Grok%204.5%20usage%20for%20the%20first%20week.%20%20%23cursorpartner%20%23coding%20_%5B263%5D%20-%20UGC%20-%20Partnership%20-%20Jack%20Price%20-%20Opus%204.8%20vs%20Grok%204.5%20-%20App%20Fridge%20-%20EN%20-%20Grok%204.5%20Page&cc_adgroupid=1871265274097841&cc_adid=1871265335895154&utm_id=1871265131709585&cc_term=Purchase_Prospecting_Consolidated_US%7CCA%7CUK&ttclid=E_C_P_CtQBK6oiDd_oZ-d-hUCW9E-ySyvkM73T9Y2jD-EBLTzULgMQtLKrgUIUM3zW1g0U8PFzSyTHc0cx7aWkSgHgungyw7fQXCJ5Vd2mqsKXL7qXPC_-u77hKOq2ZBJKMkr746lNb2-dNAiASwo3WpVMC9aAz9py74Jx9WO7_-kvznqABla582orV9H3VkBMkjM7cdLHgQH3sqYA-7tuJCJp7iUFIouJLU6MTDzofF0S5GzQM4ZWC1Pys7wc7luTgPcaTB_OhGaiAvdOLVM6TkA_6aGJ_ruzfmsSBHYyLjA,26.4K,251.8K,N/A
2026-07-29 8:05:10,shantismh,Lol #car #detailing #crush,https://www.tiktok.com/@shantismh/video/7644948483236957470?is_from_webapp=1&sender_device=pc,"#car, #detailing, #crush",2.3M,2711,22.8K,FALSE,0,Clean,N/A,"NY
22
ig: shanti.jones",,8658,2.6M,N/A
2026-07-29 8:05:30,werger.foiles,"Green sunburst dial with the gold fluted bezel hits different. ✨💚Classic, elegant, and impossible to ignore.A Day-Date doesn’t need attention —the presence speaks for itself. #LuxuryWatch #timepieces #luxurystyle #fyp #unbox",https://www.tiktok.com/@werger.foiles/video/7643320727147482401?is_from_webapp=1&sender_device=pc,N/A,16.9K,48,895,FALSE,12,Probable Scam,"Keyword: 'luxury', Keyword: 'watch'","Which watch fits your vibe? ⌚
👇 Tap to see more: WhatsApp
Link: kernel.bio.link",https://www.tiktok.com/link/v2?aid=1988&lang=en&scene=bio_url&target=Kernel.bio.link,4919,229.5K,N/A
2026-07-29 8:07:29,lucia.w0o,"Comment LOVART DESIGN, I’ll send you the mass production prompts through dm 📜 or Comment LOVART FONT for the reference deck 🗃️ How to fix a clunky vlog thumbnail by Agent Automation that is Actually Pretty 🧐 <STEP 1. VLOG TITLES> 1. Open Lovart Canvas @LovartAI 2. Put font references and tap Font Generator 3. Tap Generate *No Prompt needed 4. BAMM💥 Use the generated font to get the actual vibe you want 🔥 <STEP 2. BUILD DESIGN SYSTEM> 1. Download the thumbnail you made from the canvas 2. Open Lovart Brand Kit and put the thumbnail image 3. Create Project with the Brand Kit *No Prompt needed 4. BAMM💥 <STEP 3. MASS PRODUCING TIME> 1. Open Lovart Canvas and dump my vlog photos *No need to crop or arrange the size, any size including 3:4, 16:9, 1:1 is fine 2. Select them and paste the prompt 3. Vlog thumbnails are ready💥 4. Select the generated vlog thumbnails and paste the sizing prompt 5. Vlog thumbnails for every platforms are ready💥 You can also get 45% OFF now in Lovart✨ #BuiltWithLovart #AiDesign #AIBranding #aitutorial #designer VibeDesign AItrend AIPrompts AIDesign AITools",https://www.tiktok.com/@lucia.w0o/video/7647920658910956814?is_from_webapp=1&sender_device=pc,"#LuxuryWatch, #timepieces, #luxurystyle, #fyp, #unbox",704,1,1,TRUE,8,Almost Certainly a Scam,"Keyword: 'dm', Keyword: '1:1', Hashtag: '#luxury'","📍nyc / seoul
tech🌀 ai🤖 photography📸 editing🎬
easy peasy tutorials and yapping

IG 70k @lucia.w0o",https://www.lovart.ai/?sourceid=910397&utm_source=tiktok&utm_campaign=ZT_WZ_910397_Lovart_pc_TT_260714_T1_web_kol_shi_tcpa_purchase&utm_id=1870698485830849&utm_medium=paid_social&af_adset=T1-spark-purchase-01&af_adset_id=1870700189815954&utm_content=KOL_lucia.w0o&af_ad_id=1870700405435441&placement=__PLACEMENT&creative=Comment%20LOVART%20DESIGN%2C%20I%E2%80%99ll%20send%20you%20the%20mass%20production%20prompts%20through%20dm%20%F0%9F%93%9C%20or%20Comment%20LOVART%20FONT%20for%20the%20reference%20deck%20%F0%9F%97%83%EF%B8%8F%20How%20to%20fix%20a%20clunky%20vlog%20thumbnail%20by%20Agent%20Automation%20that%20is%20Actually%20Pretty%20%F0%9F%A7%90%20%3CSTEP%201.%20VLOG%20TITLES%3E%201.%20Open%20Lovart%20Canvas%C2%A0%40LovartAI%20%202.%20Put%20font%20references%20and%20tap%20Font%20Generator%203.%20Tap%20Generate%20%2ANo%20Prompt%20needed%204.%20BAMM%F0%9F%92%A5%20Use%20the%20generated%20font%20to%20get%20the%20actual%20vibe%20you%20want%20%F0%9F%94%A5%20%3CSTEP%202.%20BUILD%20DESIGN%20SYSTEM%3E%201.%20Download%20the%20thumbnail%20you%20made%20from%20the%20canvas%202.%20Open%20Lovart%20Brand&ttclid=E_C_P_CtMBigOLut2zqmK8SQ2JqyTxjxjUvmhWr3iGpjN2FF65sZJQUmZ2uUCtbyBvmbOHfXj399NLwiTi3apA1P5fnwqJbGKoc0zubvxw3XWfuAsyTHs-pP6vE6IVZpruIdBGvNn1IqH1etxx_SZdYU9VXf3a7JuypMzVEAEp7ADNono6HxuZKHZO22aJvrHw8o7Syk4RRKRHy4w6aT_anmcq-yREqPyfx6qsBiYRvhpl1kST7HJujICJWaVzhaj5OhYnFKI7EFSo4EiVT-30eLTcU8c6v-xpcxIEdjIuMA,2138,145.8K,N/A
2026-07-29 8:09:29,anaysabel158,#fyp #viral #funnyvideo #humor #parati,https://www.tiktok.com/@anaysabel158/video/7649079804339309838?is_from_webapp=1&sender_device=pc,"#BuiltWithLovart, #AiDesign, #AIBranding, #aitutorial, #designer, #fyp, #viral, #funnyvideo, #humor, #parati",25.5K,424,38K,FALSE,2,Clean,N/A,Clapper: @Anaysabel127.,https://www.tiktok.com/link/v2?aid=1988&lang=en&scene=bio_url&target=https%3A%2F%2Fwww.facebook.com%2Fshare%2F183qABwpE1%2F%3Fmibextid%3DwwXIfr,67.7K,1.5M,N/A
2026-07-29 8:09:49,usa.funny.7861,#BalliBotMogis #TrendingReels #TrendingReels #Foryoupage # #FYP #FYP #ViralTikTok #MillionViews #TechMagic #SmartBot #AITrend #RobotVibes #Innovation,https://www.tiktok.com/@usa.funny.7861/video/7656685272368680223?is_from_webapp=1&sender_device=pc,"#BalliBotMogis, #TrendingReels, #TrendingReels, #Foryoupage, #FYP, #FYP, #ViralTikTok, #MillionViews, #TechMagic, #SmartBot, #AITrend, #RobotVibes, #Innovation",21.7K,113,416,FALSE,2,Suspicious,Keyword: 'ws',116k please follow 🙏👩‍❤️‍👨💯🙏please follow me 🥰1M😘,,64.7K,542.2K,N/A
2026-07-29 8:10:09,sava.amsterdam,BIGGEST SALE OF THE YEAR,https://www.tiktok.com/@sava.amsterdam/video/7576996021553712406?is_from_webapp=1&sender_device=pc,N/A,88,0,1,TRUE,5,Suspicious,N/A,Based in Amsterdam. Crafted by two brothers.,https://sava-amsterdam.com/products/cross-chain?utm_source=tiktok&utm_medium=paid&utm_id=1848629582426290&utm_campaign=Silver%20Cross%20Chain%20-%20Conversions%20-%20ROAS%201.2%20-%20CPP%20%E2%82%AC42&ttclid=E_C_P_CtIBh5QTB4Ik01YVoD2heyoXHGutR3xI5PM8cxkzicQQEyMR21f8jISx0MgMaYyrv_--cwCIUfU5OCLeKKjr9brp4Oxl3LfrjvTKAucDHoUVQias6srE_t7p9HEclp8F2Hwh_0Mu99OOtShO3OfcF1gBgxi7T4kwUENNk3flkaCdft5sljj7Qxa_Jw9dEiunvetPTpdIq_If-k0S_3FpBgcXr7UDheMklWr59YOdnsmhRYMgyURdaIs25VkvsIOAMuxZPgLi_WlCDxgQ4mW1Qjk_PrrsEgR2Mi4w,13.1K,227.4K,N/A
2026-07-29 8:10:46,crescentwatchguys,"Risking it all with your watch? Vintage or modern, swim at your own peril. Water resistance is not a guarantee, especially over time. #WatchTips #VintageWatch #DiveWatch #WatchEnthusiast #LuxuryWatch",https://www.tiktok.com/@crescentwatchguys/video/7666217510521359629?is_from_webapp=1&sender_device=pc,N/A,130,30,7,FALSE,7,Probable Scam,"Keyword: 'luxury', Keyword: 'watch'","⌚️ Houston’s Premier Dealer for Rolex, Cartier, Panerai & MORE!",,678,5941,N/A
2026-07-29 8:12:47,loganisfunny4,"Risking it all with your watch? Vintage or modern, swim at your own peril. Water resistance is not a guarantee, especially over time. #WatchTips #VintageWatch #DiveWatch #WatchEnthusiast #LuxuryWatch",https://www.tiktok.com/@loganisfunny4/video/7645529454948699405?is_from_webapp=1&sender_device=pc,"#WatchTips, #VintageWatch, #DiveWatch, #WatchEnthusiast, #LuxuryWatch, #fyp, #xyzbca, #relatable, #bsf, #ilysm",8.7M,41.1K,271.1K,FALSE,6,Probable Scam,"Keyword: 'luxury', Keyword: 'watch', Hashtag: '#watch', Hashtag: '#luxury'","give away at 100k
👻loganq78
insta:aguila.logan
work:aguilalogan89@gmail.com",,35.8K,9.3M,N/A
2026-07-29 8:14:47,lunalavish,"80% off, sale ends at midnight",https://www.tiktok.com/@lunalavish/video/7667741233787276564?is_from_webapp=1&sender_device=pc,N/A,0,,Share,TRUE,3,Suspicious,N/A,No bio yet.,https://lunalavish.co/products/fashion-vintage-sunglasses-for-women-rimless-frameless-rectangle-shades-gradient-uv400-summer-traveling-sun-glasses-for-womenn?ttclid=E_C_P_CtMBSjHXYRt-3fdiY9hpbHizLaBvQD1ESeJzBLg1SjBcaS9SmsjmFZ22dT6JhpXYhIvDJbXh-mhg6PdrLJXv2BYBSh4Glnub-VbzI9p4p5LPRAsdsNxDAj_fCmgBVgYqAYOTFP3VX9uUFlcrVN2jyRvClQubPn5LsIZbJhPFX60EqiAhbKC06LAsLEWriZIi1NynyfZZNeJ5xmWs82JBLmdDsI2-CmDo1h4rCrNOtMSopJ-HUCm5jOYAygb99Yv7NQOhfxTbzlyIg4Yba6Ur0abOtBoxqRIEdjIuMA,32,1906,N/A
2026-07-29 8:30:16,thewatchkingnyc,I WISH IT WAS THIS I WISH IT WAS THAT 🙈🙈 #watch #watchcollector #jewelry #watchmania #viral,https://www.tiktok.com/@thewatchkingnyc/video/7654306579797363981?is_from_webapp=1&sender_device=pc,"#watch, #watchcollector, #jewelry, #watchmania, #viral",4178,34,63,FALSE,7,Suspicious,"Keyword: 'watch', Hashtag: '#watch'","Day in the life of a watch wholesaler
📍 13 W 47th Street New York, NY
10036",https://www.tiktok.com/link/v2?aid=1988&lang=en&scene=bio_url&target=https%3A%2F%2Fwww.tiktok.com%2F%40thewatchkingnyc_2.0%3F_t%3D8ph0GpgBsE6%26_r%3D1,712.2K,21.3M,N/A
2026-07-29 8:32:18,jarreknxfco,Don’t miss it #tiktokshop #fyp #TikTokShopHolidayHaul #makeup #brushholder,https://www.tiktok.com/@jarreknxfco/video/7649341730633927950?is_from_webapp=1&sender_device=pc,"#tiktokshop, #fyp, #TikTokShopHolidayHaul, #makeup, #brushholder",914,265,114,FALSE,3,Suspicious,Keyword: 'shop',No bio yet.,,32K,254.3K,N/A
2026-07-29 8:32:47,hewson.kaur,"Rolex Day-Date 40 (DD)Reference: M228235-000340mm｜18K Everose Gold｜Chocolate Brown DialA true classic that speaks for itself.As one of Rolex’s most prestigious dress watch collections,the Day-Date has long represented achievement, elegance, and exceptional craftsmanship.The 40mm 18K Everose Gold case delivers a warm and luxurious presence,with a refined shine that changes beautifully under different lighting. #luxurywatch #timepiece #watchtok #unbox #fyp",https://www.tiktok.com/@hewson.kaur/video/7663118281326218518?is_from_webapp=1&sender_device=pc,N/A,784,3,64,FALSE,22,Almost Certainly a Scam,"Keyword: 'luxury', Keyword: 'rolex', Keyword: 'watch', Keyword: 'ws', Phone number in description","⌚ Timeless watches, endless style.
👉 Shop & explore:→ whatsapp
Link:kernel.bio.link",https://www.tiktok.com/link/v2?aid=1988&lang=en&scene=bio_url&target=kernel.bio.link,1088,39.5K,N/A
2026-07-29 8:34:48,spring_crystals7,11:11 angel time ✨ #1111 #crystal #crystalsforsale #crystalhealing #naturalcrystal,https://www.tiktok.com/@spring_crystals7/video/7667521904689155348?is_from_webapp=1&sender_device=pc,"#luxurywatch, #timepiece, #watchtok, #unbox, #fyp, #1111, #crystal, #crystalsforsale, #crystalhealing, #naturalcrystal",259,136,39,FALSE,5,Probable Scam,"Keyword: '1:1', Hashtag: '#watch', Hashtag: '#luxury'",No bio yet.,,747,34.9K,N/A
2026-07-29 8:35:08,Lobosjewelry,Premium jewelry that’s built to last.,https://www.tiktok.com/@Lobosjewelry/video/7625987498006547719?is_from_webapp=1&sender_device=pc,N/A,78,0,2,TRUE,5,Suspicious,N/A,Premium Jewelry 🧊,https://www.lobosjewelry.com/collections/bundles?utm_source=tiktok&utm_id=1805998317176881&utm_campaign=DDU_PROSPECTING_COST%20CAPS&utm_medium=paid_social&tt_campaignid=1805998317176881&utm_term=__ADGROUP_NAME__&utm_content=__AD_NAME__&ttclid=E_C_P_CtMBypXpbF3W71Z_x6QN5LAU50yyCckBRVVULnwaKL2OxZy6JKZvoo7f3PCg7gG1LBNtBQjGwGJy72cATccwK7_EG0XbHA8cDAcHoijt73D3_3ro4FMY0DA_TDaFa4wjhyqutBNiBNoEw_C5KxbdHgTbjrGTd8p2D14aLe0fRlIu-4YJCrB0e6RMdp3Pp5UuwutMJe9pE7uG_9nbuYK48Z3E3GrFNHqlvtnGfwLq6UBbKJMcGDnn3MZEUPh_ufo-QQ1vuh4obS7E_u45hdbD8KkQp7cs8RIEdjIuMA,10.1K,64.2K,N/A
2026-07-29 8:35:28,glitterclitter418,Type of Ubers I only get when I’m violently hungover #uber #getmeoutofhere,https://www.tiktok.com/@glitterclitter418/video/7661075619878325517?is_from_webapp=1&sender_device=pc,"#uber, #getmeoutofhere",6.3M,33.8K,1M,FALSE,0,Clean,N/A,"sober asf as of recently
spam",,10.4K,6.3M,N/A
2026-07-29 8:35:49,thewatchkingnyc,IF IT DOESNT WORK OUT BRING BACK TO ME 😝😝 #watch #watchcollector #jewelry #watchmania #viral,https://www.tiktok.com/@thewatchkingnyc/video/7636504955926465805?is_from_webapp=1&sender_device=pc,"#watch, #watchcollector, #jewelry, #watchmania, #viral",8662,38,52,FALSE,7,Suspicious,"Keyword: 'watch', Hashtag: '#watch'","Day in the life of a watch wholesaler
📍 13 W 47th Street New York, NY
10036",https://www.tiktok.com/link/v2?aid=1988&lang=en&scene=bio_url&target=https%3A%2F%2Fwww.tiktok.com%2F%40thewatchkingnyc_2.0%3F_t%3D8ph0GpgBsE6%26_r%3D1,712.2K,21.3M,N/A
2026-07-29 8:37:50,Lobosjewelry,Buy once. Wear forever.,https://www.tiktok.com/@Lobosjewelry/video/7647963237949918465?is_from_webapp=1&sender_device=pc,N/A,19,0,Share,TRUE,7,Probable Scam,Keyword: 'buy',Premium Jewelry 🧊,https://www.lobosjewelry.com/collections/bundles?utm_source=tiktok&utm_id=1805998317176881&utm_campaign=DDU_PROSPECTING_COST%20CAPS&utm_medium=paid_social&tt_campaignid=1805998317176881&utm_term=__ADGROUP_NAME__&utm_content=__AD_NAME__&ttclid=E_C_P_CtMBo04YRgw5PogDEx9eC94rrnL1bOQ4BnHdMVdRsQB6nJsOKy2CFgqNm5No7znk49CbDw-EdRVcypCbJrsb66SZsRHlwk5oGNQRg97nbyTb6a8yDPcUD356Vf2h3NoDCRkciRvF1Q50q8eHJr96WfdWt0KVlvb0p9i1bRxnZuWD7ziSGln0FVF8M9NhsnLnIY-f5DMu7d3pHMPZBtoaRtc8I17QQ3GgwqLAHcEjhzvOBNsnayj_1dezplDes7ujZO43OdAL9agxw8wKZPavzpjH4CrcsBIEdjIuMA,10.1K,64.2K,N/A
2026-07-29 8:39:50,laurabora123,POV: Your older sister always has to steal the spotlight even during your Wedding Welcome Party @Erica Spencer #weddingtiktok #bridal #MomsofTikTok #italy #fail,https://www.tiktok.com/@laurabora123/video/7644052172140825886?is_from_webapp=1&sender_device=pc,"#weddingtiktok, #bridal",150.6K,1204,2373,FALSE,0,Clean,N/A,"📍Orange County, CA",,647,221.4K,N/A
2026-07-29 8:40:10,thehalohouseco,$12 today + free shipping!,https://www.tiktok.com/@thehalohouseco/video/7667693454067010829?is_from_webapp=1&sender_device=pc,"#weddingtiktok, #bridal, #MomsofTikTok, #italy, #fail",5,,2,TRUE,3,Suspicious,N/A,No bio yet.,https://thehalohouse.co/products/cute-dancing-and-talking-cactus-toy?ttclid=E_C_P_CtMB12bZC5IkiaMO7A694aunrC9CQZcdrcEa7ZPaGMfnVYSCjiw1ZdhZJR2Vqu3vkVJtWv3W8wSGePT4absw5YVybtY11oDlf4T4akc6kMdZ7laAkUCqO5RhaJYcZlGE8RQOnL5eapBpb3LSyfou5mJE2ryvX484xBHeBiB9eyek-kUytylxOnkbCGa_K_RT80LfFulXJsYGZ-PVFINLHLCgpIR-Bwd-ygvcFw_cIHXYzyhWlgVZelUHzE6Hw98f4Ne6ob0GSfBnSd-5KN_vqTop-YkQOxIEdjIuMA,51,3256,N/A
2026-07-29 8:40:30,user907325294,#watch #horology #rolex #grandseiko #luxurywatch,https://www.tiktok.com/@user907325294/video/7656935130879069470?is_from_webapp=1&sender_device=pc,"#watch, #horology, #rolex, #grandseiko, #luxurywatch",262,49,5,FALSE,9,Almost Certainly a Scam,"Keyword: 'luxury', Keyword: 'rolex', Keyword: 'watch', Hashtag: '#watch', Hashtag: '#luxury'",,,,,N/A
2026-07-29 8:42:34,thereal.onii,,https://www.tiktok.com/@thereal.onii/video/7660764220685831457?is_from_webapp=1&sender_device=pc,N/A,25.4K,104,539,FALSE,6,Clean,N/A,"DM FOR COLLAB
collab.therealoni@gmail.com
KICK: Therealonii",https://www.tiktok.com/link/v2?aid=1988&lang=en&scene=bio_url&target=https%3A%2F%2Flinktr.ee%2FThereal.oni,90.5K,5.9M,N/A
2026-07-29 8:44:33,legitgrails,Confirm authenticity of your designer items with LegitGrails. Get started right away!,https://www.tiktok.com/@legitgrails/video/7664903706218876182?is_from_webapp=1&sender_device=pc,N/A,10,0,3,TRUE,7,Suspicious,N/A,"🔍 Luxury Item Authentication 24/7
👇 Get 15% Off First Authentication",https://legitgrails.com/?utm_source=tiktok&utm_campaign=prosp&utm_medium=paid_social&utm_content=ad&ttclid=E_C_P_CtMBNJpCToyX07qK3E0lWWZZlULuLwIRKa4OoRtIaZaumNuK23LhMgusnWWQrMpjE4_Bxap3LJnU6FOYHiIdd2Zr18MSiRiNCoQSIWkABMwdIV5678qu6ArFb3L8Mm5QFfSwIUZ_5Qua-PZePp97XxTEOCW1gND1g99m9faEbFIzOplaXpVkn2rmOC2F-UzYb3nyvk2oZGvciyLqUREfuuNxsxgexNmwBchnYHNpOVwFRvWFD9PDmZtCByaevg_l4sdBNgxrfByFuzzIYsnF2iesL6J-EhIEdjIuMA,22.4K,199.9K,N/A
2026-07-29 8:46:33,nellybravo227,,https://www.tiktok.com/@nellybravo227/video/7651470343122504981?is_from_webapp=1&sender_device=pc,N/A,1880,,743,FALSE,1,Low Risk,N/A,No bio yet.,,5754,114.2K,N/A
2026-07-29 8:46:53,thewatchkingnyc,IF IT WAS BLUE 🤪🤪 #watch #watchcollector #jewelry #watchmania #viral,https://www.tiktok.com/@thewatchkingnyc/video/7652835230331604237?is_from_webapp=1&sender_device=pc,"#watch, #watchcollector, #jewelry, #watchmania, #viral",6101,27,101,FALSE,7,Suspicious,"Keyword: 'watch', Hashtag: '#watch'","Day in the life of a watch wholesaler
📍 13 W 47th Street New York, NY
10036",https://www.tiktok.com/link/v2?aid=1988&lang=en&scene=bio_url&target=https%3A%2F%2Fwww.tiktok.com%2F%40thewatchkingnyc_2.0%3F_t%3D8ph0GpgBsE6%26_r%3D1,712.2K,21.3M,N/A
2026-07-29 8:48:54,lunascrystallab,🍀Certainty. #CrystalBracelets #fyp #manifestation #CrystalJewelry #CrystalHealing,https://www.tiktok.com/@lunascrystallab/video/7660137483497245972?is_from_webapp=1&sender_device=pc,"#CrystalBracelets, #fyp, #manifestation, #CrystalJewelry, #CrystalHealing",778,526,163,FALSE,1,Low Risk,N/A,"Lunar-charged crystals to bring you health,wealth &luck. Your daily energy boost. ✨🌙",,1927,47.1K,N/A
2026-07-29 8:49:14,dagz.yap,Omega Aqua Terra #watches #watchtok,https://www.tiktok.com/@dagz.yap/video/7656581849690410254?is_from_webapp=1&sender_device=pc,"#watches, #watchtok",4164,261,41,FALSE,6,Probable Scam,"Keyword: 'watch', Hashtag: '#watch', Hashtag: '#watches'","watches, fragrances, & other essentials
jiu jitsu black belt + golf addict",,2127,114.4K,N/A
2026-07-29 8:51:14,swanandedgar,The Diplomat,https://www.tiktok.com/@swanandedgar/video/7653037851633782038?is_from_webapp=1&sender_device=pc,N/A,186,2,4,TRUE,5,Suspicious,N/A,"Timeless British Elegance
#swanandedgar",https://swanandedgar.com/products/diplomat-black?tw_source=tiktok&tw_adid=1868411849252145&utm_source=tiktok&utm_id=1868411849252113&utm_campaign=MBM%20%7C%20Diplomat%20%7C%20UK%20USA&utm_medium=cpc&utm_content=__ADID_V2_NAME__&ttclid=E_C_P_CtIBAqbzO85dtCtnCK6g9ddh244PVRZALnVrQ4rFDJSTXbCKXB6Gd8Txk5wnXXS2lm-koWaJ9buzDJ-MCwALZ89z9VPCwpizdNmk2bxJ-N6o7fsYMdEu6yE6ZDlkdoJW9kx-U07WKBF54Y9PxtEbfTGD7JcQ1Fk-GyLRgU3mokQ4RSMFPMSEW4hn-5HQByqqzJIOSWW9uUwiF6p4tdkDjWb7aAY4ImTLRgGDg4fAO9PsVY-vbI6bErj8TpSjwKOC0sjC4HtKQitAO9lKi9yl3d6y9LSbEgR2Mi4w,2382,9375,N/A
2026-07-29 8:51:34,mothercantknow,,https://www.tiktok.com/@mothercantknow/video/7644076876700404995?is_from_webapp=1&sender_device=pc,N/A,338K,133,4527,FALSE,0,Clean,N/A,Zaina.sarah,,19.6K,1.5M,N/A
2026-07-29 8:51:55,cachimba987,#🤣🤣🤣 #😂😂😂,https://www.tiktok.com/@cachimba987/video/7652962564166470928?is_from_webapp=1&sender_device=pc,"#🤣🤣🤣, #😂😂😂",13.1K,812,6463,FALSE,0,Clean,N/A,No bio yet.,,1707,103.7K,N/A
2026-07-29 8:52:15,sailyworld,"Every time someone uses your code to get their first Saily eSIM plan, we pay straight into your pot.",https://www.tiktok.com/@sailyworld/video/7657465059995700502?is_from_webapp=1&sender_device=pc,N/A,4890,210,184,TRUE,2,Clean,N/A,The Saily eSIM service – affordable mobile data for every journey!,https://saily.com/creators-program/?utm_source=tiktok&utm_id=1869496145896562&utm_campaign=TT%20%7C%7C%20web%20leads%20%7C%7C%20smart%2B%20%7C%7C%20SAILY%20%7C%7C%20WW%20%7C%7C%20Creator%20Program%20%7C%7C%200107&utm_medium=paid&ttclid=E_C_P_CtMBygA6RaItROWON-pS9BJPhh6i5ajeX-yfNGkkt3gPRqpHFYoWx2kSPQsiBcA4TGHpEZGTPwMSylawrUV3DfD1_Cjc8pChKBM6LBV8mYG_Oj626H6v6kXwyIiwRFY71VPsx0tGSRU8riovgqKua8ia3_7jr2yb7cW3X9uw-2lR2U8szCcPmmt0VcoRQSPWNGwENbA868JCSzCOTku46bUINU0FqxaTUG8OuDDbDwTeSKRpHdDiCoc34Px7saOaiPJgnZ4br6QTtA1mW6l33y79clX7IBIEdjIuMA,123.8K,5.5M,N/A
2026-07-29 8:52:34,loveluxury.com,When you realize your “exclusive” gift isn’t so exclusive anymore 👀🤯 … would you rather keep the bag or take the cash? 💸👜 #FYP #LoveLuxury #Hermèsbags #Luxurybags,https://www.tiktok.com/@loveluxury.com/video/7663218673720544545?is_from_webapp=1&sender_device=pc,N/A,292.5K,398,3211,FALSE,16,Probable Scam,"Keyword: 'bag', Keyword: 'luxury'","9.5 Billion Views Global Luxury Leaders
Hermès Birkin Kelly Watches Jewellery
London 🇬🇧 Dubai 🇦🇪
Buy Sell Consign ↓",https://www.tiktok.com/link/v2?aid=1988&lang=en&scene=bio_url&target=https%3A%2F%2Flinktr.ee%2Floveluxury,5M,247.2M,N/A
2026-07-29 8:54:34,thereal.onii,When you realize your “exclusive” gift isn’t so exclusive anymore 👀🤯 … would you rather keep the bag or take the cash? 💸👜 #FYP #LoveLuxury #Hermèsbags #Luxurybags,https://www.tiktok.com/@thereal.onii/video/7665157815266250017?is_from_webapp=1&sender_device=pc,"#FYP, #LoveLuxury, #Hermèsbags, #Luxurybags",12.2K,55,245,FALSE,11,Probable Scam,"Keyword: 'bag', Keyword: 'luxury', Hashtag: '#luxury'","DM FOR COLLAB
collab.therealoni@gmail.com
KICK: Therealonii",https://www.tiktok.com/link/v2?aid=1988&lang=en&scene=bio_url&target=https%3A%2F%2Flinktr.ee%2FThereal.oni,90.5K,5.9M,N/A
2026-07-29 8:56:35,user5149373502829,Bold Masculine Luxury Watch Limited Savings,https://www.tiktok.com/@user5149373502829/video/7662331085635865876?is_from_webapp=1&sender_device=pc,N/A,20,1,1,TRUE,9,Almost Certainly a Scam,"Keyword: 'luxury', Keyword: 'watch'",No bio yet.,https://xmgtri.com?utm_source=tiktok&utm_id=1870683363677618&utm_campaign=xmgtri%20&utm_medium=paid&ttclid=E_C_P_CtMBUDx3Q7uIsixR4gH-rbp9SEIrZfLBvGjzJy2EnT5W6AJb5f5Rm2uTaDSz8koDyMaGAr74HbiF9wJtUZZjDyvURL-rzqLJaAbB6kXVTBWuWqCbOlx-HiOH4UGioMf0YTMUpi6vF0BlQ53prgfstgHpBMtBsxvyVzUmm-ymWVCCu5neY1iDN491LoibufEnW0T8dx9y0g_dYW0xLMmS90ZJyJY3-h16YmQIFeiquud4Uom5-e34lFsbC6f_odWFV-EMAHnt8StH9hWVyRbI1tbd7XGt3BIEdjIuMA,647,10.3K,N/A
2026-07-29 8:58:35,wristbuddys,"Do you have to pop it out to wind it? Nope. Designed so you can wind it right on your wrist, just like a normal watch. Pop it in and enjoy it all summer ☀️ #foryou #ap #swatch #audemarspiguet #royalpop",https://www.tiktok.com/@wristbuddys/video/7645668789211729174?is_from_webapp=1&sender_device=pc,N/A,3882,34,296,FALSE,4,Suspicious,Keyword: 'watch',We are strapmakers.,https://www.tiktok.com/link/v2?aid=1988&lang=en&scene=bio_url&target=Wristbuddys.com,40.9K,1.1M,N/A
2026-07-29 8:59:03,thewatchkingnyc,BELIEVE IN SECOND CHANCES 😍😍 #watch #watchcollector #jewelry #watchmania #viral,https://www.tiktok.com/@thewatchkingnyc/video/7636151512909090062?is_from_webapp=1&sender_device=pc,"#watch, #watchcollector, #jewelry, #watchmania, #viral",13.2K,53,97,FALSE,7,Suspicious,"Keyword: 'watch', Hashtag: '#watch'","Day in the life of a watch wholesaler
📍 13 W 47th Street New York, NY
10036",https://www.tiktok.com/link/v2?aid=1988&lang=en&scene=bio_url&target=https%3A%2F%2Fwww.tiktok.com%2F%40thewatchkingnyc_2.0%3F_t%3D8ph0GpgBsE6%26_r%3D1,712.2K,21.3M,N/A
2026-07-29 9:01:04,14359704gx6,11:11🔮 #crystaltok🔮 #luckforyou #crystalbracelets #crystalshop,https://www.tiktok.com/@14359704gx6/video/7654546177467239694?is_from_webapp=1&sender_device=pc,"#crystaltok🔮, #luckforyou, #crystalbracelets, #crystalshop",10.3K,3880,1509,FALSE,6,Probable Scam,"Keyword: 'shop', Keyword: '1:1'","Handmade natural crystal bracelets, carry gentle luck with you.✨✨",,425,30.2K,N/A
2026-07-29 9:03:04,cascalia_,With you everywhere | The Caratello - built for timeless style. Make it yours → www.cascalia.com,https://www.tiktok.com/@cascalia_/video/7561533056729763094?is_from_webapp=1&sender_device=pc,N/A,72,2,1,TRUE,5,Suspicious,N/A,"Forever a part of you

Cascalia.com",https://cascalia.com/collections/watches?tt_campaignid=1826304332941425&ttclid=E_C_P_CtIBYg7jYwOPpq_kuiSDpQbiyY3LSXK-zjv56GBTBNEh3VBXLcDM9IADjDdamig__MXYCx3QcXf7c5Zr_sG9Ns-u5nbYm1_2jseHAEgyylkbqO8KdF3vV087OvOJeQMnda7_p0f03KpErd3oTijIv-n4QBa40bnyy9um2CfnUPF-Lm9xIA6lGjstzqdOQtWGBFUwSS2BNEX6Jz9j1sfU2h1b2y5b79ne0fR7RcSp4gr31ZxJl1XdkphcseDgQoKmTHoQedP1YDU_3kBjAl67NgG-FDhXEgR2Mi4w,1852,3707,N/A
2026-07-29 9:03:25,1k.jay1een,#fyp #universalstudios #viral #relateable #foryoupage,https://www.tiktok.com/@1k.jay1een/video/7645440067481144589?is_from_webapp=1&sender_device=pc,"#fyp, #universalstudios, #viral, #relateable, #foryoupage",1.6M,476,25.9K,FALSE,2,Clean,N/A,insta: 1k.jay1een,https://www.tiktok.com/link/v2?aid=1988&lang=en&scene=bio_url&target=https%3A%2F%2Fyoutube.com%2F%401k.jay1een%3Fsi%3DtYsMZq5QbFPlzNMk,16.6K,4.7M,N/A
2026-07-29 9:03:44,rosesoares3002,#🤭🤭🤭🤭🤭🤭🤭🤭🤭🤭 #😂😂😂😂😂😂😂😂😂😂😂😂😂😂😂 #humorviraltiktok,https://www.tiktok.com/@rosesoares3002/video/7653899603749637396?is_from_webapp=1&sender_device=pc,"#🤭🤭🤭🤭🤭🤭🤭🤭🤭🤭, #😂😂😂😂😂😂😂😂😂😂😂😂😂😂😂, #humorviraltiktok",16.4K,627,6915,FALSE,2,Clean,N/A,"mãe do Pedro e Murilo 🩵
formada Ass.social
conteúdo de valor ✌️🫶",https://www.tiktok.com/link/v2?aid=1988&lang=en&scene=bio_url&target=https%3A%2F%2Fwww.instagram.com%2Frosyfabyano%3Figsh%3DMXA1d29lMzBsb3huaA%3D%3D,27.4K,502.8K,N/A
2026-07-29 9:04:04,korea_travel_esim,Activate Your LG U+ eSIM Today for Unlimited 5G Access,https://www.tiktok.com/@korea_travel_esim/video/7667452317037284629?is_from_webapp=1&sender_device=pc,N/A,0,0,Share,TRUE,5,Suspicious,N/A,"koreasim.lguplus.com
Look for Korea eSIM",https://www.lguplus.com/korea-sim/eng/pc/product/esim?tab=data&utm_source=tiktok&utm_medium=paid&utm_campaign=conversion&utm_id=1869584428437874&utm_content=Land_Connected&ttclid=E_C_P_CtMBm8WQ0UTEOzJNblVk-JkuazsRsnuzvIAGtgHxufhqzfZz1WWkZiqjuJJWMfaXBPp9hOehc53uA7zLjUYNheHBfh4z2JTepKM7rVmMcZ0cxYEUNv69zqIHouZDLZgc7rEtbMOFoq20INubyKsEzpk5nCIHYTUaXYjxQ1upQNtPL_kvQ5dpQKux8MObv0N0OZ9lZ6Np893tx6kKHCYBTpkyenxJ840Y4ZPGDfDLJRtpR6XfOsidxO_SQ1nQIh05KL4FvKuCl9sfdyIxi1P4qCigfRQQoxIEdjIuMA,7,46,N/A
2026-07-29 9:04:23,citizenwatch,You love the 🔊 of a great bezel click but how do you actually use them? We got you. ​ #CitizenEcoDrive50 ​ #watchcollector #divewatch #fitcheck CITIZEN® ECO-DRIVE® PROMASTER®,https://www.tiktok.com/@citizenwatch/video/7653495601904094478?is_from_webapp=1&sender_device=pc,"#CitizenEcoDrive50, #watchcollector, #divewatch",5305,79,129,FALSE,7,Probable Scam,"Keyword: 'watch', Keyword: 'click', Hashtag: '#watch'",Celebrating 50 Years of Eco-Drive Innovation for all Citizens. #CitizenEcoDrive50,https://www.tiktok.com/link/v2?aid=1988&lang=en&scene=bio_url&target=https%3A%2F%2Flikeshop.me%2Ft%2Fcitizenwatch,145.7K,1.5M,N/A
2026-07-29 9:06:23,milania0677,#fyp #embarrassing,https://www.tiktok.com/@milania0677/video/7653755255091367181?is_from_webapp=1&sender_device=pc,"#CitizenEcoDrive50, #watchcollector, #divewatch, #fitcheck, #fyp, #embarrassing",7.1M,28.8K,1.1M,FALSE,1,Low Risk,Hashtag: '#watch',"👻:millie.zo
📸: mills.qqx",,26.6K,12.2M,N/A
2026-07-29 9:06:43,coderhouse,La IA ya no es una ventaja. Es un requisito. ¡Inscríbete en Coderhouse y no te quedes atrás!,https://www.tiktok.com/@coderhouse/video/7660982056498760977?is_from_webapp=1&sender_device=pc,N/A,12,0,Share,TRUE,5,Suspicious,N/A,"Aprendé lo último antes que nadie 🚀
Certificados por Rappi, Ualá, Pedidos Ya, Tiendanube, Binance, Lemon y más :)",https://www.coderhouse.com/categorias/artificial-intelligence?area=Inteligencia%2BArtificial&utm_source=tiktok&utm_medium=cpc&utm_campaign=ARGEN_TIKTOK_GENERICO_VC&utm_id=ARGEN_TIKTOK_STANDARD_GENERICO&utm_term=ARGEN_TIKTOK_GENERICO_VC%7CGEN_VID_ALL_IA_UGC%2B-%2BMATEO%2BMARRONE%2B-%2BSPRINT%2B3&ttclid=E_C_P_CtMB1RUoOfz5xYVZr_tGvpZeH87hc5nh3MUQrty5bpjOUikG9CLxGiN2wSpcKX3qG4tCNI-ArU16o_2qI5ryGWHuqDpQ0ubXnop9abZZlf2bQC3GGGL26MbNX4rGRNtY_EZE1kR2AnDZdaCm_-gC3JSSko8XFISm7s0Zh4hS7ABXgwzL8gn-2BArzxo800oyoSBUQmmvxThGrdyrXZSofToemTLOAwIfvMzWChopPiKQJAbJuL_Q4ZR4IjwymclILfStFTPDoADawtsfrNBTGJBW-PPslhIEdjIuMA,281.6K,2.1M,N/A
2026-07-29 9:07:03,thereal.onii,,https://www.tiktok.com/@thereal.onii/video/7663915234360446241?is_from_webapp=1&sender_device=pc,N/A,41.8K,146,2100,FALSE,6,Clean,N/A,"DM FOR COLLAB
collab.therealoni@gmail.com
KICK: Therealonii",https://www.tiktok.com/link/v2?aid=1988&lang=en&scene=bio_url&target=https%3A%2F%2Flinktr.ee%2FThereal.oni,90.6K,5.9M,N/A
2026-07-29 9:09:11,bigmoewatches,What would you do if you find a Rolex submariner at sea? 🌊 Would you keep it or sell it? 🤔 #bigmoe #bigmoewatches #dubai #rolex #submariner,https://www.tiktok.com/@bigmoewatches/video/7640756305661136148?is_from_webapp=1&sender_device=pc,#bigmoe,2902,39,191,FALSE,12,Probable Scam,"Keyword: 'rolex', Keyword: 'watch'","Dubai Luxury Watches
Authentic, Unworn, Same-Day Delivery
WhatsApp to inquire",https://www.tiktok.com/link/v2?aid=1988&lang=en&scene=bio_url&target=bigmoewatches.com,75.8K,2.1M,N/A
2026-07-29 9:11:12,sawduo2863,"#capcut #capcutpioneer 💐¡Bienvenido agosto con este video viral! Gratis y muy fácil 😘 Te explico. Ya casi es Agosto . Y adivinen que...! 🌟 Tutorial del mismo video de ramos románticos ""Ya casi es agosto""📸🫧 Tutorial para crear el video de ambiente tan popular ""Ya casi llega agosto"" 💋Tutorial completo y detallado para el video viral de bienvenida a agosto. Plantilla de agosto. Plantilla de agosto para CapCut. Plantilla de ""Hola agosto"" para CapCut. Plantilla gratuita de agosto. Plantilla de agosto. 💫Plantilla de agosto para CapCut. Plantilla de ""Hola agosto"" para CapCut. Plantilla gratuita de agosto🔥 #agosto #holaagosto",https://www.tiktok.com/@sawduo2863/video/7667648488485719303?is_from_webapp=1&sender_device=pc,"#bigmoe, #bigmoewatches, #dubai, #rolex, #submariner, #capcut, #capcutpioneer",4821,46,4101,FALSE,0,Clean,N/A,No bio yet.,,239.8K,963.9K,N/A
2026-07-29 9:11:32,softwarewithnick,"Grok 4.5 vs Opus 4.8 🤔 Want to try it out yourself with 50% off a cursor pro plan? All you need to do is check the link in my bio ✅ Grok 4.5 is supposed to be a fast AND powerful model, but how does it stack up against other front-runners? Having a fast/cheap model is one thing, but @Cursor newest model gives you the best of both worlds by not only working fast and cheap, but also producing high quality work! #cursor #cursorpartner #tech #coding #ai",,"#agosto, #holaagosto",52.6K,,,TRUE,10,Almost Certainly a Scam,"Keyword: 'quality', Keyword: 'quality', Keyword: 'link'","Data Scientist 📊
Software Developer 💻
Learn analytics in 90d or money back 👇",https://cursor.com/grok-4-5?utm_source=tiktok_paid&utm_medium=paid&utm_campaign=%5BPurchase%5D_Prospecting_Evergreen_Max-Conversions%20-%20%5BCore%20T1%5D%20-%20%5BGrok%204.5%5D&utm_content=Grok%204.5%20vs%20Opus%204.8%20%F0%9F%A4%94%20Want%20to%20try%20it%20out%20yourself%20with%2050%25%20off%20a%20cursor%20pro%20plan%3F%20All%20you%20need%20to%20do%20is%20check%20the%20link%20in%20my%20bio%20%E2%9C%85%20Grok%204.5%20is%20supposed%20to%20be%20a%20fast%20AND%20powerful%20model%2C%20but%20how%20does%20it%20stack%20up%20against%20other%20front-runners%3F%20Having%20a%20fast%2Fcheap%20model%20is%20one%20thing%2C%20but%20%40Cursor%20newest%20model%20gives%20you%20the%20best%20of%20both%20worlds%20by%20not%20only%20working%20fast%20and%20cheap%2C%20but%20also%20producing%20high%20quality%20work%21%20%23cursor%20%23cursorpartner%20%23tech%20%23coding%20%23ai_%5B258%5D%20-%20UGC%20-%20Partnership%20-%20Nick%20Amato%20-%20Opus%204.8%20vs%20Gro&cc_adgroupid=1871265180558802&cc_adid=1871265206280338&utm_id=1871265131709585&cc_term=Purchase_Prospecting_Competitors_US%7CCA%7CUK&ttclid=E_C_P_CtQB-SFF2vohIJHK8eR3vx-Z5oDjPeFffNpLIlrR88kaNj6IDOU7XXjOcTV1rhr4KCDnY6vxNX_wuHFcS3uvjctchwQL9wof1wZLEjm459YV2dOt-0eYQmtLXr1rNQqE_ASkPBjN_TVRXFodjw6zWSLGK8IwOjpdMPW5GRHO1wMxweBeFoOUtRgGE_qx3kPcj8YzmcK3D7981ftiOHKTjIJHH7xDE-mM5iGbFtq33DhZcplvpKF8UgUxrli0ob1XcVaohFbjgWD-xHSSCL4SQo3wDw4jMLISBHYyLjA,42K,784K,N/A
2026-07-29 9:13:32,zhanellyzhan,She has them bedroom eyes down #dating #london #londonnightlife #nightout,https://www.tiktok.com/@zhanellyzhan/video/7635739345353297174?is_from_webapp=1&sender_device=pc,"#cursor, #cursorpartner, #tech, #coding, #ai, #dating, #london, #londonnightlife, #nightout",650.7K,628,36.7K,FALSE,0,Clean,N/A,"Virgo, professional over sharer, yapper, dancer etc",,1819,699.4K,N/A
2026-07-29 9:13:52,cairos.stone,Meaning of 11:11 in love from the universe ☺️💕💕 #crystaltok #healingcrystals #crystalbracelet #gemstone #cairosstone,https://www.tiktok.com/@cairos.stone/video/7642554910470360328?is_from_webapp=1&sender_device=pc,"#crystaltok, #healingcrystals, #crystalbracelet, #gemstone, #cairosstone",2007,1262,325,FALSE,6,Suspicious,Keyword: '1:1',"Claim with positive energy 💕
🛍️shop here 👇🏻👇🏻
www.cairosstone.com",https://www.tiktok.com/link/v2?aid=1988&lang=en&scene=bio_url&target=www.cairosstone.com,1551,35.4K,N/A
2026-07-29 9:15:53,doingthedamage,DJ? Apply For Access To Exclusive Edits,https://www.tiktok.com/@doingthedamage/video/7647525982198402326?is_from_webapp=1&sender_device=pc,N/A,2275,20,22,TRUE,2,Clean,N/A,"The Best DJ Pool for Exclusive Edits & Promos
🔒 Exclusive Tracks for DJs ONLY 🔒",https://doingthedamage.com/?utm_source=tiktok&utm_medium=paid&utm_id=1862110797936674&utm_campaign=Copy%201%20of%20Lead%20generation%20NEW&ttclid=E_C_P_CtIB5acM0Fd8Kps2lZloPcK_gybJ7_YEYBDtUEoX1G8ZVE02pOzS_y0xCrRRiV8A5CdDKLqcTsVkMtIMVQYUSHdHlA8gtrqis0vHy3PSnCQ5n4jnkDC9CI8EDL77-Vk1Yd-4P3vYFy525ESMIbZw4DOKC9rHyfTsXFnMAA5hC0hLYY_LM7nSJFAFWCPFJR2p9cmJg2M72w8JhfMI2tqHn2t4D4N9bpSjclxTKER9_S3JynOlTXHUYuJHIgps_ZYpz5-rdXq7RjWO260E1azkJGN7ycIoEgR2Mi4w,1580,9261,N/A
2026-07-29 9:16:13,thewatchkingnyc,ALL THE WAY FROM ETHIOPIA ❤️❤️ #watch #watchcollector #jewelry #watchmania #viral,https://www.tiktok.com/@thewatchkingnyc/video/7642827032681827597?is_from_webapp=1&sender_device=pc,"#watch, #watchcollector, #jewelry, #watchmania, #viral",13.6K,25,125,FALSE,7,Suspicious,"Keyword: 'watch', Hashtag: '#watch'","Day in the life of a watch wholesaler
📍 13 W 47th Street New York, NY
10036",https://www.tiktok.com/link/v2?aid=1988&lang=en&scene=bio_url&target=https%3A%2F%2Fwww.tiktok.com%2F%40thewatchkingnyc_2.0%3F_t%3D8ph0GpgBsE6%26_r%3D1,712.2K,21.3M,N/A
2026-07-29 9:18:13,lorihirshleifer,New addition to the stack ✨✨✨ @Graff #unboxing #jewelrytiktok #graff #braceletstack,https://www.tiktok.com/@lorihirshleifer/video/7660540374670232845?is_from_webapp=1&sender_device=pc,"#unboxing, #jewelrytiktok, #graff, #braceletstack",2907,38,56,FALSE,1,Low Risk,Hashtag: '#unboxing',No bio yet.,,177.8K,4.1M,N/A
2026-07-29 9:18:33,virgin_hotels,A more intentional type of summer getaway.,https://www.tiktok.com/@virgin_hotels/video/7649418742941666573?is_from_webapp=1&sender_device=pc,N/A,1479,2,12,TRUE,3,Low Risk,N/A,Hip hotel seeks guest for long-term relationship. #VirginHotels 🦄,https://virginhotels.com/summer/?utm_source=tiktok&utm_id=1867470604044577&utm_campaign=cq%3Acorporate-evergreen_ch%3Atiktok_ct%3Apurchases_ob%3Aprospecting_ho%3Acorporate_ro%3Arooms_c1%3A_da%3A06.08.2026_jump&utm_medium=cpc&utm_content=aq%3Acorporate-evergreen_ob%3Aprospecting_tt%3Asmart%2B_dt%3Abroad_cb%3Aevergreen_c1%3Ax_da%3A06.08.2026_jump&ttclid=E_C_P_CtMB-v-myX0CY3h9XuzyLJuRQmJ8xtUNKCRv85Uj_pLLbVw88U3btckpCsxuthTwdhiRh_sLdJK7gM697KDesp_RGe5yp81COwZT-2j4OmH7DKK5uryh6xchfSjxxaY8j0PY9zDbQGvQWuBCDKSIFQv3EtFG07UQF7-ylCQeLDsXT4YqIyzRfYt2-mMf2HiprXjQfTvYcPqW1E8kjyMOoXZUWX7cldae8XHRGlWYDFOMs-pi9pSnsDC52sND7YF4dQhe7gDz-_g1irYZVvk_utMoFYOUyRIEdjIuMA,1960,6078,N/A
2026-07-29 9:18:53,watcheswithluke,I hope that someone who somehow makes it through this video appreciates it cause this took me a while #investigation #watches #valusis #valusiswatch #watchesoftiktok,https://www.tiktok.com/@watcheswithluke/video/7665140802095549727?is_from_webapp=1&sender_device=pc,"#investigation, #watches, #valusis, #valusiswatch",4643,260,236,FALSE,6,Probable Scam,"Keyword: 'watch', Hashtag: '#watch', Hashtag: '#watches'","Hublot design specialist, Richard Mille price assessor, and Royal Pop authenticator. I spend too much time doomscrolling watches
📧 watcheswithluke@gmail.com",,1038,7930,N/A
2026-07-29 9:20:53,thewatchkingnyc,NOT AS EASY AS IT LOOKS 👀👀 #watch #watchcollector #jewelry #watchmania #viral,https://www.tiktok.com/@thewatchkingnyc/video/7645784196199320846?is_from_webapp=1&sender_device=pc,"#investigation, #watches, #valusis, #valusiswatch, #watchesoftiktok, #watch, #watchcollector, #jewelry, #watchmania, #viral",8853,43,72,FALSE,8,Probable Scam,"Keyword: 'watch', Hashtag: '#watch', Hashtag: '#watches'","Day in the life of a watch wholesaler
📍 13 W 47th Street New York, NY
10036",https://www.tiktok.com/link/v2?aid=1988&lang=en&scene=bio_url&target=https%3A%2F%2Fwww.tiktok.com%2F%40thewatchkingnyc_2.0%3F_t%3D8ph0GpgBsE6%26_r%3D1,712.2K,21.3M,N/A
2026-07-29 9:22:53,cairos.stone,11:11 make a wish it works !!!💁 #crystaltok #healingcrystals #crystalbracelet #gemstone #cairosstone,https://www.tiktok.com/@cairos.stone/video/7636437835939056914?is_from_webapp=1&sender_device=pc,"#crystaltok, #healingcrystals, #crystalbracelet, #gemstone, #cairosstone",2593,1654,503,FALSE,6,Suspicious,Keyword: '1:1',"Claim with positive energy 💕
🛍️shop here 👇🏻👇🏻
www.cairosstone.com",https://www.tiktok.com/link/v2?aid=1988&lang=en&scene=bio_url&target=www.cairosstone.com,1551,35.4K,N/A
2026-07-29 9:24:53,jenna.n.p,she’s all grown up 🥲 @kaeliwho2.0 #21 #birthday #sharkeys,https://www.tiktok.com/@jenna.n.p/video/7635353273167285534?is_from_webapp=1&sender_device=pc,"#21, #birthday, #sharkeys",107.5K,26,523,FALSE,0,Clean,N/A,"welcome to the show 💫🪩🎱
vt
ig: @ jenna.n.p",,705,123.2K,N/A
2026-07-29 9:25:15,user167221309,,https://www.tiktok.com/@user167221309/video/7666866819164032270?is_from_webapp=1&sender_device=pc,N/A,31.2K,361,42.9K,FALSE,0,Clean,N/A,No bio yet.,,2442,78.8K,N/A
2026-07-29 9:40:45,nanacrystal66,🔮11:11 #crystalhealing #crystal #fypageシ #fypage #crystalpalace,https://www.tiktok.com/@nanacrystal66/video/7660171782380391700?is_from_webapp=1&sender_device=pc,"#crystalhealing, #crystal, #fypageシ, #fypage, #crystalpalace",891,520,145,FALSE,5,Suspicious,"Keyword: '1:1', Phone number in bio","可塘源頭批發市場|中高端天然水晶
美學設計師|支持新馬台出貨|新幣報價
五行生肖專屬訂製:@NANA水晶定製Crystal
購買先➕賴:nana080777
WA:13923592341",,730,27.2K,N/A
2026-07-29 9:41:07,thewatchkingnyc,PLEASE LISTEN 👂 👂 #watch #watchcollector #jewelry #watchmania #viral,https://www.tiktok.com/@thewatchkingnyc/video/7657661778922376462?is_from_webapp=1&sender_device=pc,"#watch, #watchcollector, #jewelry, #watchmania, #viral",5000,18,42,FALSE,7,Suspicious,"Keyword: 'watch', Hashtag: '#watch'","Day in the life of a watch wholesaler
📍 13 W 47th Street New York, NY
10036",https://www.tiktok.com/link/v2?aid=1988&lang=en&scene=bio_url&target=https%3A%2F%2Fwww.tiktok.com%2F%40thewatchkingnyc_2.0%3F_t%3D8ph0GpgBsE6%26_r%3D1,712.2K,21.3M,N/A
2026-07-29 9:43:16,thewatchkingnyc,MY FAVORITE CHARACTER 😎😎 #watch #watchcollector #jewelry #watchmania #viral,https://www.tiktok.com/@thewatchkingnyc/video/7655432005538057485?is_from_webapp=1&sender_device=pc,"#watch, #watchcollector, #jewelry, #watchmania, #viral",6822,31,44,FALSE,7,Suspicious,"Keyword: 'watch', Hashtag: '#watch'","Day in the life of a watch wholesaler
📍 13 W 47th Street New York, NY
10036",https://www.tiktok.com/link/v2?aid=1988&lang=en&scene=bio_url&target=https%3A%2F%2Fwww.tiktok.com%2F%40thewatchkingnyc_2.0%3F_t%3D8ph0GpgBsE6%26_r%3D1,712.2K,21.3M,N/A
2026-07-29 9:45:17,laicaicrystal,11:11 make a wish with energy crystal bracelet! It works! #crystals #manifestation #crystaltok🔮 #affirmations #manifest,https://www.tiktok.com/@laicaicrystal/video/7654593549492686093?is_from_webapp=1&sender_device=pc,"#crystals, #manifestation, #crystaltok🔮, #affirmations, #manifest",707,549,153,FALSE,5,Suspicious,Keyword: '1:1',I love crystals,https://www.tiktok.com/link/v2?aid=1988&lang=en&scene=bio_url&target=https%3A%2F%2Flaicaicrystal.com,2003,84.5K,N/A
2026-07-29 9:45:37,lunalavish,"80% off, sale ends at midnight",https://www.tiktok.com/@lunalavish/video/7667741256763690260?is_from_webapp=1&sender_device=pc,N/A,21,,Share,TRUE,3,Suspicious,N/A,No bio yet.,https://lunalavish.co/products/fashion-vintage-sunglasses-for-women-rimless-frameless-rectangle-shades-gradient-uv400-summer-traveling-sun-glasses-for-womenn?ttclid=E_C_P_CtMB-njm78A5aETePQT9q4QQ_8Zo1WvtnJJ77Br_NJtZ7SOkKqtrvxkl4gTIZ302S_iiaiQTQM9_QZGsJ8GAzxWxYZGfP2nmgVUoBIgsRyjkAbSAw0neMAmoxF4zKRstb7GlEMHpjVvds5qmSVquc4J71SnaJEiwUZ91TaK0_BwN4cr3JhBEFywSSfJe1KtCCk2za93nhcrGjYcdET20oThA4-8dV082eVJTY0P2FK6NO1H2eCwpcF3k7LEnzjT_u6nfC2_zfseAkRG6kptRqzX_BDMBJxIEdjIuMA,34,1913,N/A